InvoiceNo,StockCode,Description,Quantity,InvoiceDate,UnitPrice,CustomerID,Country,OriginalDescription,MissingCustomerID,MissingDescription,IsCancelled,IsReturn,IsFreeItem,TotalPrice,Year,Month,MonthYear,YearQuarter,Hour,Minute,Time,TimeOfDay
536414,22139,RETROSPOT TEA SET CERAMIC 11 PC ,56,2010-12-01 11:52:00,0.0,,United Kingdom,,True,False,False,False,True,0.0,2010,12,2010-12,2010Q4,11,52,11:52:00,Morning
536545,21134,,1,2010-12-01 14:32:00,0.0,,United Kingdom,,True,True,False,False,True,0.0,2010,12,2010-12,2010Q4,14,32,14:32:00,Afternoon
536546,22145,,1,2010-12-01 14:33:00,0.0,,United Kingdom,,True,True,False,False,True,0.0,2010,12,2010-12,2010Q4,14,33,14:33:00,Afternoon
536547,37509,NEW ENGLAND MUG W GIFT BOX,1,2010-12-01 14:33:00,0.0,,United Kingdom,,True,False,False,False,True,0.0,2010,12,2010-12,2010Q4,14,33,14:33:00,Afternoon
536549,85226A,,1,2010-12-01 14:34:00,0.0,,United Kingdom,,True,True,False,False,True,0.0,2010,12,2010-12,2010Q4,14,34,14:34:00,Afternoon
536550,85044,,1,2010-12-01 14:34:00,0.0,,United Kingdom,,True,True,False,False,True,0.0,2010,12,2010-12,2010Q4,14,34,14:34:00,Afternoon
536552,20950,,1,2010-12-01 14:34:00,0.0,,United Kingdom,,True,True,False,False,True,0.0,2010,12,2010-12,2010Q4,14,34,14:34:00,Afternoon
536553,37461,,3,2010-12-01 14:35:00,0.0,,United Kingdom,,True,True,False,False,True,0.0,2010,12,2010-12,2010Q4,14,35,14:35:00,Afternoon
536554,84670,,23,2010-12-01 14:35:00,0.0,,United Kingdom,,True,True,False,False,True,0.0,2010,12,2010-12,2010Q4,14,35,14:35:00,Afternoon
536589,21777,RECIPE BOX WITH METAL HEART,-10,2010-12-01 16:50:00,0.0,,United Kingdom,,True,False,False,True,True,-0.0,2010,12,2010-12,2010Q4,16,50,16:50:00,Afternoon
536764,84952C,MIRROR LOVE BIRD T-LIGHT HOLDER,-38,2010-12-02 14:42:00,0.0,,United Kingdom,,True,False,False,True,True,-0.0,2010,12,2010-12,2010Q4,14,42,14:42:00,Afternoon
536765,84952C,MIRROR LOVE BIRD T-LIGHT HOLDER,19,2010-12-02 14:43:00,0.0,,United Kingdom,,True,False,False,False,True,0.0,2010,12,2010-12,2010Q4,14,43,14:43:00,Afternoon
536941,22734,SET OF 6 RIBBONS VINTAGE CHRISTMAS,20,2010-12-03 12:08:00,0.0,,United Kingdom,amazon,True,False,False,False,True,0.0,2010,12,2010-12,2010Q4,12,8,12:08:00,Morning
536942,22139,RETROSPOT TEA SET CERAMIC 11 PC ,15,2010-12-03 12:08:00,0.0,,United Kingdom,amazon,True,False,False,False,True,0.0,2010,12,2010-12,2010Q4,12,8,12:08:00,Morning
536995,35951,,57,2010-12-03 15:29:00,0.0,,United Kingdom,,True,True,False,False,True,0.0,2010,12,2010-12,2010Q4,15,29,15:29:00,Afternoon
536996,22712,CARD DOLLY GIRL ,-20,2010-12-03 15:30:00,0.0,,United Kingdom,,True,False,False,True,True,-0.0,2010,12,2010-12,2010Q4,15,30,15:30:00,Afternoon
536997,22028,PENNY FARTHING BIRTHDAY CARD,-20,2010-12-03 15:30:00,0.0,,United Kingdom,,True,False,False,True,True,-0.0,2010,12,2010-12,2010Q4,15,30,15:30:00,Afternoon
536998,85067,CREAM SWEETHEART WALL CABINET,-6,2010-12-03 15:30:00,0.0,,United Kingdom,,True,False,False,True,True,-0.0,2010,12,2010-12,2010Q4,15,30,15:30:00,Afternoon
536999,21421,PORCELAIN ROSE LARGE ,110,2010-12-03 15:32:00,0.0,,United Kingdom,,True,False,False,False,True,0.0,2010,12,2010-12,2010Q4,15,32,15:32:00,Afternoon
537000,21414,,-22,2010-12-03 15:32:00,0.0,,United Kingdom,,True,True,False,True,True,-0.0,2010,12,2010-12,2010Q4,15,32,15:32:00,Afternoon
537001,21653,,-6,2010-12-03 15:33:00,0.0,,United Kingdom,,True,True,False,True,True,-0.0,2010,12,2010-12,2010Q4,15,33,15:33:00,Afternoon
537002,21651,HANGING GLASS ETCHED TEALIGHT,70,2010-12-03 15:33:00,0.0,,United Kingdom,,True,False,False,False,True,0.0,2010,12,2010-12,2010Q4,15,33,15:33:00,Afternoon
537003,85126,LARGE ROUND CUTGLASS CANDLESTICK,-2,2010-12-03 15:33:00,0.0,,United Kingdom,,True,False,False,True,True,-0.0,2010,12,2010-12,2010Q4,15,33,15:33:00,Afternoon
537004,21814,HEART T-LIGHT HOLDER ,-30,2010-12-03 15:34:00,0.0,,United Kingdom,,True,False,False,True,True,-0.0,2010,12,2010-12,2010Q4,15,34,15:34:00,Afternoon
537005,21692,SILVER LATTICE VANILLA CANDLE POT,-70,2010-12-03 15:35:00,0.0,,United Kingdom,,True,False,False,True,True,-0.0,2010,12,2010-12,2010Q4,15,35,15:35:00,Afternoon
537006,21648,ASSORTED TUTTI FRUTTI SMALL PURSE,-130,2010-12-03 15:36:00,0.0,,United Kingdom,,True,False,False,True,True,-0.0,2010,12,2010-12,2010Q4,15,36,15:36:00,Afternoon
537007,21172,PARTY METAL SIGN ,-80,2010-12-03 15:36:00,0.0,,United Kingdom,,True,False,False,True,True,-0.0,2010,12,2010-12,2010Q4,15,36,15:36:00,Afternoon
537008,21161,KEEP OUT BOYS DOOR HANGER ,-120,2010-12-03 15:37:00,0.0,,United Kingdom,,True,False,False,True,True,-0.0,2010,12,2010-12,2010Q4,15,37,15:37:00,Afternoon
537009,84534B,FAIRY CAKE NOTEBOOK A5 SIZE,-80,2010-12-03 15:38:00,0.0,,United Kingdom,,True,False,False,True,True,-0.0,2010,12,2010-12,2010Q4,15,38,15:38:00,Afternoon
537010,22162,HEART GARLAND RUSTIC PADDED,-40,2010-12-03 15:38:00,0.0,,United Kingdom,,True,False,False,True,True,-0.0,2010,12,2010-12,2010Q4,15,38,15:38:00,Afternoon
537011,22139,RETROSPOT TEA SET CERAMIC 11 PC ,-5,2010-12-03 15:38:00,0.0,,United Kingdom,,True,False,False,True,True,-0.0,2010,12,2010-12,2010Q4,15,38,15:38:00,Afternoon
537012,21535,RED RETROSPOT SMALL MILK JUG,-12,2010-12-03 15:39:00,0.0,,United Kingdom,,True,False,False,True,True,-0.0,2010,12,2010-12,2010Q4,15,39,15:39:00,Afternoon
537013,35965,FOLKART HEART NAPKIN RINGS,-25,2010-12-03 15:40:00,0.0,,United Kingdom,,True,False,False,True,True,-0.0,2010,12,2010-12,2010Q4,15,40,15:40:00,Afternoon
537014,21040,MODERN VINTAGE COTTON SHOPPING BAG,-20,2010-12-03 15:40:00,0.0,,United Kingdom,,True,False,False,True,True,-0.0,2010,12,2010-12,2010Q4,15,40,15:40:00,Afternoon
537015,37464,,-14,2010-12-03 15:41:00,0.0,,United Kingdom,,True,True,False,True,True,-0.0,2010,12,2010-12,2010Q4,15,41,15:41:00,Afternoon
537016,21836,GINGHAM OVEN GLOVE RED HEART ,-15,2010-12-03 15:41:00,0.0,,United Kingdom,,True,False,False,True,True,-0.0,2010,12,2010-12,2010Q4,15,41,15:41:00,Afternoon
537017,47556B,TEA TIME TEA TOWELS ,-69,2010-12-03 15:41:00,0.0,,United Kingdom,,True,False,False,True,True,-0.0,2010,12,2010-12,2010Q4,15,41,15:41:00,Afternoon
537018,84562A,PINK/WHITE RIBBED MELAMINE JUG,-3,2010-12-03 15:42:00,0.0,,United Kingdom,,True,False,False,True,True,-0.0,2010,12,2010-12,2010Q4,15,42,15:42:00,Afternoon
537019,37474,,-15,2010-12-03 15:43:00,0.0,,United Kingdom,,True,True,False,True,True,-0.0,2010,12,2010-12,2010Q4,15,43,15:43:00,Afternoon
537020,21807,WHITE CHRISTMAS STAR DECORATION,-30,2010-12-03 15:43:00,0.0,,United Kingdom,,True,False,False,True,True,-0.0,2010,12,2010-12,2010Q4,15,43,15:43:00,Afternoon
537021,21011,GLITTER SNOW PEAR TREE DECORATION,-20,2010-12-03 15:43:00,0.0,,United Kingdom,,True,False,False,True,True,-0.0,2010,12,2010-12,2010Q4,15,43,15:43:00,Afternoon
537027,18098C,PORCELAIN BUTTERFLY OIL BURNER,-140,2010-12-03 16:36:00,0.0,,United Kingdom,,True,False,False,True,True,-0.0,2010,12,2010-12,2010Q4,16,36,16:36:00,Afternoon
537028,21696,SMALL SILVER TRELLIS CANDLEPOT,-320,2010-12-03 16:36:00,0.0,,United Kingdom,,True,False,False,True,True,-0.0,2010,12,2010-12,2010Q4,16,36,16:36:00,Afternoon
537029,37476,CONDIMENT TRAY 4 BOWLS AND 4 SPOONS,-6,2010-12-03 16:37:00,0.0,,United Kingdom,,True,False,False,True,True,-0.0,2010,12,2010-12,2010Q4,16,37,16:37:00,Afternoon
537032,21275,ZINC TOP  2 DOOR WOODEN SHELF ,-30,2010-12-03 16:50:00,0.0,,United Kingdom,?,True,False,False,True,True,-0.0,2010,12,2010-12,2010Q4,16,50,16:50:00,Afternoon
537197,22841,ROUND CAKE TIN VINTAGE GREEN,1,2010-12-05 14:02:00,0.0,12647,Germany,ROUND CAKE TIN VINTAGE GREEN,False,False,False,False,True,0.0,2010,12,2010-12,2010Q4,14,2,14:02:00,Afternoon
537361,21777,RECIPE BOX WITH METAL HEART,5,2010-12-06 12:34:00,0.0,,United Kingdom,,True,False,False,False,True,0.0,2010,12,2010-12,2010Q4,12,34,12:34:00,Morning
537363,84569B,PACK 3 FIRE ENGINE/CAR PATCHES,-20,2010-12-06 12:35:00,0.0,,United Kingdom,,True,False,False,True,True,-0.0,2010,12,2010-12,2010Q4,12,35,12:35:00,Morning
537364,21027,NINJA RABBIT PINK,-70,2010-12-06 12:36:00,0.0,,United Kingdom,,True,False,False,True,True,-0.0,2010,12,2010-12,2010Q4,12,36,12:36:00,Morning
537401,84898F,YELLOW FLOWERS FELT HANDBAG KIT,-24,2010-12-06 14:37:00,0.0,,United Kingdom,,True,False,False,True,True,-0.0,2010,12,2010-12,2010Q4,14,37,14:37:00,Afternoon
537425,84968F,SET OF 16 VINTAGE SKY BLUE CUTLERY,-20,2010-12-06 15:35:00,0.0,,United Kingdom,check,True,False,False,True,True,-0.0,2010,12,2010-12,2010Q4,15,35,15:35:00,Afternoon
537426,84968E,SET OF 16 VINTAGE BLACK CUTLERY,-35,2010-12-06 15:36:00,0.0,,United Kingdom,check,True,False,False,True,True,-0.0,2010,12,2010-12,2010Q4,15,36,15:36:00,Afternoon
537427,84968B,,-21,2010-12-06 15:37:00,0.0,,United Kingdom,,True,True,False,True,True,-0.0,2010,12,2010-12,2010Q4,15,37,15:37:00,Afternoon
537430,85215,ASSORTED CHEESE FRIDGE MAGNETS,120,2010-12-06 16:05:00,0.0,,United Kingdom,,True,False,False,False,True,0.0,2010,12,2010-12,2010Q4,16,5,16:05:00,Afternoon
537432,35833G,4 GOLD FLOCK CHRISTMAS BALLS,-43,2010-12-06 16:10:00,0.0,,United Kingdom,damages,True,False,False,True,True,-0.0,2010,12,2010-12,2010Q4,16,10,16:10:00,Afternoon
537436,84270,ASSTD DESIGN BUBBLE GUM RING,7,2010-12-06 17:00:00,0.0,,United Kingdom,,True,False,False,False,True,0.0,2010,12,2010-12,2010Q4,17,0,17:00:00,Afternoon
537437,90167,BEADED LOVE HEART JEWELLERY SET,10,2010-12-06 17:00:00,0.0,,United Kingdom,,True,False,False,False,True,0.0,2010,12,2010-12,2010Q4,17,0,17:00:00,Afternoon
537438,22959,WRAP CHRISTMAS VILLAGE,13,2010-12-06 17:00:00,0.0,,United Kingdom,,True,False,False,False,True,0.0,2010,12,2010-12,2010Q4,17,0,17:00:00,Afternoon
537439,37474,,1,2010-12-06 17:01:00,0.0,,United Kingdom,,True,True,False,False,True,0.0,2010,12,2010-12,2010Q4,17,1,17:01:00,Afternoon
537449,21054,NURSE'S BAG SOFT TOY,-30,2010-12-07 09:26:00,0.0,,United Kingdom,,True,False,False,True,True,-0.0,2010,12,2010-12,2010Q4,9,26,09:26:00,Morning
537450,20684,STRAWBERRY DREAM CHILDS UMBRELLA,-19,2010-12-07 09:26:00,0.0,,United Kingdom,,True,False,False,True,True,-0.0,2010,12,2010-12,2010Q4,9,26,09:26:00,Morning
537451,84881,BLUE WIRE SPIRAL CANDLE HOLDER,-11,2010-12-07 09:27:00,0.0,,United Kingdom,,True,False,False,True,True,-0.0,2010,12,2010-12,2010Q4,9,27,09:27:00,Morning
537452,20941,FROG CANDLE,-24,2010-12-07 09:28:00,0.0,,United Kingdom,,True,False,False,True,True,-0.0,2010,12,2010-12,2010Q4,9,28,09:28:00,Morning
537453,21248,DOOR HANGER  MUM + DADS ROOM,-18,2010-12-07 09:28:00,0.0,,United Kingdom,,True,False,False,True,True,-0.0,2010,12,2010-12,2010Q4,9,28,09:28:00,Morning
537454,21349,IVY HEART WREATH,-44,2010-12-07 09:30:00,0.0,,United Kingdom,,True,False,False,True,True,-0.0,2010,12,2010-12,2010Q4,9,30,09:30:00,Morning
537455,22155,STAR DECORATION RUSTIC,-70,2010-12-07 09:31:00,0.0,,United Kingdom,,True,False,False,True,True,-0.0,2010,12,2010-12,2010Q4,9,31,09:31:00,Morning
537466,21488,RED WHITE SCARF  HOT WATER BOTTLE,-50,2010-12-07 10:33:00,0.0,,United Kingdom,,True,False,False,True,True,-0.0,2010,12,2010-12,2010Q4,10,33,10:33:00,Morning
537534,85064,CREAM SWEETHEART LETTER RACK,1,2010-12-07 11:48:00,0.0,,United Kingdom,CREAM SWEETHEART LETTER RACK,True,False,False,False,True,0.0,2010,12,2010-12,2010Q4,11,48,11:48:00,Morning
537534,84832,ZINC WILLIE WINKIE  CANDLE STICK,1,2010-12-07 11:48:00,0.0,,United Kingdom,ZINC WILLIE WINKIE  CANDLE STICK,True,False,False,False,True,0.0,2010,12,2010-12,2010Q4,11,48,11:48:00,Morning
537534,84692,BOX OF 24 COCKTAIL PARASOLS,2,2010-12-07 11:48:00,0.0,,United Kingdom,BOX OF 24 COCKTAIL PARASOLS,True,False,False,False,True,0.0,2010,12,2010-12,2010Q4,11,48,11:48:00,Morning
537534,48184,DOORMAT ENGLISH ROSE ,3,2010-12-07 11:48:00,0.0,,United Kingdom,DOORMAT ENGLISH ROSE ,True,False,False,False,True,0.0,2010,12,2010-12,2010Q4,11,48,11:48:00,Morning
537534,48111,DOORMAT 3 SMILEY CATS,1,2010-12-07 11:48:00,0.0,,United Kingdom,DOORMAT 3 SMILEY CATS,True,False,False,False,True,0.0,2010,12,2010-12,2010Q4,11,48,11:48:00,Morning
537534,22697,GREEN REGENCY TEACUP AND SAUCER,1,2010-12-07 11:48:00,0.0,,United Kingdom,GREEN REGENCY TEACUP AND SAUCER,True,False,False,False,True,0.0,2010,12,2010-12,2010Q4,11,48,11:48:00,Morning
537534,22682,FRENCH BLUE METAL DOOR SIGN 7,1,2010-12-07 11:48:00,0.0,,United Kingdom,FRENCH BLUE METAL DOOR SIGN 7,True,False,False,False,True,0.0,2010,12,2010-12,2010Q4,11,48,11:48:00,Morning
537534,22680,FRENCH BLUE METAL DOOR SIGN 5,1,2010-12-07 11:48:00,0.0,,United Kingdom,FRENCH BLUE METAL DOOR SIGN 5,True,False,False,False,True,0.0,2010,12,2010-12,2010Q4,11,48,11:48:00,Morning
537534,22681,FRENCH BLUE METAL DOOR SIGN 6,2,2010-12-07 11:48:00,0.0,,United Kingdom,FRENCH BLUE METAL DOOR SIGN 6,True,False,False,False,True,0.0,2010,12,2010-12,2010Q4,11,48,11:48:00,Morning
537534,22679,FRENCH BLUE METAL DOOR SIGN 4,5,2010-12-07 11:48:00,0.0,,United Kingdom,FRENCH BLUE METAL DOOR SIGN 4,True,False,False,False,True,0.0,2010,12,2010-12,2010Q4,11,48,11:48:00,Morning
537534,22686,FRENCH BLUE METAL DOOR SIGN No,2,2010-12-07 11:48:00,0.0,,United Kingdom,FRENCH BLUE METAL DOOR SIGN No,True,False,False,False,True,0.0,2010,12,2010-12,2010Q4,11,48,11:48:00,Morning
537534,22683,FRENCH BLUE METAL DOOR SIGN 8,3,2010-12-07 11:48:00,0.0,,United Kingdom,FRENCH BLUE METAL DOOR SIGN 8,True,False,False,False,True,0.0,2010,12,2010-12,2010Q4,11,48,11:48:00,Morning
537534,22676,FRENCH BLUE METAL DOOR SIGN 1,3,2010-12-07 11:48:00,0.0,,United Kingdom,FRENCH BLUE METAL DOOR SIGN 1,True,False,False,False,True,0.0,2010,12,2010-12,2010Q4,11,48,11:48:00,Morning
537534,22625,RED KITCHEN SCALES,1,2010-12-07 11:48:00,0.0,,United Kingdom,RED KITCHEN SCALES,True,False,False,False,True,0.0,2010,12,2010-12,2010Q4,11,48,11:48:00,Morning
537534,22624,IVORY KITCHEN SCALES,3,2010-12-07 11:48:00,0.0,,United Kingdom,IVORY KITCHEN SCALES,True,False,False,False,True,0.0,2010,12,2010-12,2010Q4,11,48,11:48:00,Morning
537534,22619,SET OF 6 SOLDIER SKITTLES,1,2010-12-07 11:48:00,0.0,,United Kingdom,SET OF 6 SOLDIER SKITTLES,True,False,False,False,True,0.0,2010,12,2010-12,2010Q4,11,48,11:48:00,Morning
537534,22520,CHILDS GARDEN TROWEL BLUE ,1,2010-12-07 11:48:00,0.0,,United Kingdom,CHILDS GARDEN TROWEL BLUE ,True,False,False,False,True,0.0,2010,12,2010-12,2010Q4,11,48,11:48:00,Morning
537534,22524,CHILDRENS GARDEN GLOVES BLUE,3,2010-12-07 11:48:00,0.0,,United Kingdom,CHILDRENS GARDEN GLOVES BLUE,True,False,False,False,True,0.0,2010,12,2010-12,2010Q4,11,48,11:48:00,Morning
537534,22502,PICNIC BASKET WICKER SMALL,29,2010-12-07 11:48:00,0.0,,United Kingdom,PICNIC BASKET WICKER SMALL,True,False,False,False,True,0.0,2010,12,2010-12,2010Q4,11,48,11:48:00,Morning
537534,22501,PICNIC BASKET WICKER LARGE,2,2010-12-07 11:48:00,0.0,,United Kingdom,PICNIC BASKET WICKER LARGE,True,False,False,False,True,0.0,2010,12,2010-12,2010Q4,11,48,11:48:00,Morning
537534,22476,EMPIRE UNION JACK TV DINNER TRAY,1,2010-12-07 11:48:00,0.0,,United Kingdom,EMPIRE UNION JACK TV DINNER TRAY,True,False,False,False,True,0.0,2010,12,2010-12,2010Q4,11,48,11:48:00,Morning
537534,22473,TV DINNER TRAY VINTAGE PAISLEY,1,2010-12-07 11:48:00,0.0,,United Kingdom,TV DINNER TRAY VINTAGE PAISLEY,True,False,False,False,True,0.0,2010,12,2010-12,2010Q4,11,48,11:48:00,Morning
537534,22474,SPACEBOY TV DINNER TRAY,1,2010-12-07 11:48:00,0.0,,United Kingdom,SPACEBOY TV DINNER TRAY,True,False,False,False,True,0.0,2010,12,2010-12,2010Q4,11,48,11:48:00,Morning
537534,22472,TV DINNER TRAY DOLLY GIRL,1,2010-12-07 11:48:00,0.0,,United Kingdom,TV DINNER TRAY DOLLY GIRL,True,False,False,False,True,0.0,2010,12,2010-12,2010Q4,11,48,11:48:00,Morning
537534,22514,CHILDS GARDEN SPADE BLUE,1,2010-12-07 11:48:00,0.0,,United Kingdom,CHILDS GARDEN SPADE BLUE,True,False,False,False,True,0.0,2010,12,2010-12,2010Q4,11,48,11:48:00,Morning
537534,22516,CHILDS GARDEN RAKE BLUE,1,2010-12-07 11:48:00,0.0,,United Kingdom,CHILDS GARDEN RAKE BLUE,True,False,False,False,True,0.0,2010,12,2010-12,2010Q4,11,48,11:48:00,Morning
537534,22432,WATERING CAN PINK BUNNY,1,2010-12-07 11:48:00,0.0,,United Kingdom,WATERING CAN PINK BUNNY,True,False,False,False,True,0.0,2010,12,2010-12,2010Q4,11,48,11:48:00,Morning
537534,22428,ENAMEL FIRE BUCKET CREAM,3,2010-12-07 11:48:00,0.0,,United Kingdom,ENAMEL FIRE BUCKET CREAM,True,False,False,False,True,0.0,2010,12,2010-12,2010Q4,11,48,11:48:00,Morning
537534,22427,ENAMEL FLOWER JUG CREAM,1,2010-12-07 11:48:00,0.0,,United Kingdom,ENAMEL FLOWER JUG CREAM,True,False,False,False,True,0.0,2010,12,2010-12,2010Q4,11,48,11:48:00,Morning
537534,22376,AIRLINE BAG VINTAGE JET SET WHITE,1,2010-12-07 11:48:00,0.0,,United Kingdom,AIRLINE BAG VINTAGE JET SET WHITE,True,False,False,False,True,0.0,2010,12,2010-12,2010Q4,11,48,11:48:00,Morning
537534,22375,AIRLINE BAG VINTAGE JET SET BROWN,1,2010-12-07 11:48:00,0.0,,United Kingdom,AIRLINE BAG VINTAGE JET SET BROWN,True,False,False,False,True,0.0,2010,12,2010-12,2010Q4,11,48,11:48:00,Morning
537534,22372,AIRLINE BAG VINTAGE WORLD CHAMPION ,1,2010-12-07 11:48:00,0.0,,United Kingdom,AIRLINE BAG VINTAGE WORLD CHAMPION ,True,False,False,False,True,0.0,2010,12,2010-12,2010Q4,11,48,11:48:00,Morning
537534,22371,AIRLINE BAG VINTAGE TOKYO 78,5,2010-12-07 11:48:00,0.0,,United Kingdom,AIRLINE BAG VINTAGE TOKYO 78,True,False,False,False,True,0.0,2010,12,2010-12,2010Q4,11,48,11:48:00,Morning
537534,22620,4 TRADITIONAL SPINNING TOPS,1,2010-12-07 11:48:00,0.0,,United Kingdom,4 TRADITIONAL SPINNING TOPS,True,False,False,False,True,0.0,2010,12,2010-12,2010Q4,11,48,11:48:00,Morning
537534,22624,IVORY KITCHEN SCALES,1,2010-12-07 11:48:00,0.0,,United Kingdom,IVORY KITCHEN SCALES,True,False,False,False,True,0.0,2010,12,2010-12,2010Q4,11,48,11:48:00,Morning
537534,22109,FULL ENGLISH BREAKFAST PLATE,1,2010-12-07 11:48:00,0.0,,United Kingdom,FULL ENGLISH BREAKFAST PLATE,True,False,False,False,True,0.0,2010,12,2010-12,2010Q4,11,48,11:48:00,Morning
537534,22367,CHILDRENS APRON SPACEBOY DESIGN,1,2010-12-07 11:48:00,0.0,,United Kingdom,CHILDRENS APRON SPACEBOY DESIGN,True,False,False,False,True,0.0,2010,12,2010-12,2010Q4,11,48,11:48:00,Morning
537534,22366,DOORMAT AIRMAIL ,1,2010-12-07 11:48:00,0.0,,United Kingdom,DOORMAT AIRMAIL ,True,False,False,False,True,0.0,2010,12,2010-12,2010Q4,11,48,11:48:00,Morning
537534,22364,GLASS JAR DIGESTIVE BISCUITS,1,2010-12-07 11:48:00,0.0,,United Kingdom,GLASS JAR DIGESTIVE BISCUITS,True,False,False,False,True,0.0,2010,12,2010-12,2010Q4,11,48,11:48:00,Morning
537534,22362,GLASS JAR PEACOCK BATH SALTS,3,2010-12-07 11:48:00,0.0,,United Kingdom,GLASS JAR PEACOCK BATH SALTS,True,False,False,False,True,0.0,2010,12,2010-12,2010Q4,11,48,11:48:00,Morning
537534,22360,GLASS JAR ENGLISH CONFECTIONERY,1,2010-12-07 11:48:00,0.0,,United Kingdom,GLASS JAR ENGLISH CONFECTIONERY,True,False,False,False,True,0.0,2010,12,2010-12,2010Q4,11,48,11:48:00,Morning
537534,22361,GLASS JAR DAISY FRESH COTTON WOOL,2,2010-12-07 11:48:00,0.0,,United Kingdom,GLASS JAR DAISY FRESH COTTON WOOL,True,False,False,False,True,0.0,2010,12,2010-12,2010Q4,11,48,11:48:00,Morning
537534,22359,GLASS JAR KINGS CHOICE,1,2010-12-07 11:48:00,0.0,,United Kingdom,GLASS JAR KINGS CHOICE,True,False,False,False,True,0.0,2010,12,2010-12,2010Q4,11,48,11:48:00,Morning
537534,22353,LUNCH BOX WITH CUTLERY FAIRY CAKES ,1,2010-12-07 11:48:00,0.0,,United Kingdom,LUNCH BOX WITH CUTLERY FAIRY CAKES ,True,False,False,False,True,0.0,2010,12,2010-12,2010Q4,11,48,11:48:00,Morning
537534,22350,ILLUSTRATED CAT BOWL ,1,2010-12-07 11:48:00,0.0,,United Kingdom,ILLUSTRATED CAT BOWL ,True,False,False,False,True,0.0,2010,12,2010-12,2010Q4,11,48,11:48:00,Morning
537534,22327,ROUND SNACK BOXES SET OF 4 SKULLS,1,2010-12-07 11:48:00,0.0,,United Kingdom,ROUND SNACK BOXES SET OF 4 SKULLS,True,False,False,False,True,0.0,2010,12,2010-12,2010Q4,11,48,11:48:00,Morning
537534,21116,OWL DOORSTOP,1,2010-12-07 11:48:00,0.0,,United Kingdom,OWL DOORSTOP,True,False,False,False,True,0.0,2010,12,2010-12,2010Q4,11,48,11:48:00,Morning
537534,22202,MILK PAN PINK POLKADOT,2,2010-12-07 11:48:00,0.0,,United Kingdom,MILK PAN PINK POLKADOT,True,False,False,False,True,0.0,2010,12,2010-12,2010Q4,11,48,11:48:00,Morning
537534,22550,HOLIDAY FUN LUDO,1,2010-12-07 11:48:00,0.0,,United Kingdom,HOLIDAY FUN LUDO,True,False,False,False,True,0.0,2010,12,2010-12,2010Q4,11,48,11:48:00,Morning
537534,21912,VINTAGE SNAKES & LADDERS,1,2010-12-07 11:48:00,0.0,,United Kingdom,VINTAGE SNAKES & LADDERS,True,False,False,False,True,0.0,2010,12,2010-12,2010Q4,11,48,11:48:00,Morning
537534,21891,TRADITIONAL WOODEN SKIPPING ROPE,1,2010-12-07 11:48:00,0.0,,United Kingdom,TRADITIONAL WOODEN SKIPPING ROPE,True,False,False,False,True,0.0,2010,12,2010-12,2010Q4,11,48,11:48:00,Morning
537534,21559,STRAWBERRY LUNCH BOX WITH CUTLERY,1,2010-12-07 11:48:00,0.0,,United Kingdom,STRAWBERRY LUNCH BOX WITH CUTLERY,True,False,False,False,True,0.0,2010,12,2010-12,2010Q4,11,48,11:48:00,Morning
537534,21531,RED RETROSPOT SUGAR JAM BOWL,2,2010-12-07 11:48:00,0.0,,United Kingdom,RED RETROSPOT SUGAR JAM BOWL,True,False,False,False,True,0.0,2010,12,2010-12,2010Q4,11,48,11:48:00,Morning
537534,20726,LUNCH BAG WOODLAND,1,2010-12-07 11:48:00,0.0,,United Kingdom,LUNCH BAG WOODLAND,True,False,False,False,True,0.0,2010,12,2010-12,2010Q4,11,48,11:48:00,Morning
537534,20652,BLUE POLKADOT LUGGAGE TAG ,1,2010-12-07 11:48:00,0.0,,United Kingdom,BLUE POLKADOT LUGGAGE TAG ,True,False,False,False,True,0.0,2010,12,2010-12,2010Q4,11,48,11:48:00,Morning
537534,20615,BLUE POLKADOT PASSPORT COVER,1,2010-12-07 11:48:00,0.0,,United Kingdom,BLUE POLKADOT PASSPORT COVER,True,False,False,False,True,0.0,2010,12,2010-12,2010Q4,11,48,11:48:00,Morning
537639,22734,SET OF 6 RIBBONS VINTAGE CHRISTMAS,30,2010-12-07 15:29:00,0.0,,United Kingdom,amazon,True,False,False,False,True,0.0,2010,12,2010-12,2010Q4,15,29,15:29:00,Afternoon
537640,21232,STRAWBERRY CERAMIC TRINKET BOX,1,2010-12-07 15:31:00,0.0,,United Kingdom,STRAWBERRY CERAMIC TRINKET BOX,True,False,False,False,True,0.0,2010,12,2010-12,2010Q4,15,31,15:31:00,Afternoon
537687,84840,SWEETHEART CARRY-ALL BASKET,-9,2010-12-08 10:26:00,0.0,,United Kingdom,,True,False,False,True,True,-0.0,2010,12,2010-12,2010Q4,10,26,10:26:00,Morning
537870,21486,PINK HEART DOTS HOT WATER BOTTLE,-77,2010-12-08 17:08:00,0.0,,United Kingdom,,True,False,False,True,True,-0.0,2010,12,2010-12,2010Q4,17,8,17:08:00,Afternoon
537872,21595,Dad's Cab Electronic Meter,1,2010-12-08 18:07:00,0.0,,United Kingdom,,True,False,False,False,True,0.0,2010,12,2010-12,2010Q4,18,7,18:07:00,Afternoon
537873,37461,,1,2010-12-08 18:07:00,0.0,,United Kingdom,,True,True,False,False,True,0.0,2010,12,2010-12,2010Q4,18,7,18:07:00,Afternoon
537874,85170A,,1,2010-12-08 18:07:00,0.0,,United Kingdom,,True,True,False,False,True,0.0,2010,12,2010-12,2010Q4,18,7,18:07:00,Afternoon
537875,20849,,1,2010-12-08 18:08:00,0.0,,United Kingdom,,True,True,False,False,True,0.0,2010,12,2010-12,2010Q4,18,8,18:08:00,Afternoon
537876,84977,,2,2010-12-08 18:08:00,0.0,,United Kingdom,,True,True,False,False,True,0.0,2010,12,2010-12,2010Q4,18,8,18:08:00,Afternoon
537877,21661,,1,2010-12-08 18:08:00,0.0,,United Kingdom,,True,True,False,False,True,0.0,2010,12,2010-12,2010Q4,18,8,18:08:00,Afternoon
537878,72803B,,1,2010-12-08 18:09:00,0.0,,United Kingdom,,True,True,False,False,True,0.0,2010,12,2010-12,2010Q4,18,9,18:09:00,Afternoon
537999,22034,ROBIN CHRISTMAS CARD,-223,2010-12-09 11:44:00,0.0,,United Kingdom,,True,False,False,True,True,-0.0,2010,12,2010-12,2010Q4,11,44,11:44:00,Morning
538001,35958,FOLKART ZINC STAR CHRISTMAS DEC,10,2010-12-09 11:45:00,0.0,,United Kingdom,,True,False,False,False,True,0.0,2010,12,2010-12,2010Q4,11,45,11:45:00,Morning
538004,22114,HOT WATER BOTTLE TEA AND SYMPATHY,144,2010-12-09 12:11:00,0.0,,United Kingdom,,True,False,False,False,True,0.0,2010,12,2010-12,2010Q4,12,11,12:11:00,Morning
538036,21690,SILVER  CANDLEPOT JARDIN ,34,2010-12-09 13:04:00,0.0,,United Kingdom,,True,False,False,False,True,0.0,2010,12,2010-12,2010Q4,13,4,13:04:00,Afternoon
538038,21488,RED WHITE SCARF  HOT WATER BOTTLE,8,2010-12-09 13:07:00,0.0,,United Kingdom,,True,False,False,False,True,0.0,2010,12,2010-12,2010Q4,13,7,13:07:00,Afternoon
538039,22139,RETROSPOT TEA SET CERAMIC 11 PC ,7,2010-12-09 13:07:00,0.0,,United Kingdom,,True,False,False,False,True,0.0,2010,12,2010-12,2010Q4,13,7,13:07:00,Afternoon
538041,22145,,30,2010-12-09 13:09:00,0.0,,United Kingdom,,True,True,False,False,True,0.0,2010,12,2010-12,2010Q4,13,9,13:09:00,Afternoon
538042,21763,VINTAGE WOODEN BAR STOOL,-4,2010-12-09 13:10:00,0.0,,United Kingdom,,True,False,False,True,True,-0.0,2010,12,2010-12,2010Q4,13,10,13:10:00,Afternoon
538043,22833,HALL CABINET WITH 3 DRAWERS,-1,2010-12-09 13:10:00,0.0,,United Kingdom,,True,False,False,True,True,-0.0,2010,12,2010-12,2010Q4,13,10,13:10:00,Afternoon
538045,84688,BEACH HUT DESIGN BLACKBOARD,27,2010-12-09 13:11:00,0.0,,United Kingdom,,True,False,False,False,True,0.0,2010,12,2010-12,2010Q4,13,11,13:11:00,Afternoon
538046,85008,SET OF 3 CONEY ISLAND OVAL BOXES,-15,2010-12-09 13:12:00,0.0,,United Kingdom,,True,False,False,True,True,-0.0,2010,12,2010-12,2010Q4,13,12,13:12:00,Afternoon
538047,21429,RED GINGHAM ROSE JEWELLERY BOX,-70,2010-12-09 13:13:00,0.0,,United Kingdom,,True,False,False,True,True,-0.0,2010,12,2010-12,2010Q4,13,13,13:13:00,Afternoon
538054,85167B,BLACK GRAND BAROQUE PHOTO FRAME,-24,2010-12-09 13:34:00,0.0,,United Kingdom,,True,False,False,True,True,-0.0,2010,12,2010-12,2010Q4,13,34,13:34:00,Afternoon
538055,22454,MEASURING TAPE BABUSHKA RED,-20,2010-12-09 13:34:00,0.0,,United Kingdom,,True,False,False,True,True,-0.0,2010,12,2010-12,2010Q4,13,34,13:34:00,Afternoon
538058,20966,SANDWICH BATH SPONGE,-150,2010-12-09 13:38:00,0.0,,United Kingdom,,True,False,False,True,True,-0.0,2010,12,2010-12,2010Q4,13,38,13:38:00,Afternoon
538061,21801,CHRISTMAS TREE DECORATION WITH BELL,-38,2010-12-09 13:39:00,0.0,,United Kingdom,,True,False,False,True,True,-0.0,2010,12,2010-12,2010Q4,13,39,13:39:00,Afternoon
538071,22585,PACK OF 6 BIRDY GIFT TAGS,1,2010-12-09 14:09:00,0.0,,United Kingdom,PACK OF 6 BIRDY GIFT TAGS,True,False,False,False,True,0.0,2010,12,2010-12,2010Q4,14,9,14:09:00,Afternoon
538072,22423,REGENCY CAKESTAND 3 TIER,-13,2010-12-09 14:10:00,0.0,,United Kingdom,faulty,True,False,False,True,True,-0.0,2010,12,2010-12,2010Q4,14,10,14:10:00,Afternoon
538074,21743,STAR PORTABLE TABLE LIGHT ,-80,2010-12-09 14:11:00,0.0,,United Kingdom,,True,False,False,True,True,-0.0,2010,12,2010-12,2010Q4,14,11,14:11:00,Afternoon
538090,20956,PORCELAIN T-LIGHT HOLDERS ASSORTED,-723,2010-12-09 14:48:00,0.0,,United Kingdom,?,True,False,False,True,True,-0.0,2010,12,2010-12,2010Q4,14,48,14:48:00,Afternoon
538092,37467,PIG MUG IN TWO COLOUR DESIGNS,-177,2010-12-09 14:49:00,0.0,,United Kingdom,,True,False,False,True,True,-0.0,2010,12,2010-12,2010Q4,14,49,14:49:00,Afternoon
538128,21357,TOAST ITS - DINOSAUR,46,2010-12-09 15:54:00,0.0,,United Kingdom,,True,False,False,False,True,0.0,2010,12,2010-12,2010Q4,15,54,15:54:00,Afternoon
538129,84497,BUTTONS AND STRIPES NOTEBOOK ,79,2010-12-09 15:55:00,0.0,,United Kingdom,,True,False,False,False,True,0.0,2010,12,2010-12,2010Q4,15,55,15:55:00,Afternoon
538130,90042C,FRESHWATER PEARL BRACELET IVORY,10,2010-12-09 15:55:00,0.0,,United Kingdom,,True,False,False,False,True,0.0,2010,12,2010-12,2010Q4,15,55,15:55:00,Afternoon
538131,17091A,LAVENDER INCENSE IN TIN,84,2010-12-09 15:56:00,0.0,,United Kingdom,,True,False,False,False,True,0.0,2010,12,2010-12,2010Q4,15,56,15:56:00,Afternoon
538132,84773,,3,2010-12-09 15:56:00,0.0,,United Kingdom,,True,True,False,False,True,0.0,2010,12,2010-12,2010Q4,15,56,15:56:00,Afternoon
538133,85018C,,3,2010-12-09 15:56:00,0.0,,United Kingdom,,True,True,False,False,True,0.0,2010,12,2010-12,2010Q4,15,56,15:56:00,Afternoon
538134,20878,SET/9 CHRISTMAS T-LIGHTS SCENTED ,2,2010-12-09 15:56:00,0.0,,United Kingdom,,True,False,False,False,True,0.0,2010,12,2010-12,2010Q4,15,56,15:56:00,Afternoon
538135,21186,,2,2010-12-09 15:56:00,0.0,,United Kingdom,,True,True,False,False,True,0.0,2010,12,2010-12,2010Q4,15,56,15:56:00,Afternoon
538136,37509,NEW ENGLAND MUG W GIFT BOX,2,2010-12-09 15:57:00,0.0,,United Kingdom,,True,False,False,False,True,0.0,2010,12,2010-12,2010Q4,15,57,15:57:00,Afternoon
538137,62095B,,2,2010-12-09 15:57:00,0.0,,United Kingdom,,True,True,False,False,True,0.0,2010,12,2010-12,2010Q4,15,57,15:57:00,Afternoon
538138,72814,,2,2010-12-09 15:57:00,0.0,,United Kingdom,,True,True,False,False,True,0.0,2010,12,2010-12,2010Q4,15,57,15:57:00,Afternoon
538139,84802A,,2,2010-12-09 15:57:00,0.0,,United Kingdom,,True,True,False,False,True,0.0,2010,12,2010-12,2010Q4,15,57,15:57:00,Afternoon
538140,90002D,FLOWER BURST SILVER RING CRYSTAL,9,2010-12-09 15:57:00,0.0,,United Kingdom,,True,False,False,False,True,0.0,2010,12,2010-12,2010Q4,15,57,15:57:00,Afternoon
538141,22218,CAKE STAND LACE WHITE,2,2010-12-09 15:58:00,0.0,,United Kingdom,,True,False,False,False,True,0.0,2010,12,2010-12,2010Q4,15,58,15:58:00,Afternoon
538142,84247C,,1,2010-12-09 15:58:00,0.0,,United Kingdom,,True,True,False,False,True,0.0,2010,12,2010-12,2010Q4,15,58,15:58:00,Afternoon
538143,84534B,FAIRY CAKE NOTEBOOK A5 SIZE,1,2010-12-09 15:58:00,0.0,,United Kingdom,,True,False,False,False,True,0.0,2010,12,2010-12,2010Q4,15,58,15:58:00,Afternoon
538144,90042B,,1,2010-12-09 15:58:00,0.0,,United Kingdom,,True,True,False,False,True,0.0,2010,12,2010-12,2010Q4,15,58,15:58:00,Afternoon
538158,20892,,-32,2010-12-09 17:17:00,0.0,,United Kingdom,,True,True,False,True,True,-0.0,2010,12,2010-12,2010Q4,17,17,17:17:00,Afternoon
538159,21324,HANGING MEDINA LANTERN SMALL,-18,2010-12-09 17:17:00,0.0,,United Kingdom,,True,False,False,True,True,-0.0,2010,12,2010-12,2010Q4,17,17,17:17:00,Afternoon
538160,20956,PORCELAIN T-LIGHT HOLDERS ASSORTED,288,2010-12-09 17:18:00,0.0,,United Kingdom,,True,False,False,False,True,0.0,2010,12,2010-12,2010Q4,17,18,17:18:00,Afternoon
538161,46000S,POLYESTER FILLER PAD 40x40cm,-100,2010-12-09 17:25:00,0.0,,United Kingdom,Dotcom sales,True,False,False,True,True,-0.0,2010,12,2010-12,2010Q4,17,25,17:25:00,Afternoon
538162,46000M,POLYESTER FILLER PAD 45x45cm,-100,2010-12-09 17:25:00,0.0,,United Kingdom,Dotcom sales,True,False,False,True,True,-0.0,2010,12,2010-12,2010Q4,17,25,17:25:00,Afternoon
538173,22353,LUNCH BOX WITH CUTLERY FAIRY CAKES ,-28,2010-12-10 09:35:00,0.0,,United Kingdom,,True,False,False,True,True,-0.0,2010,12,2010-12,2010Q4,9,35,09:35:00,Morning
538241,21431,,-21,2010-12-10 12:00:00,0.0,,United Kingdom,,True,True,False,True,True,-0.0,2010,12,2010-12,2010Q4,12,0,12:00:00,Morning
538247,79067,CORONA MEXICAN TRAY,-145,2010-12-10 12:09:00,0.0,,United Kingdom,,True,False,False,True,True,-0.0,2010,12,2010-12,2010Q4,12,9,12:09:00,Morning
538249,85084,HOLLY TOP CHRISTMAS STOCKING,25,2010-12-10 12:19:00,0.0,,United Kingdom,,True,False,False,False,True,0.0,2010,12,2010-12,2010Q4,12,19,12:19:00,Morning
538348,22734,SET OF 6 RIBBONS VINTAGE CHRISTMAS,30,2010-12-10 14:59:00,0.0,,United Kingdom,amazon,True,False,False,False,True,0.0,2010,12,2010-12,2010Q4,14,59,14:59:00,Afternoon
538359,35958,FOLKART ZINC STAR CHRISTMAS DEC,2,2010-12-10 16:29:00,0.0,,United Kingdom,,True,False,False,False,True,0.0,2010,12,2010-12,2010Q4,16,29,16:29:00,Afternoon
538360,35004P,,1,2010-12-10 16:29:00,0.0,,United Kingdom,,True,True,False,False,True,0.0,2010,12,2010-12,2010Q4,16,29,16:29:00,Afternoon
538837,85135B,BLUE DRAGONFLY HELICOPTER,-40,2010-12-14 13:10:00,0.0,,United Kingdom,,True,False,False,True,True,-0.0,2010,12,2010-12,2010Q4,13,10,13:10:00,Afternoon
538861,22444,GROW YOUR OWN PLANT IN A CAN ,460,2010-12-14 14:04:00,0.0,,United Kingdom,,True,False,False,False,True,0.0,2010,12,2010-12,2010Q4,14,4,14:04:00,Afternoon
538873,22734,SET OF 6 RIBBONS VINTAGE CHRISTMAS,20,2010-12-14 15:13:00,0.0,,United Kingdom,amazon sales,True,False,False,False,True,0.0,2010,12,2010-12,2010Q4,15,13,15:13:00,Afternoon
538877,21479,WHITE SKULL HOT WATER BOTTLE ,1,2010-12-14 15:29:00,0.0,,United Kingdom,WHITE SKULL HOT WATER BOTTLE ,True,False,False,False,True,0.0,2010,12,2010-12,2010Q4,15,29,15:29:00,Afternoon
538877,22112,CHOCOLATE HOT WATER BOTTLE,1,2010-12-14 15:29:00,0.0,,United Kingdom,CHOCOLATE HOT WATER BOTTLE,True,False,False,False,True,0.0,2010,12,2010-12,2010Q4,15,29,15:29:00,Afternoon
538877,22356,CHARLOTTE BAG PINK POLKADOT,1,2010-12-14 15:29:00,0.0,,United Kingdom,CHARLOTTE BAG PINK POLKADOT,True,False,False,False,True,0.0,2010,12,2010-12,2010Q4,15,29,15:29:00,Afternoon
538906,21895,POTTING SHED SOW 'N' GROW SET,-5,2010-12-15 10:31:00,0.0,,United Kingdom,,True,False,False,True,True,-0.0,2010,12,2010-12,2010Q4,10,31,10:31:00,Morning
539263,22580,ADVENT CALENDAR GINGHAM SACK,4,2010-12-16 14:36:00,0.0,16560,United Kingdom,ADVENT CALENDAR GINGHAM SACK,False,False,False,False,True,0.0,2010,12,2010-12,2010Q4,14,36,14:36:00,Afternoon
539413,22959,WRAP CHRISTMAS VILLAGE,12,2010-12-17 13:44:00,0.0,,United Kingdom,,True,False,False,False,True,0.0,2010,12,2010-12,2010Q4,13,44,13:44:00,Afternoon
539494,21479,WHITE SKULL HOT WATER BOTTLE ,752,2010-12-20 10:36:00,0.0,,United Kingdom,?,True,False,False,False,True,0.0,2010,12,2010-12,2010Q4,10,36,10:36:00,Morning
539495,22591,CARDHOLDER GINGHAM CHRISTMAS TREE,36,2010-12-20 10:37:00,0.0,,United Kingdom,,True,False,False,False,True,0.0,2010,12,2010-12,2010Q4,10,37,10:37:00,Morning
539582,71477,COLOUR GLASS. STAR T-LIGHT HOLDER,8,2010-12-20 12:53:00,0.0,,United Kingdom,,True,False,False,False,True,0.0,2010,12,2010-12,2010Q4,12,53,12:53:00,Morning
539583,35400,WOODEN BOX ADVENT CALENDAR ,1,2010-12-20 12:53:00,0.0,,United Kingdom,,True,False,False,False,True,0.0,2010,12,2010-12,2010Q4,12,53,12:53:00,Morning
539584,21491,,1,2010-12-20 12:54:00,0.0,,United Kingdom,,True,True,False,False,True,0.0,2010,12,2010-12,2010Q4,12,54,12:54:00,Morning
539585,21009,ETCHED GLASS STAR TREE DECORATION,1,2010-12-20 12:54:00,0.0,,United Kingdom,,True,False,False,False,True,0.0,2010,12,2010-12,2010Q4,12,54,12:54:00,Morning
539611,85135B,BLUE DRAGONFLY HELICOPTER,53,2010-12-20 14:33:00,0.0,,United Kingdom,Found,True,False,False,False,True,0.0,2010,12,2010-12,2010Q4,14,33,14:33:00,Afternoon
539638,22139,RETROSPOT TEA SET CERAMIC 11 PC ,1,2010-12-20 15:23:00,0.0,,United Kingdom,,True,False,False,False,True,0.0,2010,12,2010-12,2010Q4,15,23,15:23:00,Afternoon
539722,22423,REGENCY CAKESTAND 3 TIER,10,2010-12-21 13:45:00,0.0,14911,EIRE,REGENCY CAKESTAND 3 TIER,False,False,False,False,True,0.0,2010,12,2010-12,2010Q4,13,45,13:45:00,Afternoon
539749,22734,SET OF 6 RIBBONS VINTAGE CHRISTMAS,30,2010-12-21 15:33:00,0.0,,United Kingdom,,True,False,False,False,True,0.0,2010,12,2010-12,2010Q4,15,33,15:33:00,Afternoon
539750,22114,HOT WATER BOTTLE TEA AND SYMPATHY,1,2010-12-21 15:40:00,0.0,,United Kingdom,HOT WATER BOTTLE TEA AND SYMPATHY,True,False,False,False,True,0.0,2010,12,2010-12,2010Q4,15,40,15:40:00,Afternoon
539750,22652,TRAVEL SEWING KIT,1,2010-12-21 15:40:00,0.0,,United Kingdom,TRAVEL SEWING KIT,True,False,False,False,True,0.0,2010,12,2010-12,2010Q4,15,40,15:40:00,Afternoon
539750,21080,SET/20 RED RETROSPOT PAPER NAPKINS ,2,2010-12-21 15:40:00,0.0,,United Kingdom,SET/20 RED RETROSPOT PAPER NAPKINS ,True,False,False,False,True,0.0,2010,12,2010-12,2010Q4,15,40,15:40:00,Afternoon
539750,21481,FAWN BLUE HOT WATER BOTTLE,1,2010-12-21 15:40:00,0.0,,United Kingdom,FAWN BLUE HOT WATER BOTTLE,True,False,False,False,True,0.0,2010,12,2010-12,2010Q4,15,40,15:40:00,Afternoon
539856,22444,GROW YOUR OWN PLANT IN A CAN ,1,2010-12-22 14:41:00,0.0,,United Kingdom,GROW YOUR OWN PLANT IN A CAN ,True,False,False,False,True,0.0,2010,12,2010-12,2010Q4,14,41,14:41:00,Afternoon
539856,20682,RED RETROSPOT CHILDRENS UMBRELLA,2,2010-12-22 14:41:00,0.0,,United Kingdom,RED RETROSPOT CHILDRENS UMBRELLA,True,False,False,False,True,0.0,2010,12,2010-12,2010Q4,14,41,14:41:00,Afternoon
539856,20724,RED RETROSPOT CHARLOTTE BAG,2,2010-12-22 14:41:00,0.0,,United Kingdom,RED RETROSPOT CHARLOTTE BAG,True,False,False,False,True,0.0,2010,12,2010-12,2010Q4,14,41,14:41:00,Afternoon
539856,18098C,PORCELAIN BUTTERFLY OIL BURNER,2,2010-12-22 14:41:00,0.0,,United Kingdom,PORCELAIN BUTTERFLY OIL BURNER,True,False,False,False,True,0.0,2010,12,2010-12,2010Q4,14,41,14:41:00,Afternoon
539856,85123A,WHITE HANGING HEART T-LIGHT HOLDER,1,2010-12-22 14:41:00,0.0,,United Kingdom,WHITE HANGING HEART T-LIGHT HOLDER,True,False,False,False,True,0.0,2010,12,2010-12,2010Q4,14,41,14:41:00,Afternoon
539856,84968E,SET OF 16 VINTAGE BLACK CUTLERY,1,2010-12-22 14:41:00,0.0,,United Kingdom,SET OF 16 VINTAGE BLACK CUTLERY,True,False,False,False,True,0.0,2010,12,2010-12,2010Q4,14,41,14:41:00,Afternoon
539856,84872A,TEATIME FUNKY FLOWER BACKPACK FOR 2,2,2010-12-22 14:41:00,0.0,,United Kingdom,TEATIME FUNKY FLOWER BACKPACK FOR 2,True,False,False,False,True,0.0,2010,12,2010-12,2010Q4,14,41,14:41:00,Afternoon
539856,22518,CHILDS GARDEN BRUSH BLUE,1,2010-12-22 14:41:00,0.0,,United Kingdom,CHILDS GARDEN BRUSH BLUE,True,False,False,False,True,0.0,2010,12,2010-12,2010Q4,14,41,14:41:00,Afternoon
539856,84692,BOX OF 24 COCKTAIL PARASOLS,2,2010-12-22 14:41:00,0.0,,United Kingdom,BOX OF 24 COCKTAIL PARASOLS,True,False,False,False,True,0.0,2010,12,2010-12,2010Q4,14,41,14:41:00,Afternoon
539856,79321,CHILLI LIGHTS,1,2010-12-22 14:41:00,0.0,,United Kingdom,CHILLI LIGHTS,True,False,False,False,True,0.0,2010,12,2010-12,2010Q4,14,41,14:41:00,Afternoon
539856,48194,DOORMAT HEARTS,2,2010-12-22 14:41:00,0.0,,United Kingdom,DOORMAT HEARTS,True,False,False,False,True,0.0,2010,12,2010-12,2010Q4,14,41,14:41:00,Afternoon
539856,37333,"RETRO ""TEA FOR ONE"" ",1,2010-12-22 14:41:00,0.0,,United Kingdom,"RETRO ""TEA FOR ONE"" ",True,False,False,False,True,0.0,2010,12,2010-12,2010Q4,14,41,14:41:00,Afternoon
539856,22843,BISCUIT TIN VINTAGE GREEN,1,2010-12-22 14:41:00,0.0,,United Kingdom,BISCUIT TIN VINTAGE GREEN,True,False,False,False,True,0.0,2010,12,2010-12,2010Q4,14,41,14:41:00,Afternoon
539856,22842,BISCUIT TIN VINTAGE RED,1,2010-12-22 14:41:00,0.0,,United Kingdom,BISCUIT TIN VINTAGE RED,True,False,False,False,True,0.0,2010,12,2010-12,2010Q4,14,41,14:41:00,Afternoon
539856,22690,DOORMAT HOME SWEET HOME BLUE ,2,2010-12-22 14:41:00,0.0,,United Kingdom,DOORMAT HOME SWEET HOME BLUE ,True,False,False,False,True,0.0,2010,12,2010-12,2010Q4,14,41,14:41:00,Afternoon
539856,85099B,JUMBO BAG RED RETROSPOT,1,2010-12-22 14:41:00,0.0,,United Kingdom,JUMBO BAG RED RETROSPOT,True,False,False,False,True,0.0,2010,12,2010-12,2010Q4,14,41,14:41:00,Afternoon
539856,22685,FRENCH BLUE METAL DOOR SIGN 0,2,2010-12-22 14:41:00,0.0,,United Kingdom,FRENCH BLUE METAL DOOR SIGN 0,True,False,False,False,True,0.0,2010,12,2010-12,2010Q4,14,41,14:41:00,Afternoon
539856,22684,FRENCH BLUE METAL DOOR SIGN 9,1,2010-12-22 14:41:00,0.0,,United Kingdom,FRENCH BLUE METAL DOOR SIGN 9,True,False,False,False,True,0.0,2010,12,2010-12,2010Q4,14,41,14:41:00,Afternoon
539856,22686,FRENCH BLUE METAL DOOR SIGN No,2,2010-12-22 14:41:00,0.0,,United Kingdom,FRENCH BLUE METAL DOOR SIGN No,True,False,False,False,True,0.0,2010,12,2010-12,2010Q4,14,41,14:41:00,Afternoon
539856,22682,FRENCH BLUE METAL DOOR SIGN 7,3,2010-12-22 14:41:00,0.0,,United Kingdom,FRENCH BLUE METAL DOOR SIGN 7,True,False,False,False,True,0.0,2010,12,2010-12,2010Q4,14,41,14:41:00,Afternoon
539856,22683,FRENCH BLUE METAL DOOR SIGN 8,2,2010-12-22 14:41:00,0.0,,United Kingdom,FRENCH BLUE METAL DOOR SIGN 8,True,False,False,False,True,0.0,2010,12,2010-12,2010Q4,14,41,14:41:00,Afternoon
539856,22681,FRENCH BLUE METAL DOOR SIGN 6,1,2010-12-22 14:41:00,0.0,,United Kingdom,FRENCH BLUE METAL DOOR SIGN 6,True,False,False,False,True,0.0,2010,12,2010-12,2010Q4,14,41,14:41:00,Afternoon
539856,22679,FRENCH BLUE METAL DOOR SIGN 4,2,2010-12-22 14:41:00,0.0,,United Kingdom,FRENCH BLUE METAL DOOR SIGN 4,True,False,False,False,True,0.0,2010,12,2010-12,2010Q4,14,41,14:41:00,Afternoon
539856,22678,FRENCH BLUE METAL DOOR SIGN 3,2,2010-12-22 14:41:00,0.0,,United Kingdom,FRENCH BLUE METAL DOOR SIGN 3,True,False,False,False,True,0.0,2010,12,2010-12,2010Q4,14,41,14:41:00,Afternoon
539856,22680,FRENCH BLUE METAL DOOR SIGN 5,1,2010-12-22 14:41:00,0.0,,United Kingdom,FRENCH BLUE METAL DOOR SIGN 5,True,False,False,False,True,0.0,2010,12,2010-12,2010Q4,14,41,14:41:00,Afternoon
539856,22677,FRENCH BLUE METAL DOOR SIGN 2,6,2010-12-22 14:41:00,0.0,,United Kingdom,FRENCH BLUE METAL DOOR SIGN 2,True,False,False,False,True,0.0,2010,12,2010-12,2010Q4,14,41,14:41:00,Afternoon
539856,22676,FRENCH BLUE METAL DOOR SIGN 1,5,2010-12-22 14:41:00,0.0,,United Kingdom,FRENCH BLUE METAL DOOR SIGN 1,True,False,False,False,True,0.0,2010,12,2010-12,2010Q4,14,41,14:41:00,Afternoon
539856,22666,RECIPE BOX PANTRY YELLOW DESIGN,7,2010-12-22 14:41:00,0.0,,United Kingdom,RECIPE BOX PANTRY YELLOW DESIGN,True,False,False,False,True,0.0,2010,12,2010-12,2010Q4,14,41,14:41:00,Afternoon
539856,22665,RECIPE BOX BLUE SKETCHBOOK DESIGN,2,2010-12-22 14:41:00,0.0,,United Kingdom,RECIPE BOX BLUE SKETCHBOOK DESIGN,True,False,False,False,True,0.0,2010,12,2010-12,2010Q4,14,41,14:41:00,Afternoon
539856,22650,CERAMIC PIRATE CHEST MONEY BANK,1,2010-12-22 14:41:00,0.0,,United Kingdom,CERAMIC PIRATE CHEST MONEY BANK,True,False,False,False,True,0.0,2010,12,2010-12,2010Q4,14,41,14:41:00,Afternoon
539856,22647,CERAMIC LOVE HEART MONEY BANK,1,2010-12-22 14:41:00,0.0,,United Kingdom,CERAMIC LOVE HEART MONEY BANK,True,False,False,False,True,0.0,2010,12,2010-12,2010Q4,14,41,14:41:00,Afternoon
539856,22626,BLACK KITCHEN SCALES,3,2010-12-22 14:41:00,0.0,,United Kingdom,BLACK KITCHEN SCALES,True,False,False,False,True,0.0,2010,12,2010-12,2010Q4,14,41,14:41:00,Afternoon
539856,22625,RED KITCHEN SCALES,7,2010-12-22 14:41:00,0.0,,United Kingdom,RED KITCHEN SCALES,True,False,False,False,True,0.0,2010,12,2010-12,2010Q4,14,41,14:41:00,Afternoon
539856,22624,IVORY KITCHEN SCALES,3,2010-12-22 14:41:00,0.0,,United Kingdom,IVORY KITCHEN SCALES,True,False,False,False,True,0.0,2010,12,2010-12,2010Q4,14,41,14:41:00,Afternoon
539856,22619,SET OF 6 SOLDIER SKITTLES,1,2010-12-22 14:41:00,0.0,,United Kingdom,SET OF 6 SOLDIER SKITTLES,True,False,False,False,True,0.0,2010,12,2010-12,2010Q4,14,41,14:41:00,Afternoon
539856,22526,WHEELBARROW FOR CHILDREN ,1,2010-12-22 14:41:00,0.0,,United Kingdom,WHEELBARROW FOR CHILDREN ,True,False,False,False,True,0.0,2010,12,2010-12,2010Q4,14,41,14:41:00,Afternoon
539856,22525,CHILDRENS GARDEN GLOVES PINK,3,2010-12-22 14:41:00,0.0,,United Kingdom,CHILDRENS GARDEN GLOVES PINK,True,False,False,False,True,0.0,2010,12,2010-12,2010Q4,14,41,14:41:00,Afternoon
539856,22524,CHILDRENS GARDEN GLOVES BLUE,1,2010-12-22 14:41:00,0.0,,United Kingdom,CHILDRENS GARDEN GLOVES BLUE,True,False,False,False,True,0.0,2010,12,2010-12,2010Q4,14,41,14:41:00,Afternoon
539856,22514,CHILDS GARDEN SPADE BLUE,1,2010-12-22 14:41:00,0.0,,United Kingdom,CHILDS GARDEN SPADE BLUE,True,False,False,False,True,0.0,2010,12,2010-12,2010Q4,14,41,14:41:00,Afternoon
539856,22512,DOORSTOP RACING CAR DESIGN,1,2010-12-22 14:41:00,0.0,,United Kingdom,DOORSTOP RACING CAR DESIGN,True,False,False,False,True,0.0,2010,12,2010-12,2010Q4,14,41,14:41:00,Afternoon
539856,22475,SKULL DESIGN TV DINNER TRAY,5,2010-12-22 14:41:00,0.0,,United Kingdom,SKULL DESIGN TV DINNER TRAY,True,False,False,False,True,0.0,2010,12,2010-12,2010Q4,14,41,14:41:00,Afternoon
539856,22431,WATERING CAN BLUE ELEPHANT,1,2010-12-22 14:41:00,0.0,,United Kingdom,WATERING CAN BLUE ELEPHANT,True,False,False,False,True,0.0,2010,12,2010-12,2010Q4,14,41,14:41:00,Afternoon
539856,22428,ENAMEL FIRE BUCKET CREAM,4,2010-12-22 14:41:00,0.0,,United Kingdom,ENAMEL FIRE BUCKET CREAM,True,False,False,False,True,0.0,2010,12,2010-12,2010Q4,14,41,14:41:00,Afternoon
539856,22426,ENAMEL WASH BOWL CREAM,2,2010-12-22 14:41:00,0.0,,United Kingdom,ENAMEL WASH BOWL CREAM,True,False,False,False,True,0.0,2010,12,2010-12,2010Q4,14,41,14:41:00,Afternoon
539856,22374,AIRLINE BAG VINTAGE JET SET RED,3,2010-12-22 14:41:00,0.0,,United Kingdom,AIRLINE BAG VINTAGE JET SET RED,True,False,False,False,True,0.0,2010,12,2010-12,2010Q4,14,41,14:41:00,Afternoon
539856,22375,AIRLINE BAG VINTAGE JET SET BROWN,3,2010-12-22 14:41:00,0.0,,United Kingdom,AIRLINE BAG VINTAGE JET SET BROWN,True,False,False,False,True,0.0,2010,12,2010-12,2010Q4,14,41,14:41:00,Afternoon
539856,22372,AIRLINE BAG VINTAGE WORLD CHAMPION ,1,2010-12-22 14:41:00,0.0,,United Kingdom,AIRLINE BAG VINTAGE WORLD CHAMPION ,True,False,False,False,True,0.0,2010,12,2010-12,2010Q4,14,41,14:41:00,Afternoon
539856,22371,AIRLINE BAG VINTAGE TOKYO 78,3,2010-12-22 14:41:00,0.0,,United Kingdom,AIRLINE BAG VINTAGE TOKYO 78,True,False,False,False,True,0.0,2010,12,2010-12,2010Q4,14,41,14:41:00,Afternoon
539856,22367,CHILDRENS APRON SPACEBOY DESIGN,2,2010-12-22 14:41:00,0.0,,United Kingdom,CHILDRENS APRON SPACEBOY DESIGN,True,False,False,False,True,0.0,2010,12,2010-12,2010Q4,14,41,14:41:00,Afternoon
539856,22361,GLASS JAR DAISY FRESH COTTON WOOL,2,2010-12-22 14:41:00,0.0,,United Kingdom,GLASS JAR DAISY FRESH COTTON WOOL,True,False,False,False,True,0.0,2010,12,2010-12,2010Q4,14,41,14:41:00,Afternoon
539856,22360,GLASS JAR ENGLISH CONFECTIONERY,1,2010-12-22 14:41:00,0.0,,United Kingdom,GLASS JAR ENGLISH CONFECTIONERY,True,False,False,False,True,0.0,2010,12,2010-12,2010Q4,14,41,14:41:00,Afternoon
539856,22357,KINGS CHOICE BISCUIT TIN,7,2010-12-22 14:41:00,0.0,,United Kingdom,KINGS CHOICE BISCUIT TIN,True,False,False,False,True,0.0,2010,12,2010-12,2010Q4,14,41,14:41:00,Afternoon
539856,22350,ILLUSTRATED CAT BOWL ,1,2010-12-22 14:41:00,0.0,,United Kingdom,ILLUSTRATED CAT BOWL ,True,False,False,False,True,0.0,2010,12,2010-12,2010Q4,14,41,14:41:00,Afternoon
539856,22327,ROUND SNACK BOXES SET OF 4 SKULLS,1,2010-12-22 14:41:00,0.0,,United Kingdom,ROUND SNACK BOXES SET OF 4 SKULLS,True,False,False,False,True,0.0,2010,12,2010-12,2010Q4,14,41,14:41:00,Afternoon
539856,22072,RED RETROSPOT TEA CUP AND SAUCER ,1,2010-12-22 14:41:00,0.0,,United Kingdom,RED RETROSPOT TEA CUP AND SAUCER ,True,False,False,False,True,0.0,2010,12,2010-12,2010Q4,14,41,14:41:00,Afternoon
539856,21912,VINTAGE SNAKES & LADDERS,1,2010-12-22 14:41:00,0.0,,United Kingdom,VINTAGE SNAKES & LADDERS,True,False,False,False,True,0.0,2010,12,2010-12,2010Q4,14,41,14:41:00,Afternoon
539856,21791,VINTAGE HEADS AND TAILS CARD GAME ,1,2010-12-22 14:41:00,0.0,,United Kingdom,VINTAGE HEADS AND TAILS CARD GAME ,True,False,False,False,True,0.0,2010,12,2010-12,2010Q4,14,41,14:41:00,Afternoon
539856,22550,HOLIDAY FUN LUDO,1,2010-12-22 14:41:00,0.0,,United Kingdom,HOLIDAY FUN LUDO,True,False,False,False,True,0.0,2010,12,2010-12,2010Q4,14,41,14:41:00,Afternoon
539856,21888,BINGO SET,2,2010-12-22 14:41:00,0.0,,United Kingdom,BINGO SET,True,False,False,False,True,0.0,2010,12,2010-12,2010Q4,14,41,14:41:00,Afternoon
539856,21539,RED RETROSPOT BUTTER DISH,3,2010-12-22 14:41:00,0.0,,United Kingdom,RED RETROSPOT BUTTER DISH,True,False,False,False,True,0.0,2010,12,2010-12,2010Q4,14,41,14:41:00,Afternoon
539856,21258,VICTORIAN SEWING BOX LARGE,3,2010-12-22 14:41:00,0.0,,United Kingdom,VICTORIAN SEWING BOX LARGE,True,False,False,False,True,0.0,2010,12,2010-12,2010Q4,14,41,14:41:00,Afternoon
539856,21116,OWL DOORSTOP,1,2010-12-22 14:41:00,0.0,,United Kingdom,OWL DOORSTOP,True,False,False,False,True,0.0,2010,12,2010-12,2010Q4,14,41,14:41:00,Afternoon
539856,20719,WOODLAND CHARLOTTE BAG,1,2010-12-22 14:41:00,0.0,,United Kingdom,WOODLAND CHARLOTTE BAG,True,False,False,False,True,0.0,2010,12,2010-12,2010Q4,14,41,14:41:00,Afternoon
539980,35001W,HAND OPEN SHAPE DECO.WHITE,-36,2010-12-23 14:34:00,0.0,,United Kingdom,,True,False,False,True,True,-0.0,2010,12,2010-12,2010Q4,14,34,14:34:00,Afternoon
539994,22830,UTILTY CABINET WITH HOOKS,-1,2011-01-04 10:09:00,0.0,,United Kingdom,,True,False,False,True,True,-0.0,2011,1,2011-01,2011Q1,10,9,10:09:00,Morning
539995,85064,CREAM SWEETHEART LETTER RACK,-12,2011-01-04 10:12:00,0.0,,United Kingdom,,True,False,False,True,True,-0.0,2011,1,2011-01,2011Q1,10,12,10:12:00,Morning
539996,21784,SHOE SHINE BOX ,-10,2011-01-04 10:12:00,0.0,,United Kingdom,,True,False,False,True,True,-0.0,2011,1,2011-01,2011Q1,10,12,10:12:00,Morning
539997,84689,S/2 BEACH HUT TREASURE CHESTS,5,2011-01-04 10:15:00,0.0,,United Kingdom,,True,False,False,False,True,0.0,2011,1,2011-01,2011Q1,10,15,10:15:00,Morning
539998,84675,FROG KING WATERING CAN,2,2011-01-04 10:16:00,0.0,,United Kingdom,,True,False,False,False,True,0.0,2011,1,2011-01,2011Q1,10,16,10:16:00,Morning
539999,20892,,-1,2011-01-04 10:16:00,0.0,,United Kingdom,,True,True,False,True,True,-0.0,2011,1,2011-01,2011Q1,10,16,10:16:00,Morning
540000,84499,BLACK FLOWER CANDLE PLATE,-9,2011-01-04 10:17:00,0.0,,United Kingdom,,True,False,False,True,True,-0.0,2011,1,2011-01,2011Q1,10,17,10:17:00,Morning
540008,85230F,JASMINE VOTIVE CANDLE,-48,2011-01-04 11:10:00,0.0,,United Kingdom,,True,False,False,True,True,-0.0,2011,1,2011-01,2011Q1,11,10,11:10:00,Morning
540009,22158,3 HEARTS HANGING DECORATION RUSTIC,-120,2011-01-04 11:10:00,0.0,,United Kingdom,,True,False,False,True,True,-0.0,2011,1,2011-01,2011Q1,11,10,11:10:00,Morning
540010,22501,PICNIC BASKET WICKER LARGE,-100,2011-01-04 11:13:00,0.0,,United Kingdom,reverse 21/5/10 adjustment,True,False,False,True,True,-0.0,2011,1,2011-01,2011Q1,11,13,11:13:00,Morning
540011,22501,PICNIC BASKET WICKER LARGE,30,2011-01-04 11:13:00,0.0,,United Kingdom,,True,False,False,False,True,0.0,2011,1,2011-01,2011Q1,11,13,11:13:00,Morning
540012,22502,PICNIC BASKET WICKER SMALL,-100,2011-01-04 11:14:00,0.0,,United Kingdom,reverse 21/5/10 adjustment,True,False,False,True,True,-0.0,2011,1,2011-01,2011Q1,11,14,11:14:00,Morning
540018,90112,,2,2011-01-04 12:07:00,0.0,,United Kingdom,,True,True,False,False,True,0.0,2011,1,2011-01,2011Q1,12,7,12:07:00,Morning
540100,22837,HOT WATER BOTTLE BABUSHKA ,-106,2011-01-04 16:53:00,0.0,,United Kingdom,?,True,False,False,True,True,-0.0,2011,1,2011-01,2011Q1,16,53,16:53:00,Afternoon
540119,22865,HAND WARMER OWL DESIGN,-60,2011-01-05 10:07:00,0.0,,United Kingdom,,True,False,False,True,True,-0.0,2011,1,2011-01,2011Q1,10,7,10:07:00,Morning
540241,35957,SMALLFOLKART BAUBLE CHRISTMAS DEC,-939,2011-01-05 15:17:00,0.0,,United Kingdom,,True,False,False,True,True,-0.0,2011,1,2011-01,2011Q1,15,17,15:17:00,Afternoon
540252,22198,LARGE POPCORN HOLDER ,-100,2011-01-05 16:25:00,0.0,,United Kingdom,,True,False,False,True,True,-0.0,2011,1,2011-01,2011Q1,16,25,16:25:00,Afternoon
540256,35957,SMALLFOLKART BAUBLE CHRISTMAS DEC,35,2011-01-05 17:21:00,0.0,,United Kingdom,,True,False,False,False,True,0.0,2011,1,2011-01,2011Q1,17,21,17:21:00,Afternoon
540272,90096,NECKLACE+BRACELET SET BLUE BLOSSOM,-54,2011-01-06 11:57:00,0.0,,United Kingdom,,True,False,False,True,True,-0.0,2011,1,2011-01,2011Q1,11,57,11:57:00,Morning
540355,20724,RED RETROSPOT CHARLOTTE BAG,1,2011-01-06 15:11:00,0.0,,United Kingdom,RED RETROSPOT CHARLOTTE BAG,True,False,False,False,True,0.0,2011,1,2011-01,2011Q1,15,11,15:11:00,Afternoon
540356,20724,RED RETROSPOT CHARLOTTE BAG,1,2011-01-06 15:12:00,0.0,,United Kingdom,RED RETROSPOT CHARLOTTE BAG,True,False,False,False,True,0.0,2011,1,2011-01,2011Q1,15,12,15:12:00,Afternoon
540369,47591D,PINK FAIRY CAKE CHILDRENS APRON,-201,2011-01-06 16:20:00,0.0,,United Kingdom,,True,False,False,True,True,-0.0,2011,1,2011-01,2011Q1,16,20,16:20:00,Afternoon
540372,22090,PAPER BUNTING RETROSPOT,24,2011-01-06 16:41:00,0.0,13081,United Kingdom,PAPER BUNTING RETROSPOT,False,False,False,False,True,0.0,2011,1,2011-01,2011Q1,16,41,16:41:00,Afternoon
540372,22553,PLASTERS IN TIN SKULLS,24,2011-01-06 16:41:00,0.0,13081,United Kingdom,PLASTERS IN TIN SKULLS,False,False,False,False,True,0.0,2011,1,2011-01,2011Q1,16,41,16:41:00,Afternoon
540549,21587,COSY HOUR GIANT TUBE MATCHES,-53,2011-01-10 09:07:00,0.0,,United Kingdom,,True,False,False,True,True,-0.0,2011,1,2011-01,2011Q1,9,7,09:07:00,Morning
540558,21258,VICTORIAN SEWING BOX LARGE,-29,2011-01-10 10:04:00,0.0,,United Kingdom,?,True,False,False,True,True,-0.0,2011,1,2011-01,2011Q1,10,4,10:04:00,Morning
540560,21589,,-14,2011-01-10 10:08:00,0.0,,United Kingdom,,True,True,False,True,True,-0.0,2011,1,2011-01,2011Q1,10,8,10:08:00,Morning
540564,22617,BAKING SET SPACEBOY DESIGN,-2600,2011-01-10 10:36:00,0.0,,United Kingdom,"mouldy, thrown away.",True,False,False,True,True,-0.0,2011,1,2011-01,2011Q1,10,36,10:36:00,Morning
540637,21275,ZINC TOP  2 DOOR WOODEN SHELF ,-5,2011-01-10 12:13:00,0.0,,United Kingdom,,True,False,False,True,True,-0.0,2011,1,2011-01,2011Q1,12,13,12:13:00,Morning
540638,72038P,damages,-990,2011-01-10 12:14:00,0.0,,United Kingdom,damages,True,False,False,True,True,-0.0,2011,1,2011-01,2011Q1,12,14,12:14:00,Morning
540650,85124C,GREEN JUICY FRUIT PHOTO FRAME,-8,2011-01-10 14:59:00,0.0,,United Kingdom,,True,False,False,True,True,-0.0,2011,1,2011-01,2011Q1,14,59,14:59:00,Afternoon
540651,82599,FANNY'S REST STOPMETAL SIGN,-290,2011-01-10 15:00:00,0.0,,United Kingdom,?,True,False,False,True,True,-0.0,2011,1,2011-01,2011Q1,15,0,15:00:00,Afternoon
540673,21644,ASSORTED TUTTI FRUTTI HEART BOX,144,2011-01-10 16:04:00,0.0,,United Kingdom,found,True,False,False,False,True,0.0,2011,1,2011-01,2011Q1,16,4,16:04:00,Afternoon
540674,22837,HOT WATER BOTTLE BABUSHKA ,26,2011-01-10 16:05:00,0.0,,United Kingdom,Found,True,False,False,False,True,0.0,2011,1,2011-01,2011Q1,16,5,16:05:00,Afternoon
540675,20748,KENSINGTON COFFEE SET,40,2011-01-10 16:05:00,0.0,,United Kingdom,Found,True,False,False,False,True,0.0,2011,1,2011-01,2011Q1,16,5,16:05:00,Afternoon
540676,84534B,FAIRY CAKE NOTEBOOK A5 SIZE,12,2011-01-10 16:05:00,0.0,,United Kingdom,,True,False,False,False,True,0.0,2011,1,2011-01,2011Q1,16,5,16:05:00,Afternoon
540677,21667,,1,2011-01-10 16:20:00,0.0,,United Kingdom,,True,True,False,False,True,0.0,2011,1,2011-01,2011Q1,16,20,16:20:00,Afternoon
540678,21667,,-1,2011-01-10 16:21:00,0.0,,United Kingdom,,True,True,False,True,True,-0.0,2011,1,2011-01,2011Q1,16,21,16:21:00,Afternoon
540679,21667,,-1,2011-01-10 16:21:00,0.0,,United Kingdom,,True,True,False,True,True,-0.0,2011,1,2011-01,2011Q1,16,21,16:21:00,Afternoon
540683,84546,,-45,2011-01-10 17:00:00,0.0,,United Kingdom,,True,True,False,True,True,-0.0,2011,1,2011-01,2011Q1,17,0,17:00:00,Afternoon
540684,35271S,GOLD PRINT PAPER BAG,-13,2011-01-10 17:01:00,0.0,,United Kingdom,,True,False,False,True,True,-0.0,2011,1,2011-01,2011Q1,17,1,17:01:00,Afternoon
540693,82605,OLD DOC RUSSEL METAL SIGN,1,2011-01-11 09:13:00,0.0,,United Kingdom,,True,False,False,False,True,0.0,2011,1,2011-01,2011Q1,9,13,09:13:00,Morning
540694,71477,COLOUR GLASS. STAR T-LIGHT HOLDER,1,2011-01-11 09:13:00,0.0,,United Kingdom,,True,False,False,False,True,0.0,2011,1,2011-01,2011Q1,9,13,09:13:00,Morning
540695,21661,,1,2011-01-11 09:14:00,0.0,,United Kingdom,,True,True,False,False,True,0.0,2011,1,2011-01,2011Q1,9,14,09:14:00,Morning
540696,84562A,PINK/WHITE RIBBED MELAMINE JUG,1,2011-01-11 09:14:00,0.0,,United Kingdom,,True,False,False,False,True,0.0,2011,1,2011-01,2011Q1,9,14,09:14:00,Morning
540699,POST,POSTAGE,1000,2011-01-11 09:32:00,0.0,,United Kingdom,,True,False,False,False,True,0.0,2011,1,2011-01,2011Q1,9,32,09:32:00,Morning
540778,84029E,RED WOOLLY HOTTIE WHITE HEART.,-50,2011-01-11 11:15:00,0.0,,United Kingdom,,True,False,False,True,True,-0.0,2011,1,2011-01,2011Q1,11,15,11:15:00,Morning
540832,21670,BLUE SPOT CERAMIC DRAWER KNOB,2,2011-01-11 14:42:00,0.0,,United Kingdom,BLUE SPOT CERAMIC DRAWER KNOB,True,False,False,False,True,0.0,2011,1,2011-01,2011Q1,14,42,14:42:00,Afternoon
540832,21673,WHITE SPOT BLUE CERAMIC DRAWER KNOB,1,2011-01-11 14:42:00,0.0,,United Kingdom,WHITE SPOT BLUE CERAMIC DRAWER KNOB,True,False,False,False,True,0.0,2011,1,2011-01,2011Q1,14,42,14:42:00,Afternoon
540832,84692,BOX OF 24 COCKTAIL PARASOLS,1,2011-01-11 14:42:00,0.0,,United Kingdom,BOX OF 24 COCKTAIL PARASOLS,True,False,False,False,True,0.0,2011,1,2011-01,2011Q1,14,42,14:42:00,Afternoon
540832,20724,RED RETROSPOT CHARLOTTE BAG,1,2011-01-11 14:42:00,0.0,,United Kingdom,RED RETROSPOT CHARLOTTE BAG,True,False,False,False,True,0.0,2011,1,2011-01,2011Q1,14,42,14:42:00,Afternoon
540832,22423,REGENCY CAKESTAND 3 TIER,1,2011-01-11 14:42:00,0.0,,United Kingdom,REGENCY CAKESTAND 3 TIER,True,False,False,False,True,0.0,2011,1,2011-01,2011Q1,14,42,14:42:00,Afternoon
540978,84050,PINK HEART SHAPE EGG FRYING PAN,-310,2011-01-12 15:04:00,0.0,,United Kingdom,counted,True,False,False,True,True,-0.0,2011,1,2011-01,2011Q1,15,4,15:04:00,Afternoon
540982,22323,,1,2011-01-12 15:35:00,0.0,,United Kingdom,,True,True,False,False,True,0.0,2011,1,2011-01,2011Q1,15,35,15:35:00,Afternoon
540987,17011A,,-61,2011-01-12 16:15:00,0.0,,United Kingdom,,True,True,False,True,True,-0.0,2011,1,2011-01,2011Q1,16,15,16:15:00,Afternoon
541000,21632,VINTAGE PINK DECORATIVE PARASOL,-41,2011-01-13 10:11:00,0.0,,United Kingdom,,True,False,False,True,True,-0.0,2011,1,2011-01,2011Q1,10,11,10:11:00,Morning
541109,22168,ORGANISER WOOD ANTIQUE WHITE ,1,2011-01-13 15:10:00,0.0,15107,United Kingdom,ORGANISER WOOD ANTIQUE WHITE ,False,False,False,False,True,0.0,2011,1,2011-01,2011Q1,15,10,15:10:00,Afternoon
541482,22837,HOT WATER BOTTLE BABUSHKA ,-35,2011-01-18 12:32:00,0.0,,United Kingdom,,True,False,False,True,True,-0.0,2011,1,2011-01,2011Q1,12,32,12:32:00,Morning
541487,85118,HEART T-LIGHT HOLDER,-35,2011-01-18 13:19:00,0.0,,United Kingdom,,True,False,False,True,True,-0.0,2011,1,2011-01,2011Q1,13,19,13:19:00,Afternoon
541519,21429,RED GINGHAM ROSE JEWELLERY BOX,-15,2011-01-19 09:11:00,0.0,,United Kingdom,,True,False,False,True,True,-0.0,2011,1,2011-01,2011Q1,9,11,09:11:00,Morning
541600,22866,HAND WARMER SCOTTY DOG DESIGN,-64,2011-01-19 16:48:00,0.0,,United Kingdom,,True,False,False,True,True,-0.0,2011,1,2011-01,2011Q1,16,48,16:48:00,Afternoon
541601,22632,HAND WARMER RED RETROSPOT,-84,2011-01-19 16:48:00,0.0,,United Kingdom,,True,False,False,True,True,-0.0,2011,1,2011-01,2011Q1,16,48,16:48:00,Afternoon
541685,22351,DOTCOMGIFTSHOP TEA TOWEL,-1400,2011-01-20 15:41:00,0.0,,United Kingdom,Given away,True,False,False,True,True,-0.0,2011,1,2011-01,2011Q1,15,41,15:41:00,Afternoon
541687,46000S,POLYESTER FILLER PAD 40x40cm,-300,2011-01-20 15:42:00,0.0,,United Kingdom,Dotcom,True,False,False,True,True,-0.0,2011,1,2011-01,2011Q1,15,42,15:42:00,Afternoon
541697,21632,VINTAGE PINK DECORATIVE PARASOL,8,2011-01-20 18:09:00,0.0,,United Kingdom,,True,False,False,False,True,0.0,2011,1,2011-01,2011Q1,18,9,18:09:00,Afternoon
541702,22451,SILK PURSE BABUSHKA RED,-30,2011-01-21 09:44:00,0.0,,United Kingdom,,True,False,False,True,True,-0.0,2011,1,2011-01,2011Q1,9,44,09:44:00,Morning
541802,20854,BLUE PATCH PURSE PINK HEART,-80,2011-01-21 14:45:00,0.0,,United Kingdom,,True,False,False,True,True,-0.0,2011,1,2011-01,2011Q1,14,45,14:45:00,Afternoon
541882,48185,DOORMAT FAIRY CAKE,-57,2011-01-24 10:54:00,0.0,,United Kingdom,?,True,False,False,True,True,-0.0,2011,1,2011-01,2011Q1,10,54,10:54:00,Morning
541967,84823,DANISH ROSE FOLDING CHAIR,-3,2011-01-24 13:35:00,0.0,,United Kingdom,,True,False,False,True,True,-0.0,2011,1,2011-01,2011Q1,13,35,13:35:00,Afternoon
542156,21348,PINK SPOTS CHOCOLATE NESTING BOXES ,8,2011-01-26 10:52:00,0.0,,United Kingdom,,True,False,False,False,True,0.0,2011,1,2011-01,2011Q1,10,52,10:52:00,Morning
542225,85096,HILDA CANDY SPOT RABBIT,-59,2011-01-26 13:10:00,0.0,,United Kingdom,label mix up,True,False,False,True,True,-0.0,2011,1,2011-01,2011Q1,13,10,13:10:00,Afternoon
542361,85161,ACRYLIC GEOMETRIC LAMP,-20,2011-01-27 12:47:00,0.0,,United Kingdom,samples/damages,True,False,False,True,True,-0.0,2011,1,2011-01,2011Q1,12,47,12:47:00,Morning
542362,20699,MOUSEY LONG LEGS SOFT TOY,-16,2011-01-27 12:49:00,0.0,,United Kingdom,,True,False,False,True,True,-0.0,2011,1,2011-01,2011Q1,12,49,12:49:00,Morning
542363,84823,DANISH ROSE FOLDING CHAIR,1,2011-01-27 12:50:00,0.0,,United Kingdom,,True,False,False,False,True,0.0,2011,1,2011-01,2011Q1,12,50,12:50:00,Morning
542364,21324,HANGING MEDINA LANTERN SMALL,5,2011-01-27 12:50:00,0.0,,United Kingdom,,True,False,False,False,True,0.0,2011,1,2011-01,2011Q1,12,50,12:50:00,Morning
542365,21897,POTTING SHED CANDLE CITRONELLA,-22,2011-01-27 12:51:00,0.0,,United Kingdom,,True,False,False,True,True,-0.0,2011,1,2011-01,2011Q1,12,51,12:51:00,Morning
542367,82583,HOT BATHS METAL SIGN,-30,2011-01-27 12:57:00,0.0,,United Kingdom,,True,False,False,True,True,-0.0,2011,1,2011-01,2011Q1,12,57,12:57:00,Morning
542368,85188B,PINK METAL SWINGING BUNNY,-70,2011-01-27 12:59:00,0.0,,United Kingdom,,True,False,False,True,True,-0.0,2011,1,2011-01,2011Q1,12,59,12:59:00,Morning
542378,84279B,CHERRY BLOSSOM DECORATIVE FLASK,192,2011-01-27 13:56:00,0.0,,United Kingdom,,True,False,False,False,True,0.0,2011,1,2011-01,2011Q1,13,56,13:56:00,Afternoon
542379,35922,EASTER BUNNY WREATH,-30,2011-01-27 13:58:00,0.0,,United Kingdom,,True,False,False,True,True,-0.0,2011,1,2011-01,2011Q1,13,58,13:58:00,Afternoon
542380,84917,WHITE HAND TOWEL WITH BUTTERFLY,-50,2011-01-27 13:59:00,0.0,,United Kingdom,,True,False,False,True,True,-0.0,2011,1,2011-01,2011Q1,13,59,13:59:00,Afternoon
542391,84455,,-31,2011-01-27 14:54:00,0.0,,United Kingdom,,True,True,False,True,True,-0.0,2011,1,2011-01,2011Q1,14,54,14:54:00,Afternoon
542392,84227,,-2,2011-01-27 14:56:00,0.0,,United Kingdom,,True,True,False,True,True,-0.0,2011,1,2011-01,2011Q1,14,56,14:56:00,Afternoon
542394,84452,METAL RABBIT LADDER EASTER ,65,2011-01-27 15:11:00,0.0,,United Kingdom,,True,False,False,False,True,0.0,2011,1,2011-01,2011Q1,15,11,15:11:00,Afternoon
542396,22146,EASTER CRAFT IVY WREATH WITH CHICK,-4,2011-01-27 15:12:00,0.0,,United Kingdom,,True,False,False,True,True,-0.0,2011,1,2011-01,2011Q1,15,12,15:12:00,Afternoon
542414,84967A,,-2,2011-01-27 17:15:00,0.0,,United Kingdom,,True,True,False,True,True,-0.0,2011,1,2011-01,2011Q1,17,15,17:15:00,Afternoon
542415,84967B,,-1,2011-01-27 17:15:00,0.0,,United Kingdom,,True,True,False,True,True,-0.0,2011,1,2011-01,2011Q1,17,15,17:15:00,Afternoon
542417,84966B,,-11,2011-01-27 17:38:00,0.0,,United Kingdom,,True,True,False,True,True,-0.0,2011,1,2011-01,2011Q1,17,38,17:38:00,Afternoon
542418,84966A,,-17,2011-01-27 17:39:00,0.0,,United Kingdom,,True,True,False,True,True,-0.0,2011,1,2011-01,2011Q1,17,39,17:39:00,Afternoon
542504,37413,ICON MUG REVOLUTIONARY,5568,2011-01-28 12:03:00,0.0,,United Kingdom,,True,False,False,False,True,0.0,2011,1,2011-01,2011Q1,12,3,12:03:00,Morning
542505,79063D,"RETRO PILL BOX , REVOLUTIONARY",2560,2011-01-28 12:04:00,0.0,,United Kingdom,,True,False,False,False,True,0.0,2011,1,2011-01,2011Q1,12,4,12:04:00,Morning
542507,20798,CLEAR MILKSHAKE GLASS,5,2011-01-28 12:06:00,0.0,,United Kingdom,,True,False,False,False,True,0.0,2011,1,2011-01,2011Q1,12,6,12:06:00,Morning
542508,37467,PIG MUG IN TWO COLOUR DESIGNS,136,2011-01-28 12:06:00,0.0,,United Kingdom,,True,False,False,False,True,0.0,2011,1,2011-01,2011Q1,12,6,12:06:00,Morning
542509,85049B,LUSH GREENS RIBBONS,3,2011-01-28 12:07:00,0.0,,United Kingdom,,True,False,False,False,True,0.0,2011,1,2011-01,2011Q1,12,7,12:07:00,Morning
542510,21667,,2,2011-01-28 12:07:00,0.0,,United Kingdom,,True,True,False,False,True,0.0,2011,1,2011-01,2011Q1,12,7,12:07:00,Morning
542512,22830,UTILTY CABINET WITH HOOKS,2,2011-01-28 12:07:00,0.0,,United Kingdom,,True,False,False,False,True,0.0,2011,1,2011-01,2011Q1,12,7,12:07:00,Morning
542513,75013B,"STRING OF 8 BUTTERFLIES,PINK",2,2011-01-28 12:08:00,0.0,,United Kingdom,,True,False,False,False,True,0.0,2011,1,2011-01,2011Q1,12,8,12:08:00,Morning
542514,22866,HAND WARMER SCOTTY DOG DESIGN,1,2011-01-28 12:08:00,0.0,,United Kingdom,,True,False,False,False,True,0.0,2011,1,2011-01,2011Q1,12,8,12:08:00,Morning
542515,35607A,PINK FLUFFY CHRISTMAS DECORATION,1,2011-01-28 12:08:00,0.0,,United Kingdom,,True,False,False,False,True,0.0,2011,1,2011-01,2011Q1,12,8,12:08:00,Morning
542516,71477,COLOUR GLASS. STAR T-LIGHT HOLDER,4,2011-01-28 12:08:00,0.0,,United Kingdom,,True,False,False,False,True,0.0,2011,1,2011-01,2011Q1,12,8,12:08:00,Morning
542518,22184,CAKE STAND VICTORIAN FILIGREE LARGE,-13,2011-01-28 12:17:00,0.0,,United Kingdom,,True,False,False,True,True,-0.0,2011,1,2011-01,2011Q1,12,17,12:17:00,Morning
542529,DCGS0055,,-1,2011-01-28 13:08:00,0.0,,United Kingdom,,True,True,False,True,True,-0.0,2011,1,2011-01,2011Q1,13,8,13:08:00,Afternoon
542531,DCGS0072,,-1,2011-01-28 13:08:00,0.0,,United Kingdom,,True,True,False,True,True,-0.0,2011,1,2011-01,2011Q1,13,8,13:08:00,Afternoon
542532,DCGS0074,,-1,2011-01-28 13:09:00,0.0,,United Kingdom,,True,True,False,True,True,-0.0,2011,1,2011-01,2011Q1,13,9,13:09:00,Afternoon
542544,17165D,ASS COL LARGE SAND FROG P'WEIGHT,-10,2011-01-28 14:43:00,0.0,,United Kingdom,,True,False,False,True,True,-0.0,2011,1,2011-01,2011Q1,14,43,14:43:00,Afternoon
542545,17165D,ASS COL LARGE SAND FROG P'WEIGHT,9,2011-01-28 14:44:00,0.0,,United Kingdom,,True,False,False,False,True,0.0,2011,1,2011-01,2011Q1,14,44,14:44:00,Afternoon
542546,20734,SILVER MINI TAPE MEASURE ,-1,2011-01-28 14:44:00,0.0,,United Kingdom,,True,False,False,True,True,-0.0,2011,1,2011-01,2011Q1,14,44,14:44:00,Afternoon
542547,20864,,-1,2011-01-28 14:45:00,0.0,,United Kingdom,,True,True,False,True,True,-0.0,2011,1,2011-01,2011Q1,14,45,14:45:00,Afternoon
542548,20892,,-1,2011-01-28 14:45:00,0.0,,United Kingdom,,True,True,False,True,True,-0.0,2011,1,2011-01,2011Q1,14,45,14:45:00,Afternoon
542550,20910,VINTAGE PHOTO ALBUM PARIS DAYS,-1,2011-01-28 14:45:00,0.0,,United Kingdom,,True,False,False,True,True,-0.0,2011,1,2011-01,2011Q1,14,45,14:45:00,Afternoon
542551,21282,,-1,2011-01-28 14:46:00,0.0,,United Kingdom,,True,True,False,True,True,-0.0,2011,1,2011-01,2011Q1,14,46,14:46:00,Afternoon
542552,21645,ASSORTED TUTTI FRUTTI ROUND BOX,-1,2011-01-28 14:47:00,0.0,,United Kingdom,,True,False,False,True,True,-0.0,2011,1,2011-01,2011Q1,14,47,14:47:00,Afternoon
542553,21805,,-1,2011-01-28 14:49:00,0.0,,United Kingdom,,True,True,False,True,True,-0.0,2011,1,2011-01,2011Q1,14,49,14:49:00,Afternoon
542554,21836,GINGHAM OVEN GLOVE RED HEART ,-1,2011-01-28 14:49:00,0.0,,United Kingdom,,True,False,False,True,True,-0.0,2011,1,2011-01,2011Q1,14,49,14:49:00,Afternoon
542555,21841,BABY MOUSE RED GINGHAM DRESS,-1,2011-01-28 14:50:00,0.0,,United Kingdom,,True,False,False,True,True,-0.0,2011,1,2011-01,2011Q1,14,50,14:50:00,Afternoon
542556,22143,,-1,2011-01-28 14:50:00,0.0,,United Kingdom,,True,True,False,True,True,-0.0,2011,1,2011-01,2011Q1,14,50,14:50:00,Afternoon
542557,22765,NEWSPAPER STAND,-1,2011-01-28 14:50:00,0.0,,United Kingdom,,True,False,False,True,True,-0.0,2011,1,2011-01,2011Q1,14,50,14:50:00,Afternoon
542558,35644,,-1,2011-01-28 14:51:00,0.0,,United Kingdom,,True,True,False,True,True,-0.0,2011,1,2011-01,2011Q1,14,51,14:51:00,Afternoon
542559,35991,,-1,2011-01-28 14:51:00,0.0,,United Kingdom,,True,True,False,True,True,-0.0,2011,1,2011-01,2011Q1,14,51,14:51:00,Afternoon
542560,47579,,-1,2011-01-28 14:51:00,0.0,,United Kingdom,,True,True,False,True,True,-0.0,2011,1,2011-01,2011Q1,14,51,14:51:00,Afternoon
542561,84424A,,-1,2011-01-28 14:52:00,0.0,,United Kingdom,,True,True,False,True,True,-0.0,2011,1,2011-01,2011Q1,14,52,14:52:00,Afternoon
542562,84499,BLACK FLOWER CANDLE PLATE,-1,2011-01-28 14:52:00,0.0,,United Kingdom,,True,False,False,True,True,-0.0,2011,1,2011-01,2011Q1,14,52,14:52:00,Afternoon
542563,84509F,,-1,2011-01-28 14:52:00,0.0,,United Kingdom,,True,True,False,True,True,-0.0,2011,1,2011-01,2011Q1,14,52,14:52:00,Afternoon
542564,84526,,-1,2011-01-28 14:52:00,0.0,,United Kingdom,,True,True,False,True,True,-0.0,2011,1,2011-01,2011Q1,14,52,14:52:00,Afternoon
542565,84664,,-1,2011-01-28 14:52:00,0.0,,United Kingdom,,True,True,False,True,True,-0.0,2011,1,2011-01,2011Q1,14,52,14:52:00,Afternoon
542566,84964B,,-1,2011-01-28 14:53:00,0.0,,United Kingdom,,True,True,False,True,True,-0.0,2011,1,2011-01,2011Q1,14,53,14:53:00,Afternoon
542567,84975,HEART SHAPED MIRROR,-1,2011-01-28 14:53:00,0.0,,United Kingdom,,True,False,False,True,True,-0.0,2011,1,2011-01,2011Q1,14,53,14:53:00,Afternoon
542569,85028L,FRENCH CHATEAU LARGE FRUIT BOWL ,-1,2011-01-28 14:53:00,0.0,,United Kingdom,,True,False,False,True,True,-0.0,2011,1,2011-01,2011Q1,14,53,14:53:00,Afternoon
542570,85028S,FRENCH CHATEAU SMALL FRUITBOWL,-1,2011-01-28 14:53:00,0.0,,United Kingdom,,True,False,False,True,True,-0.0,2011,1,2011-01,2011Q1,14,53,14:53:00,Afternoon
542571,85031C,CURIOUS IMAGES SCRAP BOOK SET,-1,2011-01-28 14:54:00,0.0,,United Kingdom,,True,False,False,True,True,-0.0,2011,1,2011-01,2011Q1,14,54,14:54:00,Afternoon
542572,85064,CREAM SWEETHEART LETTER RACK,-1,2011-01-28 14:54:00,0.0,,United Kingdom,,True,False,False,True,True,-0.0,2011,1,2011-01,2011Q1,14,54,14:54:00,Afternoon
542573,85110,,-1,2011-01-28 14:55:00,0.0,,United Kingdom,,True,True,False,True,True,-0.0,2011,1,2011-01,2011Q1,14,55,14:55:00,Afternoon
542574,85119,,-1,2011-01-28 14:55:00,0.0,,United Kingdom,,True,True,False,True,True,-0.0,2011,1,2011-01,2011Q1,14,55,14:55:00,Afternoon
542575,85126,LARGE ROUND CUTGLASS CANDLESTICK,-1,2011-01-28 14:55:00,0.0,,United Kingdom,,True,False,False,True,True,-0.0,2011,1,2011-01,2011Q1,14,55,14:55:00,Afternoon
542576,85179B,,-1,2011-01-28 14:56:00,0.0,,United Kingdom,,True,True,False,True,True,-0.0,2011,1,2011-01,2011Q1,14,56,14:56:00,Afternoon
542577,85232B,SET OF 3 BABUSHKA STACKING TINS,-1,2011-01-28 14:56:00,0.0,,United Kingdom,,True,False,False,True,True,-0.0,2011,1,2011-01,2011Q1,14,56,14:56:00,Afternoon
542579,90000C,,-1,2011-01-28 14:57:00,0.0,,United Kingdom,,True,True,False,True,True,-0.0,2011,1,2011-01,2011Q1,14,57,14:57:00,Afternoon
542580,90095,,-1,2011-01-28 14:58:00,0.0,,United Kingdom,,True,True,False,True,True,-0.0,2011,1,2011-01,2011Q1,14,58,14:58:00,Afternoon
542581,90091,,-1,2011-01-28 14:58:00,0.0,,United Kingdom,,True,True,False,True,True,-0.0,2011,1,2011-01,2011Q1,14,58,14:58:00,Afternoon
542582,DCGS0057,,-6,2011-01-28 15:01:00,0.0,,United Kingdom,,True,True,False,True,True,-0.0,2011,1,2011-01,2011Q1,15,1,15:01:00,Afternoon
542783,21690,SILVER  CANDLEPOT JARDIN ,4,2011-02-01 10:02:00,0.0,,United Kingdom,,True,False,False,False,True,0.0,2011,2,2011-02,2011Q1,10,2,10:02:00,Morning
542784,84795C,,3,2011-02-01 10:04:00,0.0,,United Kingdom,,True,True,False,False,True,0.0,2011,2,2011-02,2011Q1,10,4,10:04:00,Morning
542861,47591B,SCOTTIES CHILDRENS APRON,-207,2011-02-01 11:47:00,0.0,,United Kingdom,?,True,False,False,True,True,-0.0,2011,2,2011-02,2011Q1,11,47,11:47:00,Morning
542879,22242,5 HOOK HANGER MAGIC TOADSTOOL,-19,2011-02-01 12:52:00,0.0,,United Kingdom,,True,False,False,True,True,-0.0,2011,2,2011-02,2011Q1,12,52,12:52:00,Morning
542880,22242,5 HOOK HANGER MAGIC TOADSTOOL,10,2011-02-01 12:53:00,0.0,,United Kingdom,,True,False,False,False,True,0.0,2011,2,2011-02,2011Q1,12,53,12:53:00,Morning
542882,22162,HEART GARLAND RUSTIC PADDED,-40,2011-02-01 12:55:00,0.0,,United Kingdom,,True,False,False,True,True,-0.0,2011,2,2011-02,2011Q1,12,55,12:55:00,Morning
542883,21448,12 DAISY PEGS IN WOOD BOX,-40,2011-02-01 13:07:00,0.0,,United Kingdom,,True,False,False,True,True,-0.0,2011,2,2011-02,2011Q1,13,7,13:07:00,Afternoon
542884,84748,FOLK FELT HANGING MULTICOL GARLAND,-52,2011-02-01 13:08:00,0.0,,United Kingdom,,True,False,False,True,True,-0.0,2011,2,2011-02,2011Q1,13,8,13:08:00,Afternoon
542885,84465,15 PINK FLUFFY CHICKS IN BOX,-6,2011-02-01 13:08:00,0.0,,United Kingdom,,True,False,False,True,True,-0.0,2011,2,2011-02,2011Q1,13,8,13:08:00,Afternoon
542965,35400,WOODEN BOX ADVENT CALENDAR ,2,2011-02-02 11:22:00,0.0,,United Kingdom,,True,False,False,False,True,0.0,2011,2,2011-02,2011Q1,11,22,11:22:00,Morning
543014,47591B,SCOTTIES CHILDRENS APRON,1,2011-02-02 13:36:00,0.0,,United Kingdom,,True,False,False,False,True,0.0,2011,2,2011-02,2011Q1,13,36,13:36:00,Afternoon
543034,85049F,BABY BOOM RIBBONS ,-130,2011-02-02 15:50:00,0.0,,United Kingdom,,True,False,False,True,True,-0.0,2011,2,2011-02,2011Q1,15,50,15:50:00,Afternoon
543035,35004C,SET OF 3 COLOURED  FLYING DUCKS,-206,2011-02-02 15:51:00,0.0,,United Kingdom,,True,False,False,True,True,-0.0,2011,2,2011-02,2011Q1,15,51,15:51:00,Afternoon
543049,79063C,"RETRO PILL BOX KEY CHAIN,THE KING",320,2011-02-03 10:09:00,0.0,,United Kingdom,,True,False,False,False,True,0.0,2011,2,2011-02,2011Q1,10,9,10:09:00,Morning
543051,79062D,"RETRO TIN ASHTRAY,REVOLUTIONARY",960,2011-02-03 10:15:00,0.0,,United Kingdom,,True,False,False,False,True,0.0,2011,2,2011-02,2011Q1,10,15,10:15:00,Morning
543176,22353,LUNCH BOX WITH CUTLERY FAIRY CAKES ,60,2011-02-04 09:52:00,0.0,,United Kingdom,,True,False,False,False,True,0.0,2011,2,2011-02,2011Q1,9,52,09:52:00,Morning
543194,21355,TOAST ITS - I LOVE YOU ,-217,2011-02-04 12:25:00,0.0,,United Kingdom,,True,False,False,True,True,-0.0,2011,2,2011-02,2011Q1,12,25,12:25:00,Morning
543238,22833,HALL CABINET WITH 3 DRAWERS,1,2011-02-04 13:42:00,0.0,,United Kingdom,,True,False,False,False,True,0.0,2011,2,2011-02,2011Q1,13,42,13:42:00,Afternoon
543254,35645,VINTAGE BEAD PINK JEWEL BOX,18,2011-02-04 15:40:00,0.0,,United Kingdom,,True,False,False,False,True,0.0,2011,2,2011-02,2011Q1,15,40,15:40:00,Afternoon
543257,84611B,thrown away,-1430,2011-02-04 16:06:00,0.0,,United Kingdom,thrown away,True,False,False,True,True,-0.0,2011,2,2011-02,2011Q1,16,6,16:06:00,Afternoon
543258,84611B,,1287,2011-02-04 16:06:00,0.0,,United Kingdom,,True,True,False,False,True,0.0,2011,2,2011-02,2011Q1,16,6,16:06:00,Afternoon
543259,84612B,thrown away,-162,2011-02-04 16:07:00,0.0,,United Kingdom,thrown away,True,False,False,True,True,-0.0,2011,2,2011-02,2011Q1,16,7,16:07:00,Afternoon
543260,84613A,PINK NEW BAROQUE FLOCK CANDLESTICK,-230,2011-02-04 16:07:00,0.0,,United Kingdom,thrown away,True,False,False,True,True,-0.0,2011,2,2011-02,2011Q1,16,7,16:07:00,Afternoon
543261,84613C,BLUE NEW BAROQUE FLOCK CANDLESTICK,-173,2011-02-04 16:08:00,0.0,,United Kingdom,,True,False,False,True,True,-0.0,2011,2,2011-02,2011Q1,16,8,16:08:00,Afternoon
543262,84614A,PINK BAROQUE FLOCK CANDLE HOLDER,-390,2011-02-04 16:08:00,0.0,,United Kingdom,thrown away,True,False,False,True,True,-0.0,2011,2,2011-02,2011Q1,16,8,16:08:00,Afternoon
543265,84872A,TEATIME FUNKY FLOWER BACKPACK FOR 2,-4,2011-02-04 17:23:00,0.0,,United Kingdom,,True,False,False,True,True,-0.0,2011,2,2011-02,2011Q1,17,23,17:23:00,Afternoon
543266,82095,HEART BUTTONS JEWELLERY BOX,-5,2011-02-04 17:24:00,0.0,,United Kingdom,,True,False,False,True,True,-0.0,2011,2,2011-02,2011Q1,17,24,17:24:00,Afternoon
543267,35645,VINTAGE BEAD PINK JEWEL BOX,3,2011-02-04 17:24:00,0.0,,United Kingdom,,True,False,False,False,True,0.0,2011,2,2011-02,2011Q1,17,24,17:24:00,Afternoon
543268,84306,S/3 PINK SQUARE PLANTERS ROSES,3,2011-02-04 17:24:00,0.0,,United Kingdom,,True,False,False,False,True,0.0,2011,2,2011-02,2011Q1,17,24,17:24:00,Afternoon
543269,84638,SMALL KITCHEN FLOWER POTS PLAQUE,-18,2011-02-04 17:25:00,0.0,,United Kingdom,,True,False,False,True,True,-0.0,2011,2,2011-02,2011Q1,17,25,17:25:00,Afternoon
543270,84631,FRUIT TREE AND BIRDS WALL PLAQUE,-19,2011-02-04 17:25:00,0.0,,United Kingdom,,True,False,False,True,True,-0.0,2011,2,2011-02,2011Q1,17,25,17:25:00,Afternoon
543271,21087,SET/6 POSIES PAPER CUPS,-6,2011-02-04 17:26:00,0.0,,United Kingdom,,True,False,False,True,True,-0.0,2011,2,2011-02,2011Q1,17,26,17:26:00,Afternoon
543308,35969,,-3,2011-02-07 12:04:00,0.0,,United Kingdom,,True,True,False,True,True,-0.0,2011,2,2011-02,2011Q1,12,4,12:04:00,Morning
543310,35954,SMALL FOLKART STAR CHRISTMAS DEC,-234,2011-02-07 12:10:00,0.0,,United Kingdom,,True,False,False,True,True,-0.0,2011,2,2011-02,2011Q1,12,10,12:10:00,Morning
543386,16207B,PINK HEART RED HANDBAG,4,2011-02-08 09:22:00,0.0,,United Kingdom,,True,False,False,False,True,0.0,2011,2,2011-02,2011Q1,9,22,09:22:00,Morning
543390,84880,WHITE WIRE EGG HOLDER,-5,2011-02-08 10:02:00,0.0,,United Kingdom,,True,False,False,True,True,-0.0,2011,2,2011-02,2011Q1,10,2,10:02:00,Morning
543453,21429,RED GINGHAM ROSE JEWELLERY BOX,1,2011-02-08 12:15:00,0.0,,United Kingdom,,True,False,False,False,True,0.0,2011,2,2011-02,2011Q1,12,15,12:15:00,Morning
543471,85150,LADIES & GENTLEMEN METAL SIGN,118,2011-02-08 15:00:00,0.0,,United Kingdom,,True,False,False,False,True,0.0,2011,2,2011-02,2011Q1,15,0,15:00:00,Afternoon
543472,22451,SILK PURSE BABUSHKA RED,1,2011-02-08 15:01:00,0.0,,United Kingdom,,True,False,False,False,True,0.0,2011,2,2011-02,2011Q1,15,1,15:01:00,Afternoon
543473,21661,,1,2011-02-08 15:01:00,0.0,,United Kingdom,,True,True,False,False,True,0.0,2011,2,2011-02,2011Q1,15,1,15:01:00,Afternoon
543521,22769,CHALKBOARD KITCHEN ORGANISER,-6,2011-02-09 11:49:00,0.0,,United Kingdom,,True,False,False,True,True,-0.0,2011,2,2011-02,2011Q1,11,49,11:49:00,Morning
543545,22627,MINT KITCHEN SCALES,-11,2011-02-09 15:50:00,0.0,,United Kingdom,,True,False,False,True,True,-0.0,2011,2,2011-02,2011Q1,15,50,15:50:00,Afternoon
543552,22847,BREAD BIN DINER STYLE IVORY,-10,2011-02-10 10:05:00,0.0,,United Kingdom,,True,False,False,True,True,-0.0,2011,2,2011-02,2011Q1,10,5,10:05:00,Morning
543599,84535B,FAIRY CAKES NOTEBOOK A6 SIZE,16,2011-02-10 13:08:00,0.0,17560,United Kingdom,FAIRY CAKES NOTEBOOK A6 SIZE,False,False,False,False,True,0.0,2011,2,2011-02,2011Q1,13,8,13:08:00,Afternoon
543654,22525,CHILDRENS GARDEN GLOVES PINK,-57,2011-02-11 10:29:00,0.0,,United Kingdom,,True,False,False,True,True,-0.0,2011,2,2011-02,2011Q1,10,29,10:29:00,Morning
543655,21717,EASTER TIN BUCKET,-42,2011-02-11 10:30:00,0.0,,United Kingdom,,True,False,False,True,True,-0.0,2011,2,2011-02,2011Q1,10,30,10:30:00,Morning
543656,84801B,WHITE HYDRANGEA ART FLOWER,-44,2011-02-11 10:30:00,0.0,,United Kingdom,,True,False,False,True,True,-0.0,2011,2,2011-02,2011Q1,10,30,10:30:00,Morning
543781,21655,HANGING RIDGE GLASS T-LIGHT HOLDER,19,2011-02-11 16:36:00,0.0,,United Kingdom,,True,False,False,False,True,0.0,2011,2,2011-02,2011Q1,16,36,16:36:00,Afternoon
543782,85232B,SET OF 3 BABUSHKA STACKING TINS,6,2011-02-11 16:36:00,0.0,,United Kingdom,,True,False,False,False,True,0.0,2011,2,2011-02,2011Q1,16,36,16:36:00,Afternoon
543783,20966,SANDWICH BATH SPONGE,-41,2011-02-11 16:45:00,0.0,,United Kingdom,,True,False,False,True,True,-0.0,2011,2,2011-02,2011Q1,16,45,16:45:00,Afternoon
543827,84406B,CREAM CUPID HEARTS COAT HANGER,-64,2011-02-14 09:44:00,0.0,,United Kingdom,incorrectly made-thrown away.,True,False,False,True,True,-0.0,2011,2,2011-02,2011Q1,9,44,09:44:00,Morning
544046,21785,RAIN PONCHO ,-140,2011-02-15 12:34:00,0.0,,United Kingdom,,True,False,False,True,True,-0.0,2011,2,2011-02,2011Q1,12,34,12:34:00,Morning
544063,22837,HOT WATER BOTTLE BABUSHKA ,-9,2011-02-15 13:37:00,0.0,,United Kingdom,,True,False,False,True,True,-0.0,2011,2,2011-02,2011Q1,13,37,13:37:00,Afternoon
544072,22837,HOT WATER BOTTLE BABUSHKA ,26,2011-02-15 14:32:00,0.0,,United Kingdom,,True,False,False,False,True,0.0,2011,2,2011-02,2011Q1,14,32,14:32:00,Afternoon
544086,21785,RAIN PONCHO ,-7,2011-02-15 16:49:00,0.0,,United Kingdom,,True,False,False,True,True,-0.0,2011,2,2011-02,2011Q1,16,49,16:49:00,Afternoon
544321,16033,MINI HIGHLIGHTER PENS,120,2011-02-17 15:42:00,0.0,,United Kingdom,,True,False,False,False,True,0.0,2011,2,2011-02,2011Q1,15,42,15:42:00,Afternoon
544342,22633,HAND WARMER UNION JACK,-53,2011-02-18 09:44:00,0.0,,United Kingdom,,True,False,False,True,True,-0.0,2011,2,2011-02,2011Q1,9,44,09:44:00,Morning
544343,22867,HAND WARMER BIRD DESIGN,-99,2011-02-18 09:45:00,0.0,,United Kingdom,,True,False,False,True,True,-0.0,2011,2,2011-02,2011Q1,9,45,09:45:00,Morning
544344,22865,HAND WARMER OWL DESIGN,51,2011-02-18 09:47:00,0.0,,United Kingdom,,True,False,False,False,True,0.0,2011,2,2011-02,2011Q1,9,47,09:47:00,Morning
544345,22866,HAND WARMER SCOTTY DOG DESIGN,1,2011-02-18 09:49:00,0.0,,United Kingdom,,True,False,False,False,True,0.0,2011,2,2011-02,2011Q1,9,49,09:49:00,Morning
544346,22114,HOT WATER BOTTLE TEA AND SYMPATHY,-21,2011-02-18 09:50:00,0.0,,United Kingdom,,True,False,False,True,True,-0.0,2011,2,2011-02,2011Q1,9,50,09:50:00,Morning
544347,22114,HOT WATER BOTTLE TEA AND SYMPATHY,-4,2011-02-18 09:51:00,0.0,,United Kingdom,,True,False,False,True,True,-0.0,2011,2,2011-02,2011Q1,9,51,09:51:00,Morning
544348,84029E,RED WOOLLY HOTTIE WHITE HEART.,13,2011-02-18 09:52:00,0.0,,United Kingdom,,True,False,False,False,True,0.0,2011,2,2011-02,2011Q1,9,52,09:52:00,Morning
544396,62094B,TURQ ICE CREAM BUM BAG ,-92,2011-02-18 12:16:00,0.0,,United Kingdom,,True,False,False,True,True,-0.0,2011,2,2011-02,2011Q1,12,16,12:16:00,Morning
544410,84997C,CHILDRENS CUTLERY POLKADOT BLUE,-741,2011-02-18 13:54:00,0.0,,United Kingdom,?,True,False,False,True,True,-0.0,2011,2,2011-02,2011Q1,13,54,13:54:00,Afternoon
544554,22588,CARD HOLDER GINGHAM HEART,-41,2011-02-21 12:12:00,0.0,,United Kingdom,,True,False,False,True,True,-0.0,2011,2,2011-02,2011Q1,12,12,12:12:00,Morning
544579,21651,HANGING GLASS ETCHED TEALIGHT,-6,2011-02-21 14:05:00,0.0,,United Kingdom,,True,False,False,True,True,-0.0,2011,2,2011-02,2011Q1,14,5,14:05:00,Afternoon
544649,21621,VINTAGE UNION JACK BUNTING,-400,2011-02-22 12:37:00,0.0,,United Kingdom,?,True,False,False,True,True,-0.0,2011,2,2011-02,2011Q1,12,37,12:37:00,Morning
544703,22202,MILK PAN PINK POLKADOT,-114,2011-02-23 10:35:00,0.0,,United Kingdom,,True,False,False,True,True,-0.0,2011,2,2011-02,2011Q1,10,35,10:35:00,Morning
544832,62096A,PINK/YELLOW FLOWERS HANDBAG,-88,2011-02-24 10:05:00,0.0,,United Kingdom,,True,False,False,True,True,-0.0,2011,2,2011-02,2011Q1,10,5,10:05:00,Morning
544834,90200C,BLUE SWEETHEART BRACELET,-33,2011-02-24 10:15:00,0.0,,United Kingdom,,True,False,False,True,True,-0.0,2011,2,2011-02,2011Q1,10,15,10:15:00,Morning
545127,22024,RAINY LADIES BIRTHDAY CARD,-50,2011-02-28 12:04:00,0.0,,United Kingdom,,True,False,False,True,True,-0.0,2011,2,2011-02,2011Q1,12,4,12:04:00,Morning
545135,22028,PENNY FARTHING BIRTHDAY CARD,-30,2011-02-28 12:06:00,0.0,,United Kingdom,,True,False,False,True,True,-0.0,2011,2,2011-02,2011Q1,12,6,12:06:00,Morning
545160,22666,RECIPE BOX PANTRY YELLOW DESIGN,1,2011-02-28 13:31:00,0.0,,United Kingdom,RECIPE BOX PANTRY YELLOW DESIGN,True,False,False,False,True,0.0,2011,2,2011-02,2011Q1,13,31,13:31:00,Afternoon
545160,22627,MINT KITCHEN SCALES,1,2011-02-28 13:31:00,0.0,,United Kingdom,MINT KITCHEN SCALES,True,False,False,False,True,0.0,2011,2,2011-02,2011Q1,13,31,13:31:00,Afternoon
545160,22625,RED KITCHEN SCALES,1,2011-02-28 13:31:00,0.0,,United Kingdom,RED KITCHEN SCALES,True,False,False,False,True,0.0,2011,2,2011-02,2011Q1,13,31,13:31:00,Afternoon
545160,22559,SEASIDE FLYING DISC,1,2011-02-28 13:31:00,0.0,,United Kingdom,SEASIDE FLYING DISC,True,False,False,False,True,0.0,2011,2,2011-02,2011Q1,13,31,13:31:00,Afternoon
545176,22470,HEART OF WICKER LARGE,1,2011-02-28 14:19:00,0.0,,United Kingdom,HEART OF WICKER LARGE,True,False,False,False,True,0.0,2011,2,2011-02,2011Q1,14,19,14:19:00,Afternoon
545176,22374,AIRLINE BAG VINTAGE JET SET RED,2,2011-02-28 14:19:00,0.0,,United Kingdom,AIRLINE BAG VINTAGE JET SET RED,True,False,False,False,True,0.0,2011,2,2011-02,2011Q1,14,19,14:19:00,Afternoon
545176,22371,AIRLINE BAG VINTAGE TOKYO 78,1,2011-02-28 14:19:00,0.0,,United Kingdom,AIRLINE BAG VINTAGE TOKYO 78,True,False,False,False,True,0.0,2011,2,2011-02,2011Q1,14,19,14:19:00,Afternoon
545176,22365,DOORMAT RESPECTABLE HOUSE,1,2011-02-28 14:19:00,0.0,,United Kingdom,DOORMAT RESPECTABLE HOUSE,True,False,False,False,True,0.0,2011,2,2011-02,2011Q1,14,19,14:19:00,Afternoon
545176,22363,GLASS JAR MARMALADE ,1,2011-02-28 14:19:00,0.0,,United Kingdom,GLASS JAR MARMALADE ,True,False,False,False,True,0.0,2011,2,2011-02,2011Q1,14,19,14:19:00,Afternoon
545176,22360,GLASS JAR ENGLISH CONFECTIONERY,1,2011-02-28 14:19:00,0.0,,United Kingdom,GLASS JAR ENGLISH CONFECTIONERY,True,False,False,False,True,0.0,2011,2,2011-02,2011Q1,14,19,14:19:00,Afternoon
545176,22364,GLASS JAR DIGESTIVE BISCUITS,1,2011-02-28 14:19:00,0.0,,United Kingdom,GLASS JAR DIGESTIVE BISCUITS,True,False,False,False,True,0.0,2011,2,2011-02,2011Q1,14,19,14:19:00,Afternoon
545176,22359,GLASS JAR KINGS CHOICE,2,2011-02-28 14:19:00,0.0,,United Kingdom,GLASS JAR KINGS CHOICE,True,False,False,False,True,0.0,2011,2,2011-02,2011Q1,14,19,14:19:00,Afternoon
545176,22357,KINGS CHOICE BISCUIT TIN,3,2011-02-28 14:19:00,0.0,,United Kingdom,KINGS CHOICE BISCUIT TIN,True,False,False,False,True,0.0,2011,2,2011-02,2011Q1,14,19,14:19:00,Afternoon
545176,22350,ILLUSTRATED CAT BOWL ,1,2011-02-28 14:19:00,0.0,,United Kingdom,ILLUSTRATED CAT BOWL ,True,False,False,False,True,0.0,2011,2,2011-02,2011Q1,14,19,14:19:00,Afternoon
545176,22300,COFFEE MUG DOG + BALL DESIGN,1,2011-02-28 14:19:00,0.0,,United Kingdom,COFFEE MUG DOG + BALL DESIGN,True,False,False,False,True,0.0,2011,2,2011-02,2011Q1,14,19,14:19:00,Afternoon
545176,22064,PINK DOUGHNUT TRINKET POT ,1,2011-02-28 14:19:00,0.0,,United Kingdom,PINK DOUGHNUT TRINKET POT ,True,False,False,False,True,0.0,2011,2,2011-02,2011Q1,14,19,14:19:00,Afternoon
545176,21888,BINGO SET,1,2011-02-28 14:19:00,0.0,,United Kingdom,BINGO SET,True,False,False,False,True,0.0,2011,2,2011-02,2011Q1,14,19,14:19:00,Afternoon
545176,21116,OWL DOORSTOP,5,2011-02-28 14:19:00,0.0,,United Kingdom,OWL DOORSTOP,True,False,False,False,True,0.0,2011,2,2011-02,2011Q1,14,19,14:19:00,Afternoon
545176,20724,RED RETROSPOT CHARLOTTE BAG,1,2011-02-28 14:19:00,0.0,,United Kingdom,RED RETROSPOT CHARLOTTE BAG,True,False,False,False,True,0.0,2011,2,2011-02,2011Q1,14,19,14:19:00,Afternoon
545176,20685,DOORMAT RED RETROSPOT,1,2011-02-28 14:19:00,0.0,,United Kingdom,DOORMAT RED RETROSPOT,True,False,False,False,True,0.0,2011,2,2011-02,2011Q1,14,19,14:19:00,Afternoon
545176,20652,BLUE POLKADOT LUGGAGE TAG ,3,2011-02-28 14:19:00,0.0,,United Kingdom,BLUE POLKADOT LUGGAGE TAG ,True,False,False,False,True,0.0,2011,2,2011-02,2011Q1,14,19,14:19:00,Afternoon
545176,20615,BLUE POLKADOT PASSPORT COVER,3,2011-02-28 14:19:00,0.0,,United Kingdom,BLUE POLKADOT PASSPORT COVER,True,False,False,False,True,0.0,2011,2,2011-02,2011Q1,14,19,14:19:00,Afternoon
545176,18098C,PORCELAIN BUTTERFLY OIL BURNER,6,2011-02-28 14:19:00,0.0,,United Kingdom,PORCELAIN BUTTERFLY OIL BURNER,True,False,False,False,True,0.0,2011,2,2011-02,2011Q1,14,19,14:19:00,Afternoon
545176,22383,LUNCH BAG SUKI DESIGN ,1,2011-02-28 14:19:00,0.0,,United Kingdom,LUNCH BAG SUKI DESIGN ,True,False,False,False,True,0.0,2011,2,2011-02,2011Q1,14,19,14:19:00,Afternoon
545176,85099F,JUMBO BAG STRAWBERRY,1,2011-02-28 14:19:00,0.0,,United Kingdom,JUMBO BAG STRAWBERRY,True,False,False,False,True,0.0,2011,2,2011-02,2011Q1,14,19,14:19:00,Afternoon
545176,84968E,SET OF 16 VINTAGE BLACK CUTLERY,1,2011-02-28 14:19:00,0.0,,United Kingdom,SET OF 16 VINTAGE BLACK CUTLERY,True,False,False,False,True,0.0,2011,2,2011-02,2011Q1,14,19,14:19:00,Afternoon
545176,84872A,TEATIME FUNKY FLOWER BACKPACK FOR 2,1,2011-02-28 14:19:00,0.0,,United Kingdom,TEATIME FUNKY FLOWER BACKPACK FOR 2,True,False,False,False,True,0.0,2011,2,2011-02,2011Q1,14,19,14:19:00,Afternoon
545176,22676,FRENCH BLUE METAL DOOR SIGN 1,1,2011-02-28 14:19:00,0.0,,United Kingdom,FRENCH BLUE METAL DOOR SIGN 1,True,False,False,False,True,0.0,2011,2,2011-02,2011Q1,14,19,14:19:00,Afternoon
545176,21899,GARAGE KEY FOB,1,2011-02-28 14:19:00,0.0,,United Kingdom,"KEY FOB , GARAGE DESIGN",True,False,False,False,True,0.0,2011,2,2011-02,2011Q1,14,19,14:19:00,Afternoon
545176,22524,CHILDRENS GARDEN GLOVES BLUE,1,2011-02-28 14:19:00,0.0,,United Kingdom,CHILDRENS GARDEN GLOVES BLUE,True,False,False,False,True,0.0,2011,2,2011-02,2011Q1,14,19,14:19:00,Afternoon
545176,84692,BOX OF 24 COCKTAIL PARASOLS,1,2011-02-28 14:19:00,0.0,,United Kingdom,BOX OF 24 COCKTAIL PARASOLS,True,False,False,False,True,0.0,2011,2,2011-02,2011Q1,14,19,14:19:00,Afternoon
545176,79321,CHILLI LIGHTS,1,2011-02-28 14:19:00,0.0,,United Kingdom,CHILLI LIGHTS,True,False,False,False,True,0.0,2011,2,2011-02,2011Q1,14,19,14:19:00,Afternoon
545176,37333,"RETRO ""TEA FOR ONE"" ",3,2011-02-28 14:19:00,0.0,,United Kingdom,"RETRO ""TEA FOR ONE"" ",True,False,False,False,True,0.0,2011,2,2011-02,2011Q1,14,19,14:19:00,Afternoon
545176,22697,GREEN REGENCY TEACUP AND SAUCER,1,2011-02-28 14:19:00,0.0,,United Kingdom,GREEN REGENCY TEACUP AND SAUCER,True,False,False,False,True,0.0,2011,2,2011-02,2011Q1,14,19,14:19:00,Afternoon
545176,22699,ROSES REGENCY TEACUP AND SAUCER ,1,2011-02-28 14:19:00,0.0,,United Kingdom,ROSES REGENCY TEACUP AND SAUCER ,True,False,False,False,True,0.0,2011,2,2011-02,2011Q1,14,19,14:19:00,Afternoon
545176,22698,PINK REGENCY TEACUP AND SAUCER,1,2011-02-28 14:19:00,0.0,,United Kingdom,PINK REGENCY TEACUP AND SAUCER,True,False,False,False,True,0.0,2011,2,2011-02,2011Q1,14,19,14:19:00,Afternoon
545176,22689,DOORMAT MERRY CHRISTMAS RED ,3,2011-02-28 14:19:00,0.0,,United Kingdom,DOORMAT MERRY CHRISTMAS RED ,True,False,False,False,True,0.0,2011,2,2011-02,2011Q1,14,19,14:19:00,Afternoon
545176,22681,FRENCH BLUE METAL DOOR SIGN 6,2,2011-02-28 14:19:00,0.0,,United Kingdom,FRENCH BLUE METAL DOOR SIGN 6,True,False,False,False,True,0.0,2011,2,2011-02,2011Q1,14,19,14:19:00,Afternoon
545176,22678,FRENCH BLUE METAL DOOR SIGN 3,1,2011-02-28 14:19:00,0.0,,United Kingdom,FRENCH BLUE METAL DOOR SIGN 3,True,False,False,False,True,0.0,2011,2,2011-02,2011Q1,14,19,14:19:00,Afternoon
545176,22686,FRENCH BLUE METAL DOOR SIGN No,2,2011-02-28 14:19:00,0.0,,United Kingdom,FRENCH BLUE METAL DOOR SIGN No,True,False,False,False,True,0.0,2011,2,2011-02,2011Q1,14,19,14:19:00,Afternoon
545176,22681,FRENCH BLUE METAL DOOR SIGN 6,3,2011-02-28 14:19:00,0.0,,United Kingdom,FRENCH BLUE METAL DOOR SIGN 6,True,False,False,False,True,0.0,2011,2,2011-02,2011Q1,14,19,14:19:00,Afternoon
545176,22677,FRENCH BLUE METAL DOOR SIGN 2,1,2011-02-28 14:19:00,0.0,,United Kingdom,FRENCH BLUE METAL DOOR SIGN 2,True,False,False,False,True,0.0,2011,2,2011-02,2011Q1,14,19,14:19:00,Afternoon
545176,22683,FRENCH BLUE METAL DOOR SIGN 8,1,2011-02-28 14:19:00,0.0,,United Kingdom,FRENCH BLUE METAL DOOR SIGN 8,True,False,False,False,True,0.0,2011,2,2011-02,2011Q1,14,19,14:19:00,Afternoon
545176,22676,FRENCH BLUE METAL DOOR SIGN 1,2,2011-02-28 14:19:00,0.0,,United Kingdom,FRENCH BLUE METAL DOOR SIGN 1,True,False,False,False,True,0.0,2011,2,2011-02,2011Q1,14,19,14:19:00,Afternoon
545176,22665,RECIPE BOX BLUE SKETCHBOOK DESIGN,1,2011-02-28 14:19:00,0.0,,United Kingdom,RECIPE BOX BLUE SKETCHBOOK DESIGN,True,False,False,False,True,0.0,2011,2,2011-02,2011Q1,14,19,14:19:00,Afternoon
545176,22649,STRAWBERRY FAIRY CAKE TEAPOT,1,2011-02-28 14:19:00,0.0,,United Kingdom,STRAWBERRY FAIRY CAKE TEAPOT,True,False,False,False,True,0.0,2011,2,2011-02,2011Q1,14,19,14:19:00,Afternoon
545176,22627,MINT KITCHEN SCALES,1,2011-02-28 14:19:00,0.0,,United Kingdom,MINT KITCHEN SCALES,True,False,False,False,True,0.0,2011,2,2011-02,2011Q1,14,19,14:19:00,Afternoon
545176,22625,RED KITCHEN SCALES,4,2011-02-28 14:19:00,0.0,,United Kingdom,RED KITCHEN SCALES,True,False,False,False,True,0.0,2011,2,2011-02,2011Q1,14,19,14:19:00,Afternoon
545176,22624,IVORY KITCHEN SCALES,8,2011-02-28 14:19:00,0.0,,United Kingdom,IVORY KITCHEN SCALES,True,False,False,False,True,0.0,2011,2,2011-02,2011Q1,14,19,14:19:00,Afternoon
545176,22619,SET OF 6 SOLDIER SKITTLES,1,2011-02-28 14:19:00,0.0,,United Kingdom,SET OF 6 SOLDIER SKITTLES,True,False,False,False,True,0.0,2011,2,2011-02,2011Q1,14,19,14:19:00,Afternoon
545176,22550,HOLIDAY FUN LUDO,1,2011-02-28 14:19:00,0.0,,United Kingdom,HOLIDAY FUN LUDO,True,False,False,False,True,0.0,2011,2,2011-02,2011Q1,14,19,14:19:00,Afternoon
545176,22473,TV DINNER TRAY VINTAGE PAISLEY,1,2011-02-28 14:19:00,0.0,,United Kingdom,TV DINNER TRAY VINTAGE PAISLEY,True,False,False,False,True,0.0,2011,2,2011-02,2011Q1,14,19,14:19:00,Afternoon
545176,22475,SKULL DESIGN TV DINNER TRAY,3,2011-02-28 14:19:00,0.0,,United Kingdom,SKULL DESIGN TV DINNER TRAY,True,False,False,False,True,0.0,2011,2,2011-02,2011Q1,14,19,14:19:00,Afternoon
545219,20738,,-36,2011-02-28 17:04:00,0.0,,United Kingdom,,True,True,False,True,True,-0.0,2011,2,2011-02,2011Q1,17,4,17:04:00,Afternoon
545236,22797,CHEST OF DRAWERS GINGHAM HEART ,-15,2011-03-01 10:32:00,0.0,,United Kingdom,damages,True,False,False,True,True,-0.0,2011,3,2011-03,2011Q1,10,32,10:32:00,Morning
545401,21769,VINTAGE POST OFFICE CABINET,-5,2011-03-02 12:03:00,0.0,,United Kingdom,showroom,True,False,False,True,True,-0.0,2011,3,2011-03,2011Q1,12,3,12:03:00,Morning
545402,22862,LOVE HEART NAPKIN BOX ,-33,2011-03-02 12:07:00,0.0,,United Kingdom,,True,False,False,True,True,-0.0,2011,3,2011-03,2011Q1,12,7,12:07:00,Morning
545546,84249A,"GREETING CARD,SQUARE, DOUGHNUTS",-150,2011-03-03 15:03:00,0.0,,United Kingdom,check,True,False,False,True,True,-0.0,2011,3,2011-03,2011Q1,15,3,15:03:00,Afternoon
545547,85061W,WHITE JEWELLED HEART DECORATION,-391,2011-03-03 15:07:00,0.0,,United Kingdom,,True,False,False,True,True,-0.0,2011,3,2011-03,2011Q1,15,7,15:07:00,Afternoon
545548,77101A,UNION FLAG WINDSOCK,-87,2011-03-03 15:08:00,0.0,,United Kingdom,,True,False,False,True,True,-0.0,2011,3,2011-03,2011Q1,15,8,15:08:00,Afternoon
545549,15058B,PINK POLKADOT GARDEN PARASOL,-61,2011-03-03 15:10:00,0.0,,United Kingdom,,True,False,False,True,True,-0.0,2011,3,2011-03,2011Q1,15,10,15:10:00,Afternoon
545551,15058A,BLUE POLKADOT GARDEN PARASOL,20,2011-03-03 15:11:00,0.0,,United Kingdom,,True,False,False,False,True,0.0,2011,3,2011-03,2011Q1,15,11,15:11:00,Afternoon
545552,22021,BLUE FELT EASTER EGG BASKET,-20,2011-03-03 15:11:00,0.0,,United Kingdom,,True,False,False,True,True,-0.0,2011,3,2011-03,2011Q1,15,11,15:11:00,Afternoon
545553,84459B,YELLOW METAL CHICKEN HEART ,16,2011-03-03 15:12:00,0.0,,United Kingdom,,True,False,False,False,True,0.0,2011,3,2011-03,2011Q1,15,12,15:12:00,Afternoon
545554,22988,SOLDIERS EGG CUP ,-70,2011-03-03 15:12:00,0.0,,United Kingdom,,True,False,False,True,True,-0.0,2011,3,2011-03,2011Q1,15,12,15:12:00,Afternoon
545560,37464,,-2,2011-03-03 16:12:00,0.0,,United Kingdom,,True,True,False,True,True,-0.0,2011,3,2011-03,2011Q1,16,12,16:12:00,Afternoon
545561,37379A,,-9,2011-03-03 16:12:00,0.0,,United Kingdom,,True,True,False,True,True,-0.0,2011,3,2011-03,2011Q1,16,12,16:12:00,Afternoon
545562,20689,,-5,2011-03-03 16:12:00,0.0,,United Kingdom,,True,True,False,True,True,-0.0,2011,3,2011-03,2011Q1,16,12,16:12:00,Afternoon
545563,20671,BLUE TEATIME PRINT BOWL ,-22,2011-03-03 16:13:00,0.0,,United Kingdom,,True,False,False,True,True,-0.0,2011,3,2011-03,2011Q1,16,13,16:13:00,Afternoon
545564,85092,CANDY SPOT TEA COSY,-9,2011-03-03 16:13:00,0.0,,United Kingdom,,True,False,False,True,True,-0.0,2011,3,2011-03,2011Q1,16,13,16:13:00,Afternoon
545565,47563B,,-10,2011-03-03 16:14:00,0.0,,United Kingdom,,True,True,False,True,True,-0.0,2011,3,2011-03,2011Q1,16,14,16:14:00,Afternoon
545566,37477D,,-9,2011-03-03 16:14:00,0.0,,United Kingdom,,True,True,False,True,True,-0.0,2011,3,2011-03,2011Q1,16,14,16:14:00,Afternoon
545567,37444B,BLUE BREAKFAST CUP AND SAUCER ,-3,2011-03-03 16:14:00,0.0,,United Kingdom,,True,False,False,True,True,-0.0,2011,3,2011-03,2011Q1,16,14,16:14:00,Afternoon
545598,22080,RIBBON REEL POLKADOTS ,-278,2011-03-04 11:16:00,0.0,,United Kingdom,,True,False,False,True,True,-0.0,2011,3,2011-03,2011Q1,11,16,11:16:00,Morning
545599,22272,FELTCRAFT DOLL MARIA,-140,2011-03-04 11:17:00,0.0,,United Kingdom,,True,False,False,True,True,-0.0,2011,3,2011-03,2011Q1,11,17,11:17:00,Morning
545600,85160A,WHITE BIRD GARDEN DESIGN MUG,-21,2011-03-04 11:45:00,0.0,,United Kingdom,,True,False,False,True,True,-0.0,2011,3,2011-03,2011Q1,11,45,11:45:00,Morning
545651,21973,SET OF 36 MUSHROOM PAPER DOILIES,140,2011-03-04 13:14:00,0.0,,United Kingdom,,True,False,False,False,True,0.0,2011,3,2011-03,2011Q1,13,14,13:14:00,Afternoon
545666,37468,HARDMAN MUG 3 ASSORTED,67,2011-03-04 15:33:00,0.0,,United Kingdom,,True,False,False,False,True,0.0,2011,3,2011-03,2011Q1,15,33,15:33:00,Afternoon
545857,20681,PINK POLKADOT CHILDRENS UMBRELLA,-154,2011-03-07 13:56:00,0.0,,United Kingdom,MIA,True,False,False,True,True,-0.0,2011,3,2011-03,2011Q1,13,56,13:56:00,Afternoon
545875,21736,GOLD SCROLL GLASS T-LIGHT HOLDER,34,2011-03-07 15:18:00,0.0,,United Kingdom,Adjustment,True,False,False,False,True,0.0,2011,3,2011-03,2011Q1,15,18,15:18:00,Afternoon
545990,84598,BOYS ALPHABET IRON ON PATCHES,-3000,2011-03-08 13:07:00,0.0,,United Kingdom,check,True,False,False,True,True,-0.0,2011,3,2011-03,2011Q1,13,7,13:07:00,Afternoon
546010,22423,REGENCY CAKESTAND 3 TIER,-19,2011-03-08 15:55:00,0.0,,United Kingdom,damages,True,False,False,True,True,-0.0,2011,3,2011-03,2011Q1,15,55,15:55:00,Afternoon
546016,85172,HYACINTH BULB T-LIGHT CANDLES,-675,2011-03-08 17:21:00,0.0,,United Kingdom,Dotcom set,True,False,False,True,True,-0.0,2011,3,2011-03,2011Q1,17,21,17:21:00,Afternoon
546018,85172,HYACINTH BULB T-LIGHT CANDLES,-600,2011-03-08 17:23:00,0.0,,United Kingdom,wrongly sold as sets,True,False,False,True,True,-0.0,2011,3,2011-03,2011Q1,17,23,17:23:00,Afternoon
546020,85175,CACTI T-LIGHT CANDLES,-210,2011-03-08 17:27:00,0.0,,United Kingdom,Amazon sold sets,True,False,False,True,True,-0.0,2011,3,2011-03,2011Q1,17,27,17:27:00,Afternoon
546021,85175,CACTI T-LIGHT CANDLES,-345,2011-03-08 17:27:00,0.0,,United Kingdom,dotcom sold sets,True,False,False,True,True,-0.0,2011,3,2011-03,2011Q1,17,27,17:27:00,Afternoon
546023,85175,CACTI T-LIGHT CANDLES,-975,2011-03-08 17:29:00,0.0,,United Kingdom,wrongly sold sets,True,False,False,True,True,-0.0,2011,3,2011-03,2011Q1,17,29,17:29:00,Afternoon
546024,85175,CACTI T-LIGHT CANDLES,-1200,2011-03-08 17:31:00,0.0,,United Kingdom,? sold as sets?,True,False,False,True,True,-0.0,2011,3,2011-03,2011Q1,17,31,17:31:00,Afternoon
546025,85172,HYACINTH BULB T-LIGHT CANDLES,-600,2011-03-08 17:31:00,0.0,,United Kingdom,?sold as sets?,True,False,False,True,True,-0.0,2011,3,2011-03,2011Q1,17,31,17:31:00,Afternoon
546026,90200C,BLUE SWEETHEART BRACELET,4,2011-03-08 17:43:00,0.0,,United Kingdom,,True,False,False,False,True,0.0,2011,3,2011-03,2011Q1,17,43,17:43:00,Afternoon
546085,84535A,ENGLISH ROSE NOTEBOOK A6 SIZE,144,2011-03-09 11:32:00,0.0,,United Kingdom,,True,False,False,False,True,0.0,2011,3,2011-03,2011Q1,11,32,11:32:00,Morning
546114,84247K,"FOLK ART GREETING CARD,pack/12",47,2011-03-09 13:47:00,0.0,,United Kingdom,,True,False,False,False,True,0.0,2011,3,2011-03,2011Q1,13,47,13:47:00,Afternoon
546124,35610C,WHITE CHRISTMAS FLOCK DROPLET ,-1121,2011-03-09 14:50:00,0.0,,United Kingdom,Thrown away.,True,False,False,True,True,-0.0,2011,3,2011-03,2011Q1,14,50,14:50:00,Afternoon
546126,35611B,thrown away,-27,2011-03-09 14:52:00,0.0,,United Kingdom,thrown away,True,False,False,True,True,-0.0,2011,3,2011-03,2011Q1,14,52,14:52:00,Afternoon
546129,35610B,BLACK CHRISTMAS FLOCK DROPLET ,-541,2011-03-09 15:07:00,0.0,,United Kingdom,thrown away,True,False,False,True,True,-0.0,2011,3,2011-03,2011Q1,15,7,15:07:00,Afternoon
546130,35610A,PINK CHRISTMAS FLOCK DROPLET ,-1277,2011-03-09 15:08:00,0.0,,United Kingdom,thrown away,True,False,False,True,True,-0.0,2011,3,2011-03,2011Q1,15,8,15:08:00,Afternoon
546137,20893,HANGING BAUBLE T-LIGHT HOLDER SMALL,-197,2011-03-09 16:33:00,0.0,,United Kingdom,damages/display,True,False,False,True,True,-0.0,2011,3,2011-03,2011Q1,16,33,16:33:00,Afternoon
546138,21815,STAR  T-LIGHT HOLDER ,-300,2011-03-09 16:34:00,0.0,,United Kingdom,?,True,False,False,True,True,-0.0,2011,3,2011-03,2011Q1,16,34,16:34:00,Afternoon
546139,84988,SET OF 72 PINK HEART PAPER DOILIES,3000,2011-03-09 16:35:00,0.0,,United Kingdom,?,True,False,False,False,True,0.0,2011,3,2011-03,2011Q1,16,35,16:35:00,Afternoon
546140,21527,RED RETROSPOT TRADITIONAL TEAPOT ,-30,2011-03-09 16:35:00,0.0,,United Kingdom,damages,True,False,False,True,True,-0.0,2011,3,2011-03,2011Q1,16,35,16:35:00,Afternoon
546141,79302M,"ART LIGHTS,FUNK MONKEY",73,2011-03-09 16:36:00,0.0,,United Kingdom,,True,False,False,False,True,0.0,2011,3,2011-03,2011Q1,16,36,16:36:00,Afternoon
546142,40016,CHINESE DRAGON PAPER LANTERNS,-1100,2011-03-09 16:37:00,0.0,,United Kingdom,damaged stock,True,False,False,True,True,-0.0,2011,3,2011-03,2011Q1,16,37,16:37:00,Afternoon
546145,21537,RED RETROSPOT PUDDING BOWL,-80,2011-03-09 16:39:00,0.0,,United Kingdom,?,True,False,False,True,True,-0.0,2011,3,2011-03,2011Q1,16,39,16:39:00,Afternoon
546146,20752,BLUE POLKADOT WASHING UP GLOVES,-40,2011-03-09 16:41:00,0.0,,United Kingdom,,True,False,False,True,True,-0.0,2011,3,2011-03,2011Q1,16,41,16:41:00,Afternoon
546147,21320,GLASS CHALICE GREEN  LARGE ,-63,2011-03-09 16:42:00,0.0,,United Kingdom,broken,True,False,False,True,True,-0.0,2011,3,2011-03,2011Q1,16,42,16:42:00,Afternoon
546148,85049D,BRIGHT BLUES RIBBONS ,-100,2011-03-09 16:43:00,0.0,,United Kingdom,?,True,False,False,True,True,-0.0,2011,3,2011-03,2011Q1,16,43,16:43:00,Afternoon
546149,20866,BLUE ROSE FABRIC MIRROR,-230,2011-03-09 17:02:00,0.0,,United Kingdom,?,True,False,False,True,True,-0.0,2011,3,2011-03,2011Q1,17,2,17:02:00,Afternoon
546150,21503,TOYBOX  WRAP ,-140,2011-03-09 17:03:00,0.0,,United Kingdom,,True,False,False,True,True,-0.0,2011,3,2011-03,2011Q1,17,3,17:03:00,Afternoon
546151,21504,SKULLS GREETING CARD,-80,2011-03-09 17:04:00,0.0,,United Kingdom,,True,False,False,True,True,-0.0,2011,3,2011-03,2011Q1,17,4,17:04:00,Afternoon
546152,72140F,throw away,-5368,2011-03-09 17:25:00,0.0,,United Kingdom,throw away,True,False,False,True,True,-0.0,2011,3,2011-03,2011Q1,17,25,17:25:00,Afternoon
546240,85045,GREEN CHRISTMAS TREE STRING 20LIGHT,20,2011-03-10 13:00:00,0.0,,United Kingdom,,True,False,False,False,True,0.0,2011,3,2011-03,2011Q1,13,0,13:00:00,Afternoon
546244,21484,CHICK GREY HOT WATER BOTTLE,219,2011-03-10 13:24:00,0.0,,United Kingdom,,True,False,False,False,True,0.0,2011,3,2011-03,2011Q1,13,24,13:24:00,Afternoon
546245,85185B,PINK HORSE SOCK PUPPET,-259,2011-03-10 13:26:00,0.0,,United Kingdom,?,True,False,False,True,True,-0.0,2011,3,2011-03,2011Q1,13,26,13:26:00,Afternoon
546307,84029G,KNITTED UNION FLAG HOT WATER BOTTLE,280,2011-03-10 16:22:00,0.0,,United Kingdom,,True,False,False,False,True,0.0,2011,3,2011-03,2011Q1,16,22,16:22:00,Afternoon
546308,21555,CERAMIC STRAWBERRY TRINKET TRAY,232,2011-03-10 16:23:00,0.0,,United Kingdom,,True,False,False,False,True,0.0,2011,3,2011-03,2011Q1,16,23,16:23:00,Afternoon
546309,85185B,PINK HORSE SOCK PUPPET,180,2011-03-10 16:24:00,0.0,,United Kingdom,,True,False,False,False,True,0.0,2011,3,2011-03,2011Q1,16,24,16:24:00,Afternoon
546375,85096,HILDA CANDY SPOT RABBIT,48,2011-03-11 12:07:00,0.0,,United Kingdom,,True,False,False,False,True,0.0,2011,3,2011-03,2011Q1,12,7,12:07:00,Morning
546379,72225C,LAVENDER SCENT CAKE CANDLE,-82,2011-03-11 12:21:00,0.0,,United Kingdom,,True,False,False,True,True,-0.0,2011,3,2011-03,2011Q1,12,21,12:21:00,Morning
546406,46000S,POLYESTER FILLER PAD 40x40cm,70,2011-03-11 16:21:00,0.0,,United Kingdom,POLYESTER FILLER PAD 40x40cm,True,False,False,False,True,0.0,2011,3,2011-03,2011Q1,16,21,16:21:00,Afternoon
546406,46000M,POLYESTER FILLER PAD 45x45cm,60,2011-03-11 16:21:00,0.0,,United Kingdom,POLYESTER FILLER PAD 45x45cm,True,False,False,False,True,0.0,2011,3,2011-03,2011Q1,16,21,16:21:00,Afternoon
546407,22719,GUMBALL MONOCHROME COAT RACK,-178,2011-03-11 16:24:00,0.0,,United Kingdom,wrong barcode (22467),True,False,False,True,True,-0.0,2011,3,2011-03,2011Q1,16,24,16:24:00,Afternoon
546408,22467,GUMBALL COAT RACK,170,2011-03-11 16:25:00,0.0,,United Kingdom,wrongly sold (22719) barcode,True,False,False,False,True,0.0,2011,3,2011-03,2011Q1,16,25,16:25:00,Afternoon
546409,21833,CAMOUFLAGE LED TORCH,-110,2011-03-11 16:27:00,0.0,,United Kingdom,damages,True,False,False,True,True,-0.0,2011,3,2011-03,2011Q1,16,27,16:27:00,Afternoon
546551,84563A,PINK & WHITE BREAKFAST TRAY,-10,2011-03-14 17:33:00,0.0,,United Kingdom,,True,False,False,True,True,-0.0,2011,3,2011-03,2011Q1,17,33,17:33:00,Afternoon
546661,22777,GLASS CLOCHE LARGE,-25,2011-03-15 14:33:00,0.0,,United Kingdom,,True,False,False,True,True,-0.0,2011,3,2011-03,2011Q1,14,33,14:33:00,Afternoon
546666,79321,CHILLI LIGHTS,72,2011-03-15 15:14:00,0.0,,United Kingdom,,True,False,False,False,True,0.0,2011,3,2011-03,2011Q1,15,14,15:14:00,Afternoon
546672,85206A,CREAM FELT EASTER EGG BASKET,-77,2011-03-15 15:47:00,0.0,,United Kingdom,,True,False,False,True,True,-0.0,2011,3,2011-03,2011Q1,15,47,15:47:00,Afternoon
546673,23348,CHILDRENS TOY COOKING UTENSIL SET,48,2011-03-15 16:11:00,0.0,,United Kingdom,,True,False,False,False,True,0.0,2011,3,2011-03,2011Q1,16,11,16:11:00,Afternoon
546756,79067,CORONA MEXICAN TRAY,-5,2011-03-16 13:31:00,0.0,,United Kingdom,,True,False,False,True,True,-0.0,2011,3,2011-03,2011Q1,13,31,13:31:00,Afternoon
546933,85123A,WHITE HANGING HEART T-LIGHT HOLDER,1,2011-03-18 11:02:00,0.0,,United Kingdom,WHITE HANGING HEART T-LIGHT HOLDER,True,False,False,False,True,0.0,2011,3,2011-03,2011Q1,11,2,11:02:00,Morning
546933,85099B,JUMBO BAG RED RETROSPOT,2,2011-03-18 11:02:00,0.0,,United Kingdom,JUMBO BAG RED RETROSPOT,True,False,False,False,True,0.0,2011,3,2011-03,2011Q1,11,2,11:02:00,Morning
546933,48184,DOORMAT ENGLISH ROSE ,2,2011-03-18 11:02:00,0.0,,United Kingdom,DOORMAT ENGLISH ROSE ,True,False,False,False,True,0.0,2011,3,2011-03,2011Q1,11,2,11:02:00,Morning
546933,22692,DOORMAT WELCOME TO OUR HOME,1,2011-03-18 11:02:00,0.0,,United Kingdom,DOORMAT WELCOME TO OUR HOME,True,False,False,False,True,0.0,2011,3,2011-03,2011Q1,11,2,11:02:00,Morning
546933,22683,FRENCH BLUE METAL DOOR SIGN 8,2,2011-03-18 11:02:00,0.0,,United Kingdom,FRENCH BLUE METAL DOOR SIGN 8,True,False,False,False,True,0.0,2011,3,2011-03,2011Q1,11,2,11:02:00,Morning
546933,22686,FRENCH BLUE METAL DOOR SIGN No,3,2011-03-18 11:02:00,0.0,,United Kingdom,FRENCH BLUE METAL DOOR SIGN No,True,False,False,False,True,0.0,2011,3,2011-03,2011Q1,11,2,11:02:00,Morning
546933,22681,FRENCH BLUE METAL DOOR SIGN 6,7,2011-03-18 11:02:00,0.0,,United Kingdom,FRENCH BLUE METAL DOOR SIGN 6,True,False,False,False,True,0.0,2011,3,2011-03,2011Q1,11,2,11:02:00,Morning
546933,22682,FRENCH BLUE METAL DOOR SIGN 7,3,2011-03-18 11:02:00,0.0,,United Kingdom,FRENCH BLUE METAL DOOR SIGN 7,True,False,False,False,True,0.0,2011,3,2011-03,2011Q1,11,2,11:02:00,Morning
546933,22685,FRENCH BLUE METAL DOOR SIGN 0,1,2011-03-18 11:02:00,0.0,,United Kingdom,FRENCH BLUE METAL DOOR SIGN 0,True,False,False,False,True,0.0,2011,3,2011-03,2011Q1,11,2,11:02:00,Morning
546933,22680,FRENCH BLUE METAL DOOR SIGN 5,3,2011-03-18 11:02:00,0.0,,United Kingdom,FRENCH BLUE METAL DOOR SIGN 5,True,False,False,False,True,0.0,2011,3,2011-03,2011Q1,11,2,11:02:00,Morning
546933,22684,FRENCH BLUE METAL DOOR SIGN 9,3,2011-03-18 11:02:00,0.0,,United Kingdom,FRENCH BLUE METAL DOOR SIGN 9,True,False,False,False,True,0.0,2011,3,2011-03,2011Q1,11,2,11:02:00,Morning
546933,22678,FRENCH BLUE METAL DOOR SIGN 3,3,2011-03-18 11:02:00,0.0,,United Kingdom,FRENCH BLUE METAL DOOR SIGN 3,True,False,False,False,True,0.0,2011,3,2011-03,2011Q1,11,2,11:02:00,Morning
546933,22679,FRENCH BLUE METAL DOOR SIGN 4,4,2011-03-18 11:02:00,0.0,,United Kingdom,FRENCH BLUE METAL DOOR SIGN 4,True,False,False,False,True,0.0,2011,3,2011-03,2011Q1,11,2,11:02:00,Morning
546933,22676,FRENCH BLUE METAL DOOR SIGN 1,3,2011-03-18 11:02:00,0.0,,United Kingdom,FRENCH BLUE METAL DOOR SIGN 1,True,False,False,False,True,0.0,2011,3,2011-03,2011Q1,11,2,11:02:00,Morning
546933,22666,RECIPE BOX PANTRY YELLOW DESIGN,9,2011-03-18 11:02:00,0.0,,United Kingdom,RECIPE BOX PANTRY YELLOW DESIGN,True,False,False,False,True,0.0,2011,3,2011-03,2011Q1,11,2,11:02:00,Morning
546933,22627,MINT KITCHEN SCALES,1,2011-03-18 11:02:00,0.0,,United Kingdom,MINT KITCHEN SCALES,True,False,False,False,True,0.0,2011,3,2011-03,2011Q1,11,2,11:02:00,Morning
546933,22626,BLACK KITCHEN SCALES,1,2011-03-18 11:02:00,0.0,,United Kingdom,BLACK KITCHEN SCALES,True,False,False,False,True,0.0,2011,3,2011-03,2011Q1,11,2,11:02:00,Morning
546933,22625,RED KITCHEN SCALES,3,2011-03-18 11:02:00,0.0,,United Kingdom,RED KITCHEN SCALES,True,False,False,False,True,0.0,2011,3,2011-03,2011Q1,11,2,11:02:00,Morning
546933,22623,BOX OF VINTAGE JIGSAW BLOCKS ,1,2011-03-18 11:02:00,0.0,,United Kingdom,BOX OF VINTAGE JIGSAW BLOCKS ,True,False,False,False,True,0.0,2011,3,2011-03,2011Q1,11,2,11:02:00,Morning
546933,22521,CHILDS GARDEN TROWEL PINK,1,2011-03-18 11:02:00,0.0,,United Kingdom,CHILDS GARDEN TROWEL PINK,True,False,False,False,True,0.0,2011,3,2011-03,2011Q1,11,2,11:02:00,Morning
546933,22430,ENAMEL WATERING CAN CREAM,3,2011-03-18 11:02:00,0.0,,United Kingdom,ENAMEL WATERING CAN CREAM,True,False,False,False,True,0.0,2011,3,2011-03,2011Q1,11,2,11:02:00,Morning
546933,22375,AIRLINE BAG VINTAGE JET SET BROWN,1,2011-03-18 11:02:00,0.0,,United Kingdom,AIRLINE BAG VINTAGE JET SET BROWN,True,False,False,False,True,0.0,2011,3,2011-03,2011Q1,11,2,11:02:00,Morning
546933,22374,AIRLINE BAG VINTAGE JET SET RED,1,2011-03-18 11:02:00,0.0,,United Kingdom,AIRLINE BAG VINTAGE JET SET RED,True,False,False,False,True,0.0,2011,3,2011-03,2011Q1,11,2,11:02:00,Morning
546933,22366,DOORMAT AIRMAIL ,1,2011-03-18 11:02:00,0.0,,United Kingdom,DOORMAT AIRMAIL ,True,False,False,False,True,0.0,2011,3,2011-03,2011Q1,11,2,11:02:00,Morning
546933,22364,GLASS JAR DIGESTIVE BISCUITS,2,2011-03-18 11:02:00,0.0,,United Kingdom,GLASS JAR DIGESTIVE BISCUITS,True,False,False,False,True,0.0,2011,3,2011-03,2011Q1,11,2,11:02:00,Morning
546933,22631,CIRCUS PARADE LUNCH BOX ,3,2011-03-18 11:02:00,0.0,,United Kingdom,CIRCUS PARADE LUNCH BOX ,True,False,False,False,True,0.0,2011,3,2011-03,2011Q1,11,2,11:02:00,Morning
546933,21556,CERAMIC STRAWBERRY MONEY BOX,2,2011-03-18 11:02:00,0.0,,United Kingdom,CERAMIC STRAWBERRY MONEY BOX,True,False,False,False,True,0.0,2011,3,2011-03,2011Q1,11,2,11:02:00,Morning
546933,22666,RECIPE BOX PANTRY YELLOW DESIGN,1,2011-03-18 11:02:00,0.0,,United Kingdom,RECIPE BOX PANTRY YELLOW DESIGN,True,False,False,False,True,0.0,2011,3,2011-03,2011Q1,11,2,11:02:00,Morning
546933,22372,AIRLINE BAG VINTAGE WORLD CHAMPION ,1,2011-03-18 11:02:00,0.0,,United Kingdom,AIRLINE BAG VINTAGE WORLD CHAMPION ,True,False,False,False,True,0.0,2011,3,2011-03,2011Q1,11,2,11:02:00,Morning
546933,20719,WOODLAND CHARLOTTE BAG,1,2011-03-18 11:02:00,0.0,,United Kingdom,WOODLAND CHARLOTTE BAG,True,False,False,False,True,0.0,2011,3,2011-03,2011Q1,11,2,11:02:00,Morning
547328,22272,FELTCRAFT DOLL MARIA,45,2011-03-22 11:37:00,0.0,,United Kingdom,,True,False,False,False,True,0.0,2011,3,2011-03,2011Q1,11,37,11:37:00,Morning
547329,20681,PINK POLKADOT CHILDRENS UMBRELLA,-1,2011-03-22 11:38:00,0.0,,United Kingdom,,True,False,False,True,True,-0.0,2011,3,2011-03,2011Q1,11,38,11:38:00,Morning
547330,21894,POTTING SHED SEED ENVELOPES,-40,2011-03-22 11:40:00,0.0,,United Kingdom,,True,False,False,True,True,-0.0,2011,3,2011-03,2011Q1,11,40,11:40:00,Morning
547331,17013D,ORIGAMI ROSE INCENSE IN TUBE,-20,2011-03-22 11:41:00,0.0,,United Kingdom,,True,False,False,True,True,-0.0,2011,3,2011-03,2011Q1,11,41,11:41:00,Morning
547332,21613,S/12 VANILLA  BOTANICAL T-LIGHTS,-47,2011-03-22 11:42:00,0.0,,United Kingdom,,True,False,False,True,True,-0.0,2011,3,2011-03,2011Q1,11,42,11:42:00,Morning
547333,22791,T-LIGHT GLASS FLUTED ANTIQUE,-70,2011-03-22 11:43:00,0.0,,United Kingdom,,True,False,False,True,True,-0.0,2011,3,2011-03,2011Q1,11,43,11:43:00,Morning
547335,20934,SET/3 POT PLANT CANDLES,-15,2011-03-22 11:44:00,0.0,,United Kingdom,,True,False,False,True,True,-0.0,2011,3,2011-03,2011Q1,11,44,11:44:00,Morning
547336,21689,SILVER VANILLA  FLOWER CANDLE POT,-323,2011-03-22 11:45:00,0.0,,United Kingdom,wrong barcode,True,False,False,True,True,-0.0,2011,3,2011-03,2011Q1,11,45,11:45:00,Morning
547337,85025C,PINK HEART SHAPE PHOTO FRAME,-230,2011-03-22 11:47:00,0.0,,United Kingdom,barcode problem,True,False,False,True,True,-0.0,2011,3,2011-03,2011Q1,11,47,11:47:00,Morning
547338,22245,"HOOK, 1 HANGER ,MAGIC GARDEN",-110,2011-03-22 11:49:00,0.0,,United Kingdom,,True,False,False,True,True,-0.0,2011,3,2011-03,2011Q1,11,49,11:49:00,Morning
547339,84406B,CREAM CUPID HEARTS COAT HANGER,-450,2011-03-22 11:51:00,0.0,,United Kingdom,?,True,False,False,True,True,-0.0,2011,3,2011-03,2011Q1,11,51,11:51:00,Morning
547341,85049D,BRIGHT BLUES RIBBONS ,-20,2011-03-22 11:53:00,0.0,,United Kingdom,,True,False,False,True,True,-0.0,2011,3,2011-03,2011Q1,11,53,11:53:00,Morning
547343,77101A,UNION FLAG WINDSOCK,4,2011-03-22 11:54:00,0.0,,United Kingdom,,True,False,False,False,True,0.0,2011,3,2011-03,2011Q1,11,54,11:54:00,Morning
547344,22838,3 TIER CAKE TIN RED AND CREAM,5,2011-03-22 11:55:00,0.0,,United Kingdom,,True,False,False,False,True,0.0,2011,3,2011-03,2011Q1,11,55,11:55:00,Morning
547345,22838,3 TIER CAKE TIN RED AND CREAM,-10,2011-03-22 11:55:00,0.0,,United Kingdom,,True,False,False,True,True,-0.0,2011,3,2011-03,2011Q1,11,55,11:55:00,Morning
547346,21000,ROSE DU SUD COSMETICS BAG,-41,2011-03-22 11:56:00,0.0,,United Kingdom,,True,False,False,True,True,-0.0,2011,3,2011-03,2011Q1,11,56,11:56:00,Morning
547347,22470,HEART OF WICKER LARGE,-6,2011-03-22 11:56:00,0.0,,United Kingdom,,True,False,False,True,True,-0.0,2011,3,2011-03,2011Q1,11,56,11:56:00,Morning
547348,85206A,CREAM FELT EASTER EGG BASKET,4,2011-03-22 11:57:00,0.0,,United Kingdom,,True,False,False,False,True,0.0,2011,3,2011-03,2011Q1,11,57,11:57:00,Morning
547363,22459,CAST IRON HOOK GARDEN TROWEL,-232,2011-03-22 12:33:00,0.0,,United Kingdom,?lost,True,False,False,True,True,-0.0,2011,3,2011-03,2011Q1,12,33,12:33:00,Morning
547369,21898,POTTING SHED ROSE CANDLE,-83,2011-03-22 13:24:00,0.0,,United Kingdom,,True,False,False,True,True,-0.0,2011,3,2011-03,2011Q1,13,24,13:24:00,Afternoon
547394,71477,COLOUR GLASS. STAR T-LIGHT HOLDER,1,2011-03-22 16:38:00,0.0,,United Kingdom,,True,False,False,False,True,0.0,2011,3,2011-03,2011Q1,16,38,16:38:00,Afternoon
547395,84977,,1,2011-03-22 16:38:00,0.0,,United Kingdom,,True,True,False,False,True,0.0,2011,3,2011-03,2011Q1,16,38,16:38:00,Afternoon
547396,79321,CHILLI LIGHTS,1,2011-03-22 16:54:00,0.0,,United Kingdom,CHILLI LIGHTS,True,False,False,False,True,0.0,2011,3,2011-03,2011Q1,16,54,16:54:00,Afternoon
547402,85028L,FRENCH CHATEAU LARGE FRUIT BOWL ,12,2011-03-22 17:04:00,0.0,,United Kingdom,,True,False,False,False,True,0.0,2011,3,2011-03,2011Q1,17,4,17:04:00,Afternoon
547403,85028L,FRENCH CHATEAU LARGE FRUIT BOWL ,-2,2011-03-22 17:05:00,0.0,,United Kingdom,,True,False,False,True,True,-0.0,2011,3,2011-03,2011Q1,17,5,17:05:00,Afternoon
547404,85028S,FRENCH CHATEAU SMALL FRUITBOWL,24,2011-03-22 17:05:00,0.0,,United Kingdom,,True,False,False,False,True,0.0,2011,3,2011-03,2011Q1,17,5,17:05:00,Afternoon
547417,22062,CERAMIC BOWL WITH LOVE HEART DESIGN,36,2011-03-23 10:25:00,0.0,13239,United Kingdom,CERAMIC BOWL WITH LOVE HEART DESIGN,False,False,False,False,True,0.0,2011,3,2011-03,2011Q1,10,25,10:25:00,Morning
547487,84596E,SMALL LICORICE DES PINK BOWL,-153,2011-03-23 11:29:00,0.0,,United Kingdom,,True,False,False,True,True,-0.0,2011,3,2011-03,2011Q1,11,29,11:29:00,Morning
547505,22198,LARGE POPCORN HOLDER ,-9,2011-03-23 13:36:00,0.0,,United Kingdom,,True,False,False,True,True,-0.0,2011,3,2011-03,2011Q1,13,36,13:36:00,Afternoon
547506,21538,DAIRY MAID  PUDDING BOWL,-2,2011-03-23 13:38:00,0.0,,United Kingdom,,True,False,False,True,True,-0.0,2011,3,2011-03,2011Q1,13,38,13:38:00,Afternoon
547522,21717,EASTER TIN BUCKET,5,2011-03-23 15:02:00,0.0,,United Kingdom,,True,False,False,False,True,0.0,2011,3,2011-03,2011Q1,15,2,15:02:00,Afternoon
547523,85197,SET OF 12 MINI BUNNIES IN A BUCKET,5,2011-03-23 15:03:00,0.0,,United Kingdom,,True,False,False,False,True,0.0,2011,3,2011-03,2011Q1,15,3,15:03:00,Afternoon
547524,22451,SILK PURSE BABUSHKA RED,4,2011-03-23 15:03:00,0.0,,United Kingdom,,True,False,False,False,True,0.0,2011,3,2011-03,2011Q1,15,3,15:03:00,Afternoon
547525,21258,VICTORIAN SEWING BOX LARGE,3,2011-03-23 15:04:00,0.0,,United Kingdom,,True,False,False,False,True,0.0,2011,3,2011-03,2011Q1,15,4,15:04:00,Afternoon
547526,22627,MINT KITCHEN SCALES,3,2011-03-23 15:04:00,0.0,,United Kingdom,,True,False,False,False,True,0.0,2011,3,2011-03,2011Q1,15,4,15:04:00,Afternoon
547527,21826,EIGHT PIECE DINOSAUR SET,2,2011-03-23 15:04:00,0.0,,United Kingdom,,True,False,False,False,True,0.0,2011,3,2011-03,2011Q1,15,4,15:04:00,Afternoon
547528,84840,SWEETHEART CARRY-ALL BASKET,2,2011-03-23 15:05:00,0.0,,United Kingdom,,True,False,False,False,True,0.0,2011,3,2011-03,2011Q1,15,5,15:05:00,Afternoon
547529,21841,BABY MOUSE RED GINGHAM DRESS,1,2011-03-23 15:05:00,0.0,,United Kingdom,,True,False,False,False,True,0.0,2011,3,2011-03,2011Q1,15,5,15:05:00,Afternoon
547530,22764,"RUSTIC WOODEN CABINET, GLASS DOORS",3,2011-03-23 15:05:00,0.0,,United Kingdom,,True,False,False,False,True,0.0,2011,3,2011-03,2011Q1,15,5,15:05:00,Afternoon
547531,82605,OLD DOC RUSSEL METAL SIGN,1,2011-03-23 15:06:00,0.0,,United Kingdom,,True,False,False,False,True,0.0,2011,3,2011-03,2011Q1,15,6,15:06:00,Afternoon
547532,84227,,1,2011-03-23 15:06:00,0.0,,United Kingdom,,True,True,False,False,True,0.0,2011,3,2011-03,2011Q1,15,6,15:06:00,Afternoon
547533,84968B,,2,2011-03-23 15:06:00,0.0,,United Kingdom,,True,True,False,False,True,0.0,2011,3,2011-03,2011Q1,15,6,15:06:00,Afternoon
547534,90084,,1,2011-03-23 15:06:00,0.0,,United Kingdom,,True,True,False,False,True,0.0,2011,3,2011-03,2011Q1,15,6,15:06:00,Afternoon
547536,90005A,JADE GREEN ENAMEL HAIR COMB,1,2011-03-23 15:07:00,0.0,,United Kingdom,,True,False,False,False,True,0.0,2011,3,2011-03,2011Q1,15,7,15:07:00,Afternoon
547557,22866,HAND WARMER SCOTTY DOG DESIGN,2,2011-03-23 16:53:00,0.0,,United Kingdom,,True,False,False,False,True,0.0,2011,3,2011-03,2011Q1,16,53,16:53:00,Afternoon
547559,72759,thrown away-can't sell.,-524,2011-03-23 17:27:00,0.0,,United Kingdom,thrown away-can't sell.,True,False,False,True,True,-0.0,2011,3,2011-03,2011Q1,17,27,17:27:00,Afternoon
547560,72732,thrown away-can't sell,-2472,2011-03-23 17:28:00,0.0,,United Kingdom,thrown away-can't sell,True,False,False,True,True,-0.0,2011,3,2011-03,2011Q1,17,28,17:28:00,Afternoon
547575,85025C,PINK HEART SHAPE PHOTO FRAME,144,2011-03-24 10:18:00,0.0,,United Kingdom,,True,False,False,False,True,0.0,2011,3,2011-03,2011Q1,10,18,10:18:00,Morning
547593,20785,FUSCHIA RETRO BAR STOOL,-2,2011-03-24 11:18:00,0.0,,United Kingdom,,True,False,False,True,True,-0.0,2011,3,2011-03,2011Q1,11,18,11:18:00,Morning
547595,82483,WOOD 2 DRAWER CABINET WHITE FINISH,-12,2011-03-24 11:20:00,0.0,,United Kingdom,,True,False,False,True,True,-0.0,2011,3,2011-03,2011Q1,11,20,11:20:00,Morning
547596,84306,S/3 PINK SQUARE PLANTERS ROSES,-5,2011-03-24 11:20:00,0.0,,United Kingdom,,True,False,False,True,True,-0.0,2011,3,2011-03,2011Q1,11,20,11:20:00,Morning
547597,17011F,ORIGAMI SANDLEWOOD INCENSE+FLOWER,-18,2011-03-24 11:21:00,0.0,,United Kingdom,,True,False,False,True,True,-0.0,2011,3,2011-03,2011Q1,11,21,11:21:00,Morning
547598,21332,MOROCCAN BEATEN METAL MIRROR,-25,2011-03-24 11:24:00,0.0,,United Kingdom,,True,False,False,True,True,-0.0,2011,3,2011-03,2011Q1,11,24,11:24:00,Morning
547599,21361,LOVE LARGE WOOD LETTERS ,-10,2011-03-24 11:24:00,0.0,,United Kingdom,,True,False,False,True,True,-0.0,2011,3,2011-03,2011Q1,11,24,11:24:00,Morning
547606,22173,METAL 4 HOOK HANGER FRENCH CHATEAU,-22,2011-03-24 11:26:00,0.0,,United Kingdom,,True,False,False,True,True,-0.0,2011,3,2011-03,2011Q1,11,26,11:26:00,Morning
547611,84631,FRUIT TREE AND BIRDS WALL PLAQUE,-9,2011-03-24 11:26:00,0.0,,United Kingdom,,True,False,False,True,True,-0.0,2011,3,2011-03,2011Q1,11,26,11:26:00,Morning
547618,21547,CERAMIC BIRDHOUSE CRESTED TIT SMALL,-12,2011-03-24 11:28:00,0.0,,United Kingdom,,True,False,False,True,True,-0.0,2011,3,2011-03,2011Q1,11,28,11:28:00,Morning
547626,20973,12 PENCIL SMALL TUBE WOODLAND,60,2011-03-24 11:30:00,0.0,,United Kingdom,,True,False,False,False,True,0.0,2011,3,2011-03,2011Q1,11,30,11:30:00,Morning
547646,84849D,HOT BATHS SOAP HOLDER,-80,2011-03-24 11:42:00,0.0,,United Kingdom,,True,False,False,True,True,-0.0,2011,3,2011-03,2011Q1,11,42,11:42:00,Morning
547673,47593A,CAROUSEL PONIES BABY BIB,13,2011-03-24 13:57:00,0.0,,United Kingdom,found,True,False,False,False,True,0.0,2011,3,2011-03,2011Q1,13,57,13:57:00,Afternoon
547696,35809B,ENAMEL BLUE RIM TEA CONTAINER,12,2011-03-24 16:07:00,0.0,,United Kingdom,,True,False,False,False,True,0.0,2011,3,2011-03,2011Q1,16,7,16:07:00,Afternoon
547699,21143,ANTIQUE GLASS HEART DECORATION ,-32,2011-03-24 16:38:00,0.0,,United Kingdom,,True,False,False,True,True,-0.0,2011,3,2011-03,2011Q1,16,38,16:38:00,Afternoon
547700,21147,JINGLE BELLS TREE DECORATION,-105,2011-03-24 16:39:00,0.0,,United Kingdom,,True,False,False,True,True,-0.0,2011,3,2011-03,2011Q1,16,39,16:39:00,Afternoon
547701,84559D,,-7,2011-03-24 16:42:00,0.0,,United Kingdom,,True,True,False,True,True,-0.0,2011,3,2011-03,2011Q1,16,42,16:42:00,Afternoon
547704,21621,VINTAGE UNION JACK BUNTING,100,2011-03-24 17:51:00,0.0,,United Kingdom,rcvd be air temp fix for dotcom sit,True,False,False,False,True,0.0,2011,3,2011-03,2011Q1,17,51,17:51:00,Afternoon
547813,84840,SWEETHEART CARRY-ALL BASKET,1,2011-03-25 14:11:00,0.0,,United Kingdom,,True,False,False,False,True,0.0,2011,3,2011-03,2011Q1,14,11,14:11:00,Afternoon
547827,22444,GROW YOUR OWN PLANT IN A CAN ,82,2011-03-25 15:10:00,0.0,,United Kingdom,,True,False,False,False,True,0.0,2011,3,2011-03,2011Q1,15,10,15:10:00,Afternoon
547916,22459,CAST IRON HOOK GARDEN TROWEL,-36,2011-03-28 12:46:00,0.0,,United Kingdom,,True,False,False,True,True,-0.0,2011,3,2011-03,2011Q1,12,46,12:46:00,Morning
547917,21898,POTTING SHED ROSE CANDLE,6,2011-03-28 12:46:00,0.0,,United Kingdom,,True,False,False,False,True,0.0,2011,3,2011-03,2011Q1,12,46,12:46:00,Morning
547927,37444C,PINK BREAKFAST CUP AND SAUCER ,5,2011-03-28 13:59:00,0.0,,United Kingdom,,True,False,False,False,True,0.0,2011,3,2011-03,2011Q1,13,59,13:59:00,Afternoon
547928,37444B,BLUE BREAKFAST CUP AND SAUCER ,1,2011-03-28 14:00:00,0.0,,United Kingdom,,True,False,False,False,True,0.0,2011,3,2011-03,2011Q1,14,0,14:00:00,Afternoon
547929,21393,BLUE POLKADOT PUDDING BOWL,3,2011-03-28 14:00:00,0.0,,United Kingdom,,True,False,False,False,True,0.0,2011,3,2011-03,2011Q1,14,0,14:00:00,Afternoon
547932,85197,SET OF 12 MINI BUNNIES IN A BUCKET,24,2011-03-28 14:01:00,0.0,,United Kingdom,,True,False,False,False,True,0.0,2011,3,2011-03,2011Q1,14,1,14:01:00,Afternoon
547933,21445,12 PINK ROSE PEG PLACE SETTINGS,1,2011-03-28 14:02:00,0.0,,United Kingdom,,True,False,False,False,True,0.0,2011,3,2011-03,2011Q1,14,2,14:02:00,Afternoon
547943,21357,TOAST ITS - DINOSAUR,1,2011-03-28 14:58:00,0.0,,United Kingdom,,True,False,False,False,True,0.0,2011,3,2011-03,2011Q1,14,58,14:58:00,Afternoon
547948,71038,WHITE HANGING BEADS CANDLE HOLDER,167,2011-03-28 15:06:00,0.0,,United Kingdom,,True,False,False,False,True,0.0,2011,3,2011-03,2011Q1,15,6,15:06:00,Afternoon
547950,35241,ENAMEL BLUE RIM BISCUIT BIN,-40,2011-03-28 15:11:00,0.0,,United Kingdom,damages?,True,False,False,True,True,-0.0,2011,3,2011-03,2011Q1,15,11,15:11:00,Afternoon
547957,20713,JUMBO BAG OWLS,32,2011-03-28 15:16:00,0.0,,United Kingdom,,True,False,False,False,True,0.0,2011,3,2011-03,2011Q1,15,16,15:16:00,Afternoon
547959,20713,JUMBO BAG OWLS,23,2011-03-28 15:19:00,0.0,,United Kingdom,,True,False,False,False,True,0.0,2011,3,2011-03,2011Q1,15,19,15:19:00,Afternoon
547966,DOT,DOTCOM POSTAGE,1000,2011-03-28 15:49:00,0.0,,United Kingdom,,True,False,False,False,True,0.0,2011,3,2011-03,2011Q1,15,49,15:49:00,Afternoon
547989,21621,VINTAGE UNION JACK BUNTING,-100,2011-03-29 09:36:00,0.0,,United Kingdom,re dotcom quick fix.,True,False,False,True,True,-0.0,2011,3,2011-03,2011Q1,9,36,09:36:00,Morning
547994,21228,"POCKET MIRROR ""GLAMOROUS""",-7,2011-03-29 10:18:00,0.0,,United Kingdom,,True,False,False,True,True,-0.0,2011,3,2011-03,2011Q1,10,18,10:18:00,Morning
547995,35823P,,-12,2011-03-29 10:20:00,0.0,,United Kingdom,,True,True,False,True,True,-0.0,2011,3,2011-03,2011Q1,10,20,10:20:00,Morning
547996,84534B,FAIRY CAKE NOTEBOOK A5 SIZE,-10,2011-03-29 10:22:00,0.0,,United Kingdom,,True,False,False,True,True,-0.0,2011,3,2011-03,2011Q1,10,22,10:22:00,Morning
547997,20857,BLUE ROSE PATCH PURSE PINK BUTTERFL,-34,2011-03-29 10:22:00,0.0,,United Kingdom,,True,False,False,True,True,-0.0,2011,3,2011-03,2011Q1,10,22,10:22:00,Morning
547998,20854,BLUE PATCH PURSE PINK HEART,-2,2011-03-29 10:23:00,0.0,,United Kingdom,,True,False,False,True,True,-0.0,2011,3,2011-03,2011Q1,10,23,10:23:00,Morning
547999,20860,GOLD COSMETICS BAG WITH BUTTERFLY,-7,2011-03-29 10:24:00,0.0,,United Kingdom,,True,False,False,True,True,-0.0,2011,3,2011-03,2011Q1,10,24,10:24:00,Morning
548000,85224,ASSORTED COLOUR SILK GLASSES CASE,-7,2011-03-29 10:24:00,0.0,,United Kingdom,,True,False,False,True,True,-0.0,2011,3,2011-03,2011Q1,10,24,10:24:00,Morning
548001,22451,SILK PURSE BABUSHKA RED,11,2011-03-29 10:26:00,0.0,,United Kingdom,,True,False,False,False,True,0.0,2011,3,2011-03,2011Q1,10,26,10:26:00,Morning
548002,21051,RIBBONS PURSE ,-25,2011-03-29 10:27:00,0.0,,United Kingdom,,True,False,False,True,True,-0.0,2011,3,2011-03,2011Q1,10,27,10:27:00,Morning
548008,21190,PINK HEARTS PAPER GARLAND,-80,2011-03-29 10:52:00,0.0,,United Kingdom,,True,False,False,True,True,-0.0,2011,3,2011-03,2011Q1,10,52,10:52:00,Morning
548069,20713,JUMBO BAG OWLS,-22,2011-03-29 12:10:00,0.0,,United Kingdom,,True,False,False,True,True,-0.0,2011,3,2011-03,2011Q1,12,10,12:10:00,Morning
548095,20850,,-3,2011-03-29 12:17:00,0.0,,United Kingdom,,True,True,False,True,True,-0.0,2011,3,2011-03,2011Q1,12,17,12:17:00,Morning
548098,21283,,-15,2011-03-29 12:17:00,0.0,,United Kingdom,,True,True,False,True,True,-0.0,2011,3,2011-03,2011Q1,12,17,12:17:00,Morning
548104,84854,GIRLY PINK TOOL SET,-3,2011-03-29 12:18:00,0.0,,United Kingdom,,True,False,False,True,True,-0.0,2011,3,2011-03,2011Q1,12,18,12:18:00,Morning
548110,21911,GARDEN METAL SIGN ,-27,2011-03-29 12:20:00,0.0,,United Kingdom,,True,False,False,True,True,-0.0,2011,3,2011-03,2011Q1,12,20,12:20:00,Morning
548149,72821,CUPID SCENTED CANDLE IN GLASS,-2,2011-03-29 12:36:00,0.0,,United Kingdom,,True,False,False,True,True,-0.0,2011,3,2011-03,2011Q1,12,36,12:36:00,Morning
548161,20734,SILVER MINI TAPE MEASURE ,2,2011-03-29 13:40:00,0.0,,United Kingdom,,True,False,False,False,True,0.0,2011,3,2011-03,2011Q1,13,40,13:40:00,Afternoon
548173,85067,CREAM SWEETHEART WALL CABINET,-3,2011-03-29 14:17:00,0.0,,United Kingdom,,True,False,False,True,True,-0.0,2011,3,2011-03,2011Q1,14,17,14:17:00,Afternoon
548175,46115B,GREEN POP ART MAO CUSHION COVER ,-2,2011-03-29 14:19:00,0.0,,United Kingdom,,True,False,False,True,True,-0.0,2011,3,2011-03,2011Q1,14,19,14:19:00,Afternoon
548195,79321,CHILLI LIGHTS,27,2011-03-29 15:36:00,0.0,,United Kingdom,,True,False,False,False,True,0.0,2011,3,2011-03,2011Q1,15,36,15:36:00,Afternoon
548205,21614,SET OF 12 ROSE BOTANICAL T-LIGHTS,48,2011-03-29 16:51:00,0.0,,United Kingdom,,True,False,False,False,True,0.0,2011,3,2011-03,2011Q1,16,51,16:51:00,Afternoon
548206,22469,HEART OF WICKER SMALL,-53,2011-03-29 16:56:00,0.0,,United Kingdom,,True,False,False,True,True,-0.0,2011,3,2011-03,2011Q1,16,56,16:56:00,Afternoon
548207,20713,JUMBO BAG OWLS,25,2011-03-29 17:11:00,0.0,,United Kingdom,,True,False,False,False,True,0.0,2011,3,2011-03,2011Q1,17,11,17:11:00,Afternoon
548209,21621,VINTAGE UNION JACK BUNTING,-30,2011-03-29 17:21:00,0.0,,United Kingdom,,True,False,False,True,True,-0.0,2011,3,2011-03,2011Q1,17,21,17:21:00,Afternoon
548220,79321,CHILLI LIGHTS,14,2011-03-30 09:47:00,0.0,,United Kingdom,,True,False,False,False,True,0.0,2011,3,2011-03,2011Q1,9,47,09:47:00,Morning
548221,85049B,LUSH GREENS RIBBONS,1,2011-03-30 09:47:00,0.0,,United Kingdom,,True,False,False,False,True,0.0,2011,3,2011-03,2011Q1,9,47,09:47:00,Morning
548224,47593A,CAROUSEL PONIES BABY BIB,2,2011-03-30 10:23:00,0.0,,United Kingdom,,True,False,False,False,True,0.0,2011,3,2011-03,2011Q1,10,23,10:23:00,Morning
548227,90099,NECKLACE+BRACELET SET BLUE HIBISCUS,-19,2011-03-30 10:24:00,0.0,,United Kingdom,,True,False,False,True,True,-0.0,2011,3,2011-03,2011Q1,10,24,10:24:00,Morning
548261,90104,PURPLE FRANGIPANI HAIRCLIP,2,2011-03-30 11:19:00,0.0,,United Kingdom,,True,False,False,False,True,0.0,2011,3,2011-03,2011Q1,11,19,11:19:00,Morning
548269,22036,,-45,2011-03-30 11:35:00,0.0,,United Kingdom,,True,True,False,True,True,-0.0,2011,3,2011-03,2011Q1,11,35,11:35:00,Morning
548286,10002,INFLATABLE POLITICAL GLOBE ,180,2011-03-30 11:47:00,0.0,,United Kingdom,,True,False,False,False,True,0.0,2011,3,2011-03,2011Q1,11,47,11:47:00,Morning
548318,22055,MINI CAKE STAND  HANGING STRAWBERY,5,2011-03-30 12:45:00,0.0,13113,United Kingdom,MINI CAKE STAND  HANGING STRAWBERY,False,False,False,False,True,0.0,2011,3,2011-03,2011Q1,12,45,12:45:00,Morning
548328,21527,RED RETROSPOT TRADITIONAL TEAPOT ,-21,2011-03-30 13:11:00,0.0,,United Kingdom,,True,False,False,True,True,-0.0,2011,3,2011-03,2011Q1,13,11,13:11:00,Afternoon
548339,21827,EIGHT PIECE CREEPY CRAWLIE SET,-42,2011-03-30 14:08:00,0.0,,United Kingdom,,True,False,False,True,True,-0.0,2011,3,2011-03,2011Q1,14,8,14:08:00,Afternoon
548364,21095,SET/6 POSIES PAPER PLATES,53,2011-03-30 15:49:00,0.0,,United Kingdom,,True,False,False,False,True,0.0,2011,3,2011-03,2011Q1,15,49,15:49:00,Afternoon
548365,79172D,,-7,2011-03-30 15:49:00,0.0,,United Kingdom,,True,True,False,True,True,-0.0,2011,3,2011-03,2011Q1,15,49,15:49:00,Afternoon
548366,84678,CLASSICAL ROSE SMALL VASE,-33,2011-03-30 15:50:00,0.0,,United Kingdom,,True,False,False,True,True,-0.0,2011,3,2011-03,2011Q1,15,50,15:50:00,Afternoon
548369,84683,CLASSICAL ROSE CANDLESTAND,-6,2011-03-30 16:00:00,0.0,,United Kingdom,,True,False,False,True,True,-0.0,2011,3,2011-03,2011Q1,16,0,16:00:00,Afternoon
548376,22533,MAGIC DRAWING SLATE BAKE A CAKE ,-80,2011-03-30 16:39:00,0.0,,United Kingdom,,True,False,False,True,True,-0.0,2011,3,2011-03,2011Q1,16,39,16:39:00,Afternoon
548377,85016,SET OF 6 VINTAGE NOTELETS KIT,-46,2011-03-30 16:40:00,0.0,,United Kingdom,,True,False,False,True,True,-0.0,2011,3,2011-03,2011Q1,16,40,16:40:00,Afternoon
548378,22052,VINTAGE CARAVAN GIFT WRAP,-75,2011-03-30 16:41:00,0.0,,United Kingdom,,True,False,False,True,True,-0.0,2011,3,2011-03,2011Q1,16,41,16:41:00,Afternoon
548379,20702,PINK PADDED MOBILE,11,2011-03-30 16:41:00,0.0,,United Kingdom,,True,False,False,False,True,0.0,2011,3,2011-03,2011Q1,16,41,16:41:00,Afternoon
548380,22127,PARTY CONES CARNIVAL ASSORTED,-60,2011-03-30 16:44:00,0.0,,United Kingdom,Dotcom sold in 6's,True,False,False,True,True,-0.0,2011,3,2011-03,2011Q1,16,44,16:44:00,Afternoon
548381,22127,PARTY CONES CARNIVAL ASSORTED,-690,2011-03-30 16:45:00,0.0,,United Kingdom,sold in set?,True,False,False,True,True,-0.0,2011,3,2011-03,2011Q1,16,45,16:45:00,Afternoon
548382,84898F,YELLOW FLOWERS FELT HANDBAG KIT,-2,2011-03-30 16:46:00,0.0,,United Kingdom,,True,False,False,True,True,-0.0,2011,3,2011-03,2011Q1,16,46,16:46:00,Afternoon
548383,84906,PINK B'FLY C/COVER W BOBBLES,5,2011-03-30 16:46:00,0.0,,United Kingdom,,True,False,False,False,True,0.0,2011,3,2011-03,2011Q1,16,46,16:46:00,Afternoon
548385,22168,ORGANISER WOOD ANTIQUE WHITE ,-19,2011-03-30 16:47:00,0.0,,United Kingdom,,True,False,False,True,True,-0.0,2011,3,2011-03,2011Q1,16,47,16:47:00,Afternoon
548394,82494L,WOODEN FRAME ANTIQUE WHITE ,-39,2011-03-30 17:18:00,0.0,,United Kingdom,cracked,True,False,False,True,True,-0.0,2011,3,2011-03,2011Q1,17,18,17:18:00,Afternoon
548395,22194,BLACK DINER WALL CLOCK,-9,2011-03-30 17:20:00,0.0,,United Kingdom,,True,False,False,True,True,-0.0,2011,3,2011-03,2011Q1,17,20,17:20:00,Afternoon
548396,22719,GUMBALL MONOCHROME COAT RACK,-25,2011-03-30 17:21:00,0.0,,United Kingdom,sold as 22467,True,False,False,True,True,-0.0,2011,3,2011-03,2011Q1,17,21,17:21:00,Afternoon
548397,21195,PINK  HONEYCOMB PAPER BALL ,-30,2011-03-30 17:23:00,0.0,,United Kingdom,,True,False,False,True,True,-0.0,2011,3,2011-03,2011Q1,17,23,17:23:00,Afternoon
548398,22482,BLUE TEA TOWEL CLASSIC DESIGN,-66,2011-03-30 17:24:00,0.0,,United Kingdom,,True,False,False,True,True,-0.0,2011,3,2011-03,2011Q1,17,24,17:24:00,Afternoon
548399,15030,FAN BLACK FRAME ,150,2011-03-30 17:25:00,0.0,,United Kingdom,,True,False,False,False,True,0.0,2011,3,2011-03,2011Q1,17,25,17:25:00,Afternoon
548402,21040,MODERN VINTAGE COTTON SHOPPING BAG,-5,2011-03-31 09:26:00,0.0,,United Kingdom,,True,False,False,True,True,-0.0,2011,3,2011-03,2011Q1,9,26,09:26:00,Morning
548535,90010A,MIDNIGHT BLUE GLASS/SILVER BRACELET,25,2011-03-31 17:33:00,0.0,,United Kingdom,,True,False,False,False,True,0.0,2011,3,2011-03,2011Q1,17,33,17:33:00,Afternoon
548536,90010B,BLACK/WHITE GLASS/SILVER BRACELET,-50,2011-03-31 17:34:00,0.0,,United Kingdom,,True,False,False,True,True,-0.0,2011,3,2011-03,2011Q1,17,34,17:34:00,Afternoon
548537,90173,PAIR BUTTERFLY HAIR CLIPS,-28,2011-03-31 17:35:00,0.0,,United Kingdom,,True,False,False,True,True,-0.0,2011,3,2011-03,2011Q1,17,35,17:35:00,Afternoon
548538,90082B,DIAMANTE BOW BROOCH RED COLOUR,3,2011-03-31 17:36:00,0.0,,United Kingdom,,True,False,False,False,True,0.0,2011,3,2011-03,2011Q1,17,36,17:36:00,Afternoon
548539,90005A,JADE GREEN ENAMEL HAIR COMB,2,2011-03-31 17:37:00,0.0,,United Kingdom,,True,False,False,False,True,0.0,2011,3,2011-03,2011Q1,17,37,17:37:00,Afternoon
548540,90035A,"PEARL & SHELL 42""NECKL. GREEN",-9,2011-03-31 17:51:00,0.0,,United Kingdom,,True,False,False,True,True,-0.0,2011,3,2011-03,2011Q1,17,51,17:51:00,Afternoon
548615,16010,FOLDING CAMPING SCISSOR W/KNIF & S,-7,2011-04-01 11:47:00,0.0,,United Kingdom,,True,False,False,True,True,-0.0,2011,4,2011-04,2011Q2,11,47,11:47:00,Morning
548620,84313B,BLUE TV TRAY TABLE ,-32,2011-04-01 11:53:00,0.0,,United Kingdom,Damaged,True,False,False,True,True,-0.0,2011,4,2011-04,2011Q2,11,53,11:53:00,Morning
548637,84596E,SMALL LICORICE DES PINK BOWL,5,2011-04-01 12:32:00,0.0,,United Kingdom,,True,False,False,False,True,0.0,2011,4,2011-04,2011Q2,12,32,12:32:00,Morning
548638,21258,VICTORIAN SEWING BOX LARGE,4,2011-04-01 12:34:00,0.0,,United Kingdom,,True,False,False,False,True,0.0,2011,4,2011-04,2011Q2,12,34,12:34:00,Morning
548639,22627,MINT KITCHEN SCALES,1,2011-04-01 12:34:00,0.0,,United Kingdom,,True,False,False,False,True,0.0,2011,4,2011-04,2011Q2,12,34,12:34:00,Morning
548646,21472,LADYBIRD + BEE RAFFIA FOOD COVER,-140,2011-04-01 13:15:00,0.0,,United Kingdom,,True,False,False,True,True,-0.0,2011,4,2011-04,2011Q2,13,15,13:15:00,Afternoon
548662,82494L,WOODEN FRAME ANTIQUE WHITE ,-180,2011-04-01 14:31:00,0.0,,United Kingdom,,True,False,False,True,True,-0.0,2011,4,2011-04,2011Q2,14,31,14:31:00,Afternoon
548675,85185D,FROG SOCK PUPPET,-2,2011-04-01 16:39:00,0.0,,United Kingdom,,True,False,False,True,True,-0.0,2011,4,2011-04,2011Q2,16,39,16:39:00,Afternoon
548676,72800F,,-5,2011-04-01 16:40:00,0.0,,United Kingdom,,True,True,False,True,True,-0.0,2011,4,2011-04,2011Q2,16,40,16:40:00,Afternoon
548677,72781,,-30,2011-04-01 16:40:00,0.0,,United Kingdom,,True,True,False,True,True,-0.0,2011,4,2011-04,2011Q2,16,40,16:40:00,Afternoon
548678,35015,,-9,2011-04-01 16:41:00,0.0,,United Kingdom,,True,True,False,True,True,-0.0,2011,4,2011-04,2011Q2,16,41,16:41:00,Afternoon
548679,72793,,-3,2011-04-01 16:42:00,0.0,,United Kingdom,,True,True,False,True,True,-0.0,2011,4,2011-04,2011Q2,16,42,16:42:00,Afternoon
548680,72800D,4 BLUE DINNER CANDLES SILVER FLOCK,-18,2011-04-01 16:43:00,0.0,,United Kingdom,,True,False,False,True,True,-0.0,2011,4,2011-04,2011Q2,16,43,16:43:00,Afternoon
548681,72800D,4 BLUE DINNER CANDLES SILVER FLOCK,3,2011-04-01 16:43:00,0.0,,United Kingdom,,True,False,False,False,True,0.0,2011,4,2011-04,2011Q2,16,43,16:43:00,Afternoon
548682,72789,,-2,2011-04-01 16:44:00,0.0,,United Kingdom,,True,True,False,True,True,-0.0,2011,4,2011-04,2011Q2,16,44,16:44:00,Afternoon
548683,72801G,4 BURGUNDY WINE DINNER CANDLES,47,2011-04-01 16:45:00,0.0,,United Kingdom,,True,False,False,False,True,0.0,2011,4,2011-04,2011Q2,16,45,16:45:00,Afternoon
548684,72798C,SET/4 GARDEN ROSE DINNER CANDLE,-2,2011-04-01 16:46:00,0.0,,United Kingdom,,True,False,False,True,True,-0.0,2011,4,2011-04,2011Q2,16,46,16:46:00,Afternoon
548685,85018B,,-2,2011-04-01 16:47:00,0.0,,United Kingdom,,True,True,False,True,True,-0.0,2011,4,2011-04,2011Q2,16,47,16:47:00,Afternoon
548693,22720,SET OF 3 CAKE TINS PANTRY DESIGN ,-60,2011-04-01 17:25:00,0.0,,United Kingdom,,True,False,False,True,True,-0.0,2011,4,2011-04,2011Q2,17,25,17:25:00,Afternoon
548694,22720,SET OF 3 CAKE TINS PANTRY DESIGN ,10,2011-04-01 17:28:00,0.0,,United Kingdom,,True,False,False,False,True,0.0,2011,4,2011-04,2011Q2,17,28,17:28:00,Afternoon
548871,22162,HEART GARLAND RUSTIC PADDED,2,2011-04-04 14:42:00,0.0,14410,United Kingdom,HEART GARLAND RUSTIC PADDED,False,False,False,False,True,0.0,2011,4,2011-04,2011Q2,14,42,14:42:00,Afternoon
548886,85118,HEART T-LIGHT HOLDER,-6,2011-04-04 15:23:00,0.0,,United Kingdom,,True,False,False,True,True,-0.0,2011,4,2011-04,2011Q2,15,23,15:23:00,Afternoon
548887,35824B,,-8,2011-04-04 15:24:00,0.0,,United Kingdom,,True,True,False,True,True,-0.0,2011,4,2011-04,2011Q2,15,24,15:24:00,Afternoon
548888,84726,,-14,2011-04-04 15:25:00,0.0,,United Kingdom,,True,True,False,True,True,-0.0,2011,4,2011-04,2011Q2,15,25,15:25:00,Afternoon
548889,84875A,,-17,2011-04-04 15:26:00,0.0,,United Kingdom,,True,True,False,True,True,-0.0,2011,4,2011-04,2011Q2,15,26,15:26:00,Afternoon
548890,84876C,,-19,2011-04-04 15:26:00,0.0,,United Kingdom,,True,True,False,True,True,-0.0,2011,4,2011-04,2011Q2,15,26,15:26:00,Afternoon
548897,47570B,TEA TIME TABLE CLOTH,-70,2011-04-04 16:22:00,0.0,,United Kingdom,,True,False,False,True,True,-0.0,2011,4,2011-04,2011Q2,16,22,16:22:00,Afternoon
548980,22114,HOT WATER BOTTLE TEA AND SYMPATHY,-194,2011-04-05 12:21:00,0.0,,United Kingdom,,True,False,False,True,True,-0.0,2011,4,2011-04,2011Q2,12,21,12:21:00,Morning
548986,21210,SET OF 72 RETROSPOT PAPER  DOILIES,-177,2011-04-05 12:46:00,0.0,,United Kingdom,,True,False,False,True,True,-0.0,2011,4,2011-04,2011Q2,12,46,12:46:00,Morning
548989,72799F,IVORY PILLAR CANDLE GOLD FLOCK,-46,2011-04-05 13:19:00,0.0,,United Kingdom,,True,False,False,True,True,-0.0,2011,4,2011-04,2011Q2,13,19,13:19:00,Afternoon
548997,84507B,STRIPES DESIGN MONKEY DOLL,20,2011-04-05 14:33:00,0.0,,United Kingdom,,True,False,False,False,True,0.0,2011,4,2011-04,2011Q2,14,33,14:33:00,Afternoon
548998,84741C,CITRUS GARLAND FELT FLOWERS ,8,2011-04-05 14:34:00,0.0,,United Kingdom,,True,False,False,False,True,0.0,2011,4,2011-04,2011Q2,14,34,14:34:00,Afternoon
548999,84743C,damages,-26,2011-04-05 14:34:00,0.0,,United Kingdom,damages,True,False,False,True,True,-0.0,2011,4,2011-04,2011Q2,14,34,14:34:00,Afternoon
549000,35972,DAISY FOLKART HEART DECORATION,-45,2011-04-05 14:35:00,0.0,,United Kingdom,,True,False,False,True,True,-0.0,2011,4,2011-04,2011Q2,14,35,14:35:00,Afternoon
549001,84845D,,-5,2011-04-05 14:35:00,0.0,,United Kingdom,,True,True,False,True,True,-0.0,2011,4,2011-04,2011Q2,14,35,14:35:00,Afternoon
549002,21278,VINTAGE KITCHEN PRINT PUDDINGS,17,2011-04-05 14:36:00,0.0,,United Kingdom,,True,False,False,False,True,0.0,2011,4,2011-04,2011Q2,14,36,14:36:00,Afternoon
549003,21279,VINTAGE KITCHEN PRINT FRUITS,14,2011-04-05 14:36:00,0.0,,United Kingdom,,True,False,False,False,True,0.0,2011,4,2011-04,2011Q2,14,36,14:36:00,Afternoon
549004,21274,,-3,2011-04-05 14:37:00,0.0,,United Kingdom,,True,True,False,True,True,-0.0,2011,4,2011-04,2011Q2,14,37,14:37:00,Afternoon
549005,16020C,CLEAR STATIONERY BOX SET ,-5,2011-04-05 14:37:00,0.0,,United Kingdom,,True,False,False,True,True,-0.0,2011,4,2011-04,2011Q2,14,37,14:37:00,Afternoon
549006,84508B,STRIPES DESIGN TEDDY,-23,2011-04-05 14:38:00,0.0,,United Kingdom,,True,False,False,True,True,-0.0,2011,4,2011-04,2011Q2,14,38,14:38:00,Afternoon
549008,21281,VINTAGE KITCHEN PRINT SEAFOOD,-31,2011-04-05 14:38:00,0.0,,United Kingdom,,True,False,False,True,True,-0.0,2011,4,2011-04,2011Q2,14,38,14:38:00,Afternoon
549009,21474,,-8,2011-04-05 14:39:00,0.0,,United Kingdom,,True,True,False,True,True,-0.0,2011,4,2011-04,2011Q2,14,39,14:39:00,Afternoon
549010,21684,SMALL MEDINA STAMPED METAL BOWL ,-62,2011-04-05 14:39:00,0.0,,United Kingdom,,True,False,False,True,True,-0.0,2011,4,2011-04,2011Q2,14,39,14:39:00,Afternoon
549011,62096B,,-8,2011-04-05 14:41:00,0.0,,United Kingdom,,True,True,False,True,True,-0.0,2011,4,2011-04,2011Q2,14,41,14:41:00,Afternoon
549028,84569A,PACK 3 IRON ON DOG PATCHES,-18,2011-04-05 17:02:00,0.0,,United Kingdom,,True,False,False,True,True,-0.0,2011,4,2011-04,2011Q2,17,2,17:02:00,Afternoon
549029,84569B,PACK 3 FIRE ENGINE/CAR PATCHES,-17,2011-04-05 17:03:00,0.0,,United Kingdom,,True,False,False,True,True,-0.0,2011,4,2011-04,2011Q2,17,3,17:03:00,Afternoon
549030,84520B,PACK 20 ENGLISH ROSE PAPER NAPKINS,-61,2011-04-05 17:03:00,0.0,,United Kingdom,,True,False,False,True,True,-0.0,2011,4,2011-04,2011Q2,17,3,17:03:00,Afternoon
549031,10134,,-19,2011-04-05 17:04:00,0.0,,United Kingdom,,True,True,False,True,True,-0.0,2011,4,2011-04,2011Q2,17,4,17:04:00,Afternoon
549032,20778,GARDEN PATH NOTEBOOK ,-6,2011-04-05 17:06:00,0.0,,United Kingdom,,True,False,False,True,True,-0.0,2011,4,2011-04,2011Q2,17,6,17:06:00,Afternoon
549033,16254,TRANSPARENT ACRYLIC TAPE DISPENSER,-5,2011-04-05 17:08:00,0.0,,United Kingdom,,True,False,False,True,True,-0.0,2011,4,2011-04,2011Q2,17,8,17:08:00,Afternoon
549034,16248B,BLUE HOLE PUNCH,2,2011-04-05 17:08:00,0.0,,United Kingdom,,True,False,False,False,True,0.0,2011,4,2011-04,2011Q2,17,8,17:08:00,Afternoon
549035,72051S,BAG OF SILVER STONES,-15,2011-04-05 17:09:00,0.0,,United Kingdom,,True,False,False,True,True,-0.0,2011,4,2011-04,2011Q2,17,9,17:09:00,Afternoon
549036,84993B,75 BLACK PETIT FOUR CASES,-54,2011-04-05 17:09:00,0.0,,United Kingdom,,True,False,False,True,True,-0.0,2011,4,2011-04,2011Q2,17,9,17:09:00,Afternoon
549037,84569C,,-37,2011-04-05 17:09:00,0.0,,United Kingdom,,True,True,False,True,True,-0.0,2011,4,2011-04,2011Q2,17,9,17:09:00,Afternoon
549038,84569D,PACK 6 HEART/ICE-CREAM PATCHES,-70,2011-04-05 17:10:00,0.0,,United Kingdom,,True,False,False,True,True,-0.0,2011,4,2011-04,2011Q2,17,10,17:10:00,Afternoon
549042,21681,GIANT MEDINA STAMPED METAL BOWL ,-2,2011-04-05 17:24:00,0.0,,United Kingdom,,True,False,False,True,True,-0.0,2011,4,2011-04,2011Q2,17,24,17:24:00,Afternoon
549043,84990,,-24,2011-04-05 17:26:00,0.0,,United Kingdom,,True,True,False,True,True,-0.0,2011,4,2011-04,2011Q2,17,26,17:26:00,Afternoon
549100,21484,CHICK GREY HOT WATER BOTTLE,1,2011-04-06 11:14:00,0.0,,United Kingdom,CHICK GREY HOT WATER BOTTLE,True,False,False,False,True,0.0,2011,4,2011-04,2011Q2,11,14,11:14:00,Morning
549103,82494L,WOODEN FRAME ANTIQUE WHITE ,167,2011-04-06 11:39:00,0.0,,United Kingdom,,True,False,False,False,True,0.0,2011,4,2011-04,2011Q2,11,39,11:39:00,Morning
549132,20756,GREEN FERN POCKET BOOK,-70,2011-04-06 15:22:00,0.0,,United Kingdom,,True,False,False,True,True,-0.0,2011,4,2011-04,2011Q2,15,22,15:22:00,Afternoon
549133,20759,CHRYSANTHEMUM POCKET BOOK ,-52,2011-04-06 15:22:00,0.0,,United Kingdom,,True,False,False,True,True,-0.0,2011,4,2011-04,2011Q2,15,22,15:22:00,Afternoon
549134,20758,ABSTRACT CIRCLES POCKET BOOK,-54,2011-04-06 15:22:00,0.0,,United Kingdom,,True,False,False,True,True,-0.0,2011,4,2011-04,2011Q2,15,22,15:22:00,Afternoon
549135,20760,GARDEN PATH POCKET BOOK,31,2011-04-06 15:23:00,0.0,,United Kingdom,,True,False,False,False,True,0.0,2011,4,2011-04,2011Q2,15,23,15:23:00,Afternoon
549136,21414,,-3,2011-04-06 15:23:00,0.0,,United Kingdom,,True,True,False,True,True,-0.0,2011,4,2011-04,2011Q2,15,23,15:23:00,Afternoon
549137,84459B,YELLOW METAL CHICKEN HEART ,-7,2011-04-06 15:24:00,0.0,,United Kingdom,,True,False,False,True,True,-0.0,2011,4,2011-04,2011Q2,15,24,15:24:00,Afternoon
549138,22988,SOLDIERS EGG CUP ,12,2011-04-06 15:25:00,0.0,,United Kingdom,,True,False,False,False,True,0.0,2011,4,2011-04,2011Q2,15,25,15:25:00,Afternoon
549139,22988,SOLDIERS EGG CUP ,-91,2011-04-06 15:26:00,0.0,,United Kingdom,,True,False,False,True,True,-0.0,2011,4,2011-04,2011Q2,15,26,15:26:00,Afternoon
549140,35819B,"ACRYLIC HANGING JEWEL,BLUE",7,2011-04-06 15:26:00,0.0,,United Kingdom,,True,False,False,False,True,0.0,2011,4,2011-04,2011Q2,15,26,15:26:00,Afternoon
549141,35819B,"ACRYLIC HANGING JEWEL,BLUE",70,2011-04-06 15:26:00,0.0,,United Kingdom,,True,False,False,False,True,0.0,2011,4,2011-04,2011Q2,15,26,15:26:00,Afternoon
549142,35650,,-24,2011-04-06 15:26:00,0.0,,United Kingdom,,True,True,False,True,True,-0.0,2011,4,2011-04,2011Q2,15,26,15:26:00,Afternoon
549143,84597C,RETRO PINK BALL ASHTRAY ,-17,2011-04-06 15:27:00,0.0,,United Kingdom,,True,False,False,True,True,-0.0,2011,4,2011-04,2011Q2,15,27,15:27:00,Afternoon
549144,21416,CLAM SHELL LARGE,-14,2011-04-06 15:28:00,0.0,,United Kingdom,,True,False,False,True,True,-0.0,2011,4,2011-04,2011Q2,15,28,15:28:00,Afternoon
549145,21421,PORCELAIN ROSE LARGE ,26,2011-04-06 15:28:00,0.0,,United Kingdom,,True,False,False,False,True,0.0,2011,4,2011-04,2011Q2,15,28,15:28:00,Afternoon
549146,85017A,ENVELOPE 50 ROMANTIC IMAGES,-10,2011-04-06 15:29:00,0.0,,United Kingdom,,True,False,False,True,True,-0.0,2011,4,2011-04,2011Q2,15,29,15:29:00,Afternoon
549147,20773,BLUE PAISLEY NOTEBOOK,-4,2011-04-06 15:30:00,0.0,,United Kingdom,,True,False,False,True,True,-0.0,2011,4,2011-04,2011Q2,15,30,15:30:00,Afternoon
549149,35649,VINTAGE BEAD COSMETIC BAG ,-43,2011-04-06 15:31:00,0.0,,United Kingdom,,True,False,False,True,True,-0.0,2011,4,2011-04,2011Q2,15,31,15:31:00,Afternoon
549150,79336,LIGHT PINK FLOCK GLASS CANDLEHOLDER,-47,2011-04-06 15:32:00,0.0,,United Kingdom,,True,False,False,True,True,-0.0,2011,4,2011-04,2011Q2,15,32,15:32:00,Afternoon
549151,21664,RIDGED GLASS STORAGE JAR CREAM LID,20,2011-04-06 15:33:00,0.0,,United Kingdom,,True,False,False,False,True,0.0,2011,4,2011-04,2011Q2,15,33,15:33:00,Afternoon
549156,17013D,ORIGAMI ROSE INCENSE IN TUBE,-9,2011-04-06 17:11:00,0.0,,United Kingdom,,True,False,False,True,True,-0.0,2011,4,2011-04,2011Q2,17,11,17:11:00,Afternoon
549157,21511,,-9,2011-04-06 17:13:00,0.0,,United Kingdom,,True,True,False,True,True,-0.0,2011,4,2011-04,2011Q2,17,13,17:13:00,Afternoon
549158,21910,WAY OUT METAL SIGN ,-1,2011-04-06 17:13:00,0.0,,United Kingdom,,True,False,False,True,True,-0.0,2011,4,2011-04,2011Q2,17,13,17:13:00,Afternoon
549159,22052,VINTAGE CARAVAN GIFT WRAP,-25,2011-04-06 17:14:00,0.0,,United Kingdom,,True,False,False,True,True,-0.0,2011,4,2011-04,2011Q2,17,14,17:14:00,Afternoon
549160,81953P,ROUND ARTICULATED PINK CLOCK W/SUCK,-7,2011-04-06 17:15:00,0.0,,United Kingdom,,True,False,False,True,True,-0.0,2011,4,2011-04,2011Q2,17,15,17:15:00,Afternoon
549161,21518,BANK ACCOUNT  GREETING  CARD ,-31,2011-04-06 17:15:00,0.0,,United Kingdom,,True,False,False,True,True,-0.0,2011,4,2011-04,2011Q2,17,15,17:15:00,Afternoon
549163,84247L,FAWN AND MUSHROOM GREETING CARD,8,2011-04-06 17:18:00,0.0,,United Kingdom,,True,False,False,False,True,0.0,2011,4,2011-04,2011Q2,17,18,17:18:00,Afternoon
549164,16169P,WRAP GREEN RUSSIAN FOLKART ,-75,2011-04-06 17:20:00,0.0,,United Kingdom,,True,False,False,True,True,-0.0,2011,4,2011-04,2011Q2,17,20,17:20:00,Afternoon
549165,35815P,"ACRYLIC JEWEL SNOWFLAKE, PINK",-63,2011-04-06 17:20:00,0.0,,United Kingdom,,True,False,False,True,True,-0.0,2011,4,2011-04,2011Q2,17,20,17:20:00,Afternoon
549166,44265,,3,2011-04-06 17:21:00,0.0,,United Kingdom,,True,True,False,False,True,0.0,2011,4,2011-04,2011Q2,17,21,17:21:00,Afternoon
549167,84846A,SCENTED CANDLE IN DIGITALIS TIN,-8,2011-04-06 17:24:00,0.0,,United Kingdom,,True,False,False,True,True,-0.0,2011,4,2011-04,2011Q2,17,24,17:24:00,Afternoon
549168,21161,KEEP OUT BOYS DOOR HANGER ,-10,2011-04-06 17:24:00,0.0,,United Kingdom,,True,False,False,True,True,-0.0,2011,4,2011-04,2011Q2,17,24,17:24:00,Afternoon
549170,82545A,,-4,2011-04-06 17:25:00,0.0,,United Kingdom,,True,True,False,True,True,-0.0,2011,4,2011-04,2011Q2,17,25,17:25:00,Afternoon
549171,84251F,,-2,2011-04-06 17:26:00,0.0,,United Kingdom,,True,True,False,True,True,-0.0,2011,4,2011-04,2011Q2,17,26,17:26:00,Afternoon
549172,21637,ASSORTED SANSKRIT MINI NOTEBOOK,-139,2011-04-06 17:27:00,0.0,,United Kingdom,,True,False,False,True,True,-0.0,2011,4,2011-04,2011Q2,17,27,17:27:00,Afternoon
549173,84218,BOX/12 CHICK & EGG IN BASKET,-2,2011-04-06 17:28:00,0.0,,United Kingdom,,True,False,False,True,True,-0.0,2011,4,2011-04,2011Q2,17,28,17:28:00,Afternoon
549174,21160,KEEP OUT GIRLS DOOR HANGER ,-7,2011-04-06 17:30:00,0.0,,United Kingdom,,True,False,False,True,True,-0.0,2011,4,2011-04,2011Q2,17,30,17:30:00,Afternoon
549175,21171,BATHROOM METAL SIGN ,-30,2011-04-06 17:30:00,0.0,,United Kingdom,,True,False,False,True,True,-0.0,2011,4,2011-04,2011Q2,17,30,17:30:00,Afternoon
549176,35603B,,-12,2011-04-06 17:31:00,0.0,,United Kingdom,,True,True,False,True,True,-0.0,2011,4,2011-04,2011Q2,17,31,17:31:00,Afternoon
549177,20821,GOLDIE LOOKING MIRROR,9,2011-04-06 17:32:00,0.0,,United Kingdom,,True,False,False,False,True,0.0,2011,4,2011-04,2011Q2,17,32,17:32:00,Afternoon
549178,47502,,-19,2011-04-06 17:33:00,0.0,,United Kingdom,,True,True,False,True,True,-0.0,2011,4,2011-04,2011Q2,17,33,17:33:00,Afternoon
549179,84007,,-3,2011-04-06 17:34:00,0.0,,United Kingdom,,True,True,False,True,True,-0.0,2011,4,2011-04,2011Q2,17,34,17:34:00,Afternoon
549180,84522,PINK PARTY SUNGLASSES,-30,2011-04-06 17:34:00,0.0,,United Kingdom,,True,False,False,True,True,-0.0,2011,4,2011-04,2011Q2,17,34,17:34:00,Afternoon
549244,79331,PINK FLOCK GLASS CANDLEHOLDER,-3,2011-04-07 11:53:00,0.0,,United Kingdom,,True,False,False,True,True,-0.0,2011,4,2011-04,2011Q2,11,53,11:53:00,Morning
549264,21337,,-21,2011-04-07 12:45:00,0.0,,United Kingdom,,True,True,False,True,True,-0.0,2011,4,2011-04,2011Q2,12,45,12:45:00,Morning
549266,84593,CROCHET ROSE DES CLOTHES HANGER,-5,2011-04-07 12:45:00,0.0,,United Kingdom,,True,False,False,True,True,-0.0,2011,4,2011-04,2011Q2,12,45,12:45:00,Morning
549267,46037A,,-5,2011-04-07 12:46:00,0.0,,United Kingdom,,True,True,False,True,True,-0.0,2011,4,2011-04,2011Q2,12,46,12:46:00,Morning
549268,84856S,SMALL TAHITI BEACH BAG,-7,2011-04-07 12:47:00,0.0,,United Kingdom,,True,False,False,True,True,-0.0,2011,4,2011-04,2011Q2,12,47,12:47:00,Morning
549270,84856L,LARGE TAHITI BEACH BAG,-27,2011-04-07 12:48:00,0.0,,United Kingdom,,True,False,False,True,True,-0.0,2011,4,2011-04,2011Q2,12,48,12:48:00,Morning
549271,62096B,,-2,2011-04-07 12:48:00,0.0,,United Kingdom,,True,True,False,True,True,-0.0,2011,4,2011-04,2011Q2,12,48,12:48:00,Morning
549326,21738,COSY SLIPPER SHOES SMALL  RED ,-5,2011-04-08 10:45:00,0.0,,United Kingdom,,True,False,False,True,True,-0.0,2011,4,2011-04,2011Q2,10,45,10:45:00,Morning
549327,84912A,PINK ROSE WASHBAG,70,2011-04-08 10:46:00,0.0,,United Kingdom,,True,False,False,False,True,0.0,2011,4,2011-04,2011Q2,10,46,10:46:00,Morning
549328,51008,AFGHAN SLIPPER SOCK PAIR,-110,2011-04-08 10:49:00,0.0,,United Kingdom,,True,False,False,True,True,-0.0,2011,4,2011-04,2011Q2,10,49,10:49:00,Morning
549329,84989A,75 GREEN FAIRY CAKE CASES,-1,2011-04-08 10:49:00,0.0,,United Kingdom,,True,False,False,True,True,-0.0,2011,4,2011-04,2011Q2,10,49,10:49:00,Morning
549330,84251J,,-28,2011-04-08 10:53:00,0.0,,United Kingdom,,True,True,False,True,True,-0.0,2011,4,2011-04,2011Q2,10,53,10:53:00,Morning
549331,40018F,,-22,2011-04-08 10:54:00,0.0,,United Kingdom,,True,True,False,True,True,-0.0,2011,4,2011-04,2011Q2,10,54,10:54:00,Morning
549332,84864A,,-2,2011-04-08 10:55:00,0.0,,United Kingdom,,True,True,False,True,True,-0.0,2011,4,2011-04,2011Q2,10,55,10:55:00,Morning
549340,20774,GREEN FERN NOTEBOOK,-11,2011-04-08 11:02:00,0.0,,United Kingdom,,True,False,False,True,True,-0.0,2011,4,2011-04,2011Q2,11,2,11:02:00,Morning
549342,35818B,"ACRYLIC JEWEL ICICLE, BLUE",-53,2011-04-08 11:06:00,0.0,,United Kingdom,,True,False,False,True,True,-0.0,2011,4,2011-04,2011Q2,11,6,11:06:00,Morning
549343,72815,3 WICK CHRISTMAS BRIAR CANDLE ,-3,2011-04-08 11:07:00,0.0,,United Kingdom,,True,False,False,True,True,-0.0,2011,4,2011-04,2011Q2,11,7,11:07:00,Morning
549344,21825,,-14,2011-04-08 11:08:00,0.0,,United Kingdom,,True,True,False,True,True,-0.0,2011,4,2011-04,2011Q2,11,8,11:08:00,Morning
549345,20748,KENSINGTON COFFEE SET,12,2011-04-08 11:10:00,0.0,,United Kingdom,,True,False,False,False,True,0.0,2011,4,2011-04,2011Q2,11,10,11:10:00,Morning
549346,22033,BOTANICAL ROSE GREETING CARD,-50,2011-04-08 11:10:00,0.0,,United Kingdom,,True,False,False,True,True,-0.0,2011,4,2011-04,2011Q2,11,10,11:10:00,Morning
549347,35914,PINK CHICK EGG WARMER + EGG CUP,10,2011-04-08 11:11:00,0.0,,United Kingdom,,True,False,False,False,True,0.0,2011,4,2011-04,2011Q2,11,11,11:11:00,Morning
549348,84251B,"GREETING CARD, STICKY GORDON",-60,2011-04-08 11:13:00,0.0,,United Kingdom,,True,False,False,True,True,-0.0,2011,4,2011-04,2011Q2,11,13,11:13:00,Morning
549349,10123G,,-38,2011-04-08 11:13:00,0.0,,United Kingdom,,True,True,False,True,True,-0.0,2011,4,2011-04,2011Q2,11,13,11:13:00,Morning
549350,84597B,RETRO BROWN BALL ASHTRAY ,-13,2011-04-08 11:14:00,0.0,,United Kingdom,,True,False,False,True,True,-0.0,2011,4,2011-04,2011Q2,11,14,11:14:00,Morning
549351,85006,SET 4 NURSERY DES ROUND BOXES,-21,2011-04-08 11:14:00,0.0,,United Kingdom,,True,False,False,True,True,-0.0,2011,4,2011-04,2011Q2,11,14,11:14:00,Morning
549355,84899F,,-5,2011-04-08 11:21:00,0.0,,United Kingdom,,True,True,False,True,True,-0.0,2011,4,2011-04,2011Q2,11,21,11:21:00,Morning
549371,84921,CREAM AND PINK FLOWERS PONY ,-17,2011-04-08 11:27:00,0.0,,United Kingdom,,True,False,False,True,True,-0.0,2011,4,2011-04,2011Q2,11,27,11:27:00,Morning
549373,85008,SET OF 3 CONEY ISLAND OVAL BOXES,-2,2011-04-08 11:28:00,0.0,,United Kingdom,,True,False,False,True,True,-0.0,2011,4,2011-04,2011Q2,11,28,11:28:00,Morning
549374,20775,DAISY NOTEBOOK ,-29,2011-04-08 11:29:00,0.0,,United Kingdom,,True,False,False,True,True,-0.0,2011,4,2011-04,2011Q2,11,29,11:29:00,Morning
549375,20863,,-6,2011-04-08 11:29:00,0.0,,United Kingdom,,True,True,False,True,True,-0.0,2011,4,2011-04,2011Q2,11,29,11:29:00,Morning
549376,17014A,ORIGAMI VANILLA INCENSE CONES,11,2011-04-08 11:29:00,0.0,,United Kingdom,,True,False,False,False,True,0.0,2011,4,2011-04,2011Q2,11,29,11:29:00,Morning
549426,22078,RIBBON REEL LACE DESIGN ,-201,2011-04-08 11:55:00,0.0,,United Kingdom,,True,False,False,True,True,-0.0,2011,4,2011-04,2011Q2,11,55,11:55:00,Morning
549427,22797,CHEST OF DRAWERS GINGHAM HEART ,-12,2011-04-08 11:56:00,0.0,,United Kingdom,damages,True,False,False,True,True,-0.0,2011,4,2011-04,2011Q2,11,56,11:56:00,Morning
549453,84857C,PINK MONTE CARLO HANDBAG,24,2011-04-08 14:18:00,0.0,,United Kingdom,,True,False,False,False,True,0.0,2011,4,2011-04,2011Q2,14,18,14:18:00,Afternoon
549454,84858C,PINK RIVIERA HANDBAG,46,2011-04-08 14:18:00,0.0,,United Kingdom,,True,False,False,False,True,0.0,2011,4,2011-04,2011Q2,14,18,14:18:00,Afternoon
549455,84858C,PINK RIVIERA HANDBAG,-10,2011-04-08 14:18:00,0.0,,United Kingdom,,True,False,False,True,True,-0.0,2011,4,2011-04,2011Q2,14,18,14:18:00,Afternoon
549456,47341A,FUSCHIA TABLE RUN FLOWER ,-6,2011-04-08 14:19:00,0.0,,United Kingdom,,True,False,False,True,True,-0.0,2011,4,2011-04,2011Q2,14,19,14:19:00,Afternoon
549457,47344B,BLUE FLOWER DES PURSE,-16,2011-04-08 14:19:00,0.0,,United Kingdom,,True,False,False,True,True,-0.0,2011,4,2011-04,2011Q2,14,19,14:19:00,Afternoon
549458,62097B,BLUE STRIPES SHOULDER BAG,-6,2011-04-08 14:19:00,0.0,,United Kingdom,,True,False,False,True,True,-0.0,2011,4,2011-04,2011Q2,14,19,14:19:00,Afternoon
549459,62043B,BLUE CHECK BAG W HANDLE 34X20CM,7,2011-04-08 14:20:00,0.0,,United Kingdom,,True,False,False,False,True,0.0,2011,4,2011-04,2011Q2,14,20,14:20:00,Afternoon
549460,20716,PARTY FOOD SHOPPER BAG,-82,2011-04-08 14:20:00,0.0,,United Kingdom,,True,False,False,True,True,-0.0,2011,4,2011-04,2011Q2,14,20,14:20:00,Afternoon
549461,20731,POSY CANDY BAG,-16,2011-04-08 14:20:00,0.0,,United Kingdom,,True,False,False,True,True,-0.0,2011,4,2011-04,2011Q2,14,20,14:20:00,Afternoon
549462,84910A,PINK PAISLEY CUSHION COVER ,-16,2011-04-08 14:21:00,0.0,,United Kingdom,,True,False,False,True,True,-0.0,2011,4,2011-04,2011Q2,14,21,14:21:00,Afternoon
549463,84919,BLUE CUSHION COVER WITH FLOWER,-17,2011-04-08 14:21:00,0.0,,United Kingdom,,True,False,False,True,True,-0.0,2011,4,2011-04,2011Q2,14,21,14:21:00,Afternoon
549464,20701,PINK CAT FLORAL CUSHION COVER ,-6,2011-04-08 14:21:00,0.0,,United Kingdom,,True,False,False,True,True,-0.0,2011,4,2011-04,2011Q2,14,21,14:21:00,Afternoon
549465,84415B,BLUE FLOCK CUSHION COVER ,-5,2011-04-08 14:22:00,0.0,,United Kingdom,,True,False,False,True,True,-0.0,2011,4,2011-04,2011Q2,14,22,14:22:00,Afternoon
549466,20816,GOLD FLOWER CUSHION COVER ,-11,2011-04-08 14:22:00,0.0,,United Kingdom,,True,False,False,True,True,-0.0,2011,4,2011-04,2011Q2,14,22,14:22:00,Afternoon
549470,46775D,SUNSET COLOUR CHUNKY KNITTED THROW,-8,2011-04-08 14:28:00,0.0,,United Kingdom,,True,False,False,True,True,-0.0,2011,4,2011-04,2011Q2,14,28,14:28:00,Afternoon
549489,85146,JARDIN ETCHED GLASS SMALL BELL JAR,8,2011-04-08 15:05:00,0.0,,United Kingdom,,True,False,False,False,True,0.0,2011,4,2011-04,2011Q2,15,5,15:05:00,Afternoon
549492,21736,GOLD SCROLL GLASS T-LIGHT HOLDER,5,2011-04-08 15:06:00,0.0,,United Kingdom,,True,False,False,False,True,0.0,2011,4,2011-04,2011Q2,15,6,15:06:00,Afternoon
549494,22168,ORGANISER WOOD ANTIQUE WHITE ,6,2011-04-08 15:06:00,0.0,,United Kingdom,,True,False,False,False,True,0.0,2011,4,2011-04,2011Q2,15,6,15:06:00,Afternoon
549497,21527,RED RETROSPOT TRADITIONAL TEAPOT ,3,2011-04-08 15:06:00,0.0,,United Kingdom,,True,False,False,False,True,0.0,2011,4,2011-04,2011Q2,15,6,15:06:00,Afternoon
549498,22847,BREAD BIN DINER STYLE IVORY,1,2011-04-08 15:06:00,0.0,,United Kingdom,,True,False,False,False,True,0.0,2011,4,2011-04,2011Q2,15,6,15:06:00,Afternoon
549500,79321,CHILLI LIGHTS,1,2011-04-08 15:06:00,0.0,,United Kingdom,,True,False,False,False,True,0.0,2011,4,2011-04,2011Q2,15,6,15:06:00,Afternoon
549502,84459B,YELLOW METAL CHICKEN HEART ,1,2011-04-08 15:07:00,0.0,,United Kingdom,,True,False,False,False,True,0.0,2011,4,2011-04,2011Q2,15,7,15:07:00,Afternoon
549506,22415,WHITE TISSUE REAM,-31,2011-04-08 15:07:00,0.0,,United Kingdom,,True,False,False,True,True,-0.0,2011,4,2011-04,2011Q2,15,7,15:07:00,Afternoon
549510,84559B,3D SHEET OF CAT STICKERS,-158,2011-04-08 15:08:00,0.0,,United Kingdom,,True,False,False,True,True,-0.0,2011,4,2011-04,2011Q2,15,8,15:08:00,Afternoon
549514,20820,SILVER LOOKING MIRROR,-3,2011-04-08 15:09:00,0.0,,United Kingdom,,True,False,False,True,True,-0.0,2011,4,2011-04,2011Q2,15,9,15:09:00,Afternoon
549527,21620,SET OF 4 ROSE BOTANICAL CANDLES,-1479,2011-04-08 16:03:00,0.0,,United Kingdom,mystery! Only ever imported 1800,True,False,False,True,True,-0.0,2011,4,2011-04,2011Q2,16,3,16:03:00,Afternoon
549528,21422,PORCELAIN ROSE SMALL,-55,2011-04-08 16:44:00,0.0,,United Kingdom,,True,False,False,True,True,-0.0,2011,4,2011-04,2011Q2,16,44,16:44:00,Afternoon
549529,21830,ASSORTED CREEPY CRAWLIES,-576,2011-04-08 16:56:00,0.0,,United Kingdom,"MERCHANT CHANDLER CREDIT ERROR, STO",True,False,False,True,True,-0.0,2011,4,2011-04,2011Q2,16,56,16:56:00,Afternoon
549531,21622,VINTAGE UNION JACK CUSHION COVER,-750,2011-04-08 17:05:00,0.0,,United Kingdom,POSSIBLE DAMAGES OR LOST?,True,False,False,True,True,-0.0,2011,4,2011-04,2011Q2,17,5,17:05:00,Afternoon
549695,84751B,BLACK MEDIUM GLASS CAKE STAND,-24,2011-04-11 13:50:00,0.0,,United Kingdom,,True,False,False,True,True,-0.0,2011,4,2011-04,2011Q2,13,50,13:50:00,Afternoon
549846,21100,CHARLIE AND LOLA CHARLOTTE BAG,-6,2011-04-12 14:30:00,0.0,,United Kingdom,Damaged,True,False,False,True,True,-0.0,2011,4,2011-04,2011Q2,14,30,14:30:00,Afternoon
549848,84531A,PINK KNITTED EGG COSY,-34,2011-04-12 14:51:00,0.0,,United Kingdom,,True,False,False,True,True,-0.0,2011,4,2011-04,2011Q2,14,51,14:51:00,Afternoon
549849,84531B,BLUE KNITTED EGG COSY,-23,2011-04-12 14:51:00,0.0,,United Kingdom,,True,False,False,True,True,-0.0,2011,4,2011-04,2011Q2,14,51,14:51:00,Afternoon
549935,35915C,PEACH KNITTED HEN ,-43,2011-04-13 11:16:00,0.0,,United Kingdom,damaged,True,False,False,True,True,-0.0,2011,4,2011-04,2011Q2,11,16,11:16:00,Morning
549948,37488A,YELLOW PINK FLOWER DESIGN BIG BOWL,-1,2011-04-13 12:55:00,0.0,,United Kingdom,damaged,True,False,False,True,True,-0.0,2011,4,2011-04,2011Q2,12,55,12:55:00,Morning
549950,37487B,YELLOW/ORANGE FLOWER DESIGN PLATE,-6,2011-04-13 12:57:00,0.0,,United Kingdom,Damaged,True,False,False,True,True,-0.0,2011,4,2011-04,2011Q2,12,57,12:57:00,Morning
549952,37482P,CUBIC MUG PINK POLKADOT,-93,2011-04-13 13:05:00,0.0,,United Kingdom,Damaged,True,False,False,True,True,-0.0,2011,4,2011-04,2011Q2,13,5,13:05:00,Afternoon
550133,85099F,JUMBO BAG STRAWBERRY,-1092,2011-04-14 13:49:00,0.0,,United Kingdom,,True,False,False,True,True,-0.0,2011,4,2011-04,2011Q2,13,49,13:49:00,Afternoon
550153,85167B,BLACK GRAND BAROQUE PHOTO FRAME,-1,2011-04-14 14:44:00,0.0,,United Kingdom,DAMAGED,True,False,False,True,True,-0.0,2011,4,2011-04,2011Q2,14,44,14:44:00,Afternoon
550188,22636,CHILDS BREAKFAST SET CIRCUS PARADE,1,2011-04-14 18:57:00,0.0,12457,Switzerland,CHILDS BREAKFAST SET CIRCUS PARADE,False,False,False,False,True,0.0,2011,4,2011-04,2011Q2,18,57,18:57:00,Afternoon
550460,47556B,TEA TIME TEA TOWELS ,1300,2011-04-18 13:18:00,0.0,,United Kingdom,did  a credit  and did not tick ret,True,False,False,False,True,0.0,2011,4,2011-04,2011Q2,13,18,13:18:00,Afternoon
550501,35915C,PEACH KNITTED HEN ,30,2011-04-18 15:28:00,0.0,,United Kingdom,,True,False,False,False,True,0.0,2011,4,2011-04,2011Q2,15,28,15:28:00,Afternoon
550502,84535A,ENGLISH ROSE NOTEBOOK A6 SIZE,320,2011-04-18 15:29:00,0.0,,United Kingdom,,True,False,False,False,True,0.0,2011,4,2011-04,2011Q2,15,29,15:29:00,Afternoon
550753,84763,ZINC FINISH 15CM PLANTER POTS,-150,2011-04-20 11:53:00,0.0,,United Kingdom,Display,True,False,False,True,True,-0.0,2011,4,2011-04,2011Q2,11,53,11:53:00,Morning
550757,16202B,PASTEL BLUE PHOTO ALBUM ,-9,2011-04-20 12:08:00,0.0,,United Kingdom,,True,False,False,True,True,-0.0,2011,4,2011-04,2011Q2,12,8,12:08:00,Morning
550758,85017A,ENVELOPE 50 ROMANTIC IMAGES,-8,2011-04-20 12:09:00,0.0,,United Kingdom,,True,False,False,True,True,-0.0,2011,4,2011-04,2011Q2,12,9,12:09:00,Morning
550759,21087,SET/6 POSIES PAPER CUPS,-7,2011-04-20 12:09:00,0.0,,United Kingdom,,True,False,False,True,True,-0.0,2011,4,2011-04,2011Q2,12,9,12:09:00,Morning
550760,84750B,BLACK SMALL GLASS CAKE STAND,-4,2011-04-20 12:09:00,0.0,,United Kingdom,,True,False,False,True,True,-0.0,2011,4,2011-04,2011Q2,12,9,12:09:00,Morning
550761,84388,WISE MAN STAR SHAPE EGG PAN,6,2011-04-20 12:10:00,0.0,,United Kingdom,,True,False,False,False,True,0.0,2011,4,2011-04,2011Q2,12,10,12:10:00,Morning
550762,85030,FRENCH CHATEAU OVAL PLATTER,-9,2011-04-20 12:10:00,0.0,,United Kingdom,,True,False,False,True,True,-0.0,2011,4,2011-04,2011Q2,12,10,12:10:00,Morning
550763,84666,SQUARE CHERRY BLOSSOM CABINET,-5,2011-04-20 12:11:00,0.0,,United Kingdom,,True,False,False,True,True,-0.0,2011,4,2011-04,2011Q2,12,11,12:11:00,Morning
550800,22458,CAST IRON HOOK GARDEN FORK,-65,2011-04-20 14:48:00,0.0,,United Kingdom,Missing,True,False,False,True,True,-0.0,2011,4,2011-04,2011Q2,14,48,14:48:00,Afternoon
550815,85027L,FRENCH CHATEAU LARGE PLATTER ,8,2011-04-20 16:42:00,0.0,,United Kingdom,,True,False,False,False,True,0.0,2011,4,2011-04,2011Q2,16,42,16:42:00,Afternoon
550908,20827,GOLD APERITIF GLASS,-68,2011-04-21 12:39:00,0.0,,United Kingdom,damages,True,False,False,True,True,-0.0,2011,4,2011-04,2011Q2,12,39,12:39:00,Morning
550922,22784,LANTERN CREAM GAZEBO ,-25,2011-04-21 14:29:00,0.0,,United Kingdom,damages,True,False,False,True,True,-0.0,2011,4,2011-04,2011Q2,14,29,14:29:00,Afternoon
550926,22469,HEART OF WICKER SMALL,8,2011-04-21 14:39:00,0.0,,United Kingdom,,True,False,False,False,True,0.0,2011,4,2011-04,2011Q2,14,39,14:39:00,Afternoon
550927,84990,,1,2011-04-21 14:40:00,0.0,,United Kingdom,,True,True,False,False,True,0.0,2011,4,2011-04,2011Q2,14,40,14:40:00,Afternoon
550928,22867,HAND WARMER BIRD DESIGN,3,2011-04-21 14:41:00,0.0,,United Kingdom,,True,False,False,False,True,0.0,2011,4,2011-04,2011Q2,14,41,14:41:00,Afternoon
550929,22470,HEART OF WICKER LARGE,2,2011-04-21 14:41:00,0.0,,United Kingdom,,True,False,False,False,True,0.0,2011,4,2011-04,2011Q2,14,41,14:41:00,Afternoon
550930,22988,SOLDIERS EGG CUP ,2,2011-04-21 14:41:00,0.0,,United Kingdom,,True,False,False,False,True,0.0,2011,4,2011-04,2011Q2,14,41,14:41:00,Afternoon
550943,21316,SMALL CHUNKY GLASS ROMAN  BOWL,-5,2011-04-21 15:51:00,0.0,,United Kingdom,,True,False,False,True,True,-0.0,2011,4,2011-04,2011Q2,15,51,15:51:00,Afternoon
550945,79329,PINK FLOCK GLASS CANDLEHOLDER,-2,2011-04-21 15:52:00,0.0,,United Kingdom,,True,False,False,True,True,-0.0,2011,4,2011-04,2011Q2,15,52,15:52:00,Afternoon
550947,21319,GLASS CHALICE GREEN  SMALL ,3,2011-04-21 15:55:00,0.0,,United Kingdom,adjustment,True,False,False,False,True,0.0,2011,4,2011-04,2011Q2,15,55,15:55:00,Afternoon
550948,17109D,FLOWER FAIRY INCENSE BOUQUET,14,2011-04-21 15:56:00,0.0,,United Kingdom,Adjustment,True,False,False,False,True,0.0,2011,4,2011-04,2011Q2,15,56,15:56:00,Afternoon
550950,17091A,LAVENDER INCENSE IN TIN,84,2011-04-21 16:14:00,0.0,,United Kingdom,found,True,False,False,False,True,0.0,2011,4,2011-04,2011Q2,16,14,16:14:00,Afternoon
550951,84531A,PINK KNITTED EGG COSY,2,2011-04-21 16:15:00,0.0,,United Kingdom,returned,True,False,False,False,True,0.0,2011,4,2011-04,2011Q2,16,15,16:15:00,Afternoon
550952,84531B,BLUE KNITTED EGG COSY,2,2011-04-21 16:16:00,0.0,,United Kingdom,returned,True,False,False,False,True,0.0,2011,4,2011-04,2011Q2,16,16,16:16:00,Afternoon
550954,47013A,WINE BOTTLE DRESSING LT.BLUE,-2,2011-04-21 16:18:00,0.0,,United Kingdom,damaged,True,False,False,True,True,-0.0,2011,4,2011-04,2011Q2,16,18,16:18:00,Afternoon
550970,82599,FANNY'S REST STOPMETAL SIGN,-11,2011-04-21 17:02:00,0.0,,United Kingdom,,True,False,False,True,True,-0.0,2011,4,2011-04,2011Q2,17,2,17:02:00,Afternoon
550975,20941,FROG CANDLE,20,2011-04-21 17:28:00,0.0,,United Kingdom,,True,False,False,False,True,0.0,2011,4,2011-04,2011Q2,17,28,17:28:00,Afternoon
550976,84921,CREAM AND PINK FLOWERS PONY ,6,2011-04-21 17:28:00,0.0,,United Kingdom,,True,False,False,False,True,0.0,2011,4,2011-04,2011Q2,17,28,17:28:00,Afternoon
550977,85200,BUNNY EGG BOX,6,2011-04-21 17:29:00,0.0,,United Kingdom,,True,False,False,False,True,0.0,2011,4,2011-04,2011Q2,17,29,17:29:00,Afternoon
550979,85145,JARDIN ETCHED GLASS LARGE BELL JAR,9,2011-04-21 17:31:00,0.0,,United Kingdom,,True,False,False,False,True,0.0,2011,4,2011-04,2011Q2,17,31,17:31:00,Afternoon
550980,21445,12 PINK ROSE PEG PLACE SETTINGS,1,2011-04-21 17:31:00,0.0,,United Kingdom,,True,False,False,False,True,0.0,2011,4,2011-04,2011Q2,17,31,17:31:00,Afternoon
550981,21911,GARDEN METAL SIGN ,1,2011-04-21 17:32:00,0.0,,United Kingdom,,True,False,False,False,True,0.0,2011,4,2011-04,2011Q2,17,32,17:32:00,Afternoon
550982,22632,HAND WARMER RED RETROSPOT,5,2011-04-21 17:33:00,0.0,,United Kingdom,,True,False,False,False,True,0.0,2011,4,2011-04,2011Q2,17,33,17:33:00,Afternoon
550983,22866,HAND WARMER SCOTTY DOG DESIGN,4,2011-04-21 17:34:00,0.0,,United Kingdom,,True,False,False,False,True,0.0,2011,4,2011-04,2011Q2,17,34,17:34:00,Afternoon
550984,85008,SET OF 3 CONEY ISLAND OVAL BOXES,1,2011-04-21 17:35:00,0.0,,United Kingdom,,True,False,False,False,True,0.0,2011,4,2011-04,2011Q2,17,35,17:35:00,Afternoon
550985,22777,GLASS CLOCHE LARGE,4,2011-04-21 17:40:00,0.0,,United Kingdom,,True,False,False,False,True,0.0,2011,4,2011-04,2011Q2,17,40,17:40:00,Afternoon
551019,22467,GUMBALL COAT RACK,-100,2011-04-26 11:19:00,0.0,,United Kingdom,wrong code?,True,False,False,True,True,-0.0,2011,4,2011-04,2011Q2,11,19,11:19:00,Morning
551020,22719,GUMBALL MONOCHROME COAT RACK,-110,2011-04-26 11:19:00,0.0,,United Kingdom,wrong code,True,False,False,True,True,-0.0,2011,4,2011-04,2011Q2,11,19,11:19:00,Morning
551126,82483,WOOD 2 DRAWER CABINET WHITE FINISH,18,2011-04-26 12:47:00,0.0,,United Kingdom,,True,False,False,False,True,0.0,2011,4,2011-04,2011Q2,12,47,12:47:00,Morning
551168,85068,CREAM SWEETHEART SHELF + HOOKS,-4,2011-04-26 16:06:00,0.0,,United Kingdom,,True,False,False,True,True,-0.0,2011,4,2011-04,2011Q2,16,6,16:06:00,Afternoon
551201,16015,MEDIUM CHINESE STYLE SCISSOR,-620,2011-04-27 11:33:00,0.0,,United Kingdom,,True,False,False,True,True,-0.0,2011,4,2011-04,2011Q2,11,33,11:33:00,Morning
551240,51020A,SUMMER FUN DESIGN SHOWER CAP,41,2011-04-27 11:48:00,0.0,,United Kingdom,adjustment,True,False,False,False,True,0.0,2011,4,2011-04,2011Q2,11,48,11:48:00,Morning
551243,51020B,STRIPY DESIGN SHOWER CAP,-53,2011-04-27 11:49:00,0.0,,United Kingdom,adjust,True,False,False,True,True,-0.0,2011,4,2011-04,2011Q2,11,49,11:49:00,Morning
551302,48189,DOORMAT FRIENDSHIP ,-18,2011-04-27 14:55:00,0.0,,United Kingdom,damaged,True,False,False,True,True,-0.0,2011,4,2011-04,2011Q2,14,55,14:55:00,Afternoon
551304,48189,DOORMAT FRIENDSHIP ,2,2011-04-27 14:56:00,0.0,,United Kingdom,adjustment,True,False,False,False,True,0.0,2011,4,2011-04,2011Q2,14,56,14:56:00,Afternoon
551318,21898,POTTING SHED ROSE CANDLE,60,2011-04-27 15:25:00,0.0,,United Kingdom,,True,False,False,False,True,0.0,2011,4,2011-04,2011Q2,15,25,15:25:00,Afternoon
551319,22459,CAST IRON HOOK GARDEN TROWEL,65,2011-04-27 15:25:00,0.0,,United Kingdom,,True,False,False,False,True,0.0,2011,4,2011-04,2011Q2,15,25,15:25:00,Afternoon
551320,21897,POTTING SHED CANDLE CITRONELLA,60,2011-04-27 15:25:00,0.0,,United Kingdom,,True,False,False,False,True,0.0,2011,4,2011-04,2011Q2,15,25,15:25:00,Afternoon
551321,22719,GUMBALL MONOCHROME COAT RACK,36,2011-04-27 15:26:00,0.0,,United Kingdom,,True,False,False,False,True,0.0,2011,4,2011-04,2011Q2,15,26,15:26:00,Afternoon
551322,85099F,JUMBO BAG STRAWBERRY,101,2011-04-27 15:28:00,0.0,,United Kingdom,,True,False,False,False,True,0.0,2011,4,2011-04,2011Q2,15,28,15:28:00,Afternoon
551323,21398,RED POLKADOT COFFEE  MUG,-9,2011-04-27 15:31:00,0.0,,United Kingdom,damages,True,False,False,True,True,-0.0,2011,4,2011-04,2011Q2,15,31,15:31:00,Afternoon
551324,85017C,ENVELOPE 50 CURIOUS IMAGES,13,2011-04-27 15:47:00,0.0,,United Kingdom,Found,True,False,False,False,True,0.0,2011,4,2011-04,2011Q2,15,47,15:47:00,Afternoon
551326,85017A,ENVELOPE 50 ROMANTIC IMAGES,-2,2011-04-27 15:51:00,0.0,,United Kingdom,,True,False,False,True,True,-0.0,2011,4,2011-04,2011Q2,15,51,15:51:00,Afternoon
551327,84228,HEN HOUSE W CHICK STANDING,-4,2011-04-27 16:01:00,0.0,,United Kingdom,crushed,True,False,False,True,True,-0.0,2011,4,2011-04,2011Q2,16,1,16:01:00,Afternoon
551328,21320,GLASS CHALICE GREEN  LARGE ,-23,2011-04-27 16:08:00,0.0,,United Kingdom,,True,False,False,True,True,-0.0,2011,4,2011-04,2011Q2,16,8,16:08:00,Afternoon
551394,16015,MEDIUM CHINESE STYLE SCISSOR,400,2011-04-28 12:37:00,0.0,,United Kingdom,,True,False,False,False,True,0.0,2011,4,2011-04,2011Q2,12,37,12:37:00,Morning
551422,22084,PAPER CHAIN KIT EMPIRE,-150,2011-04-28 14:11:00,0.0,,United Kingdom,,True,False,False,True,True,-0.0,2011,4,2011-04,2011Q2,14,11,14:11:00,Afternoon
551429,10002,INFLATABLE POLITICAL GLOBE ,-3,2011-04-28 15:05:00,0.0,,United Kingdom,,True,False,False,True,True,-0.0,2011,4,2011-04,2011Q2,15,5,15:05:00,Afternoon
551430,20966,SANDWICH BATH SPONGE,-3,2011-04-28 15:06:00,0.0,,United Kingdom,,True,False,False,True,True,-0.0,2011,4,2011-04,2011Q2,15,6,15:06:00,Afternoon
551431,44091A,BLUE CRUSOE CHECK LAMPSHADE,-2,2011-04-28 15:06:00,0.0,,United Kingdom,,True,False,False,True,True,-0.0,2011,4,2011-04,2011Q2,15,6,15:06:00,Afternoon
551432,21923,,-5,2011-04-28 15:06:00,0.0,,United Kingdom,,True,True,False,True,True,-0.0,2011,4,2011-04,2011Q2,15,6,15:06:00,Afternoon
551433,21784,SHOE SHINE BOX ,-2,2011-04-28 15:07:00,0.0,,United Kingdom,,True,False,False,True,True,-0.0,2011,4,2011-04,2011Q2,15,7,15:07:00,Afternoon
551434,20896,,-5,2011-04-28 15:07:00,0.0,,United Kingdom,,True,True,False,True,True,-0.0,2011,4,2011-04,2011Q2,15,7,15:07:00,Afternoon
551435,20825,,-5,2011-04-28 15:08:00,0.0,,United Kingdom,,True,True,False,True,True,-0.0,2011,4,2011-04,2011Q2,15,8,15:08:00,Afternoon
551441,85136B,BLUE SHARK HELICOPTER,-4,2011-04-28 15:50:00,0.0,,United Kingdom,,True,False,False,True,True,-0.0,2011,4,2011-04,2011Q2,15,50,15:50:00,Afternoon
551442,85060,,-4,2011-04-28 15:50:00,0.0,,United Kingdom,,True,True,False,True,True,-0.0,2011,4,2011-04,2011Q2,15,50,15:50:00,Afternoon
551443,35920,FOUR RABBIT EASTER DECORATIONS,-4,2011-04-28 15:51:00,0.0,,United Kingdom,,True,False,False,True,True,-0.0,2011,4,2011-04,2011Q2,15,51,15:51:00,Afternoon
551444,35809B,ENAMEL BLUE RIM TEA CONTAINER,-4,2011-04-28 15:58:00,0.0,,United Kingdom,,True,False,False,True,True,-0.0,2011,4,2011-04,2011Q2,15,58,15:58:00,Afternoon
551446,35594,,-4,2011-04-28 15:58:00,0.0,,United Kingdom,,True,True,False,True,True,-0.0,2011,4,2011-04,2011Q2,15,58,15:58:00,Afternoon
551447,35004C,SET OF 3 COLOURED  FLYING DUCKS,-4,2011-04-28 15:59:00,0.0,,United Kingdom,,True,False,False,True,True,-0.0,2011,4,2011-04,2011Q2,15,59,15:59:00,Afternoon
551448,22734,SET OF 6 RIBBONS VINTAGE CHRISTMAS,-4,2011-04-28 15:59:00,0.0,,United Kingdom,,True,False,False,True,True,-0.0,2011,4,2011-04,2011Q2,15,59,15:59:00,Afternoon
551449,22525,CHILDRENS GARDEN GLOVES PINK,-4,2011-04-28 16:00:00,0.0,,United Kingdom,,True,False,False,True,True,-0.0,2011,4,2011-04,2011Q2,16,0,16:00:00,Afternoon
551450,21410,COUNTRY COTTAGE  DOORSTOP GREEN,-4,2011-04-28 16:00:00,0.0,,United Kingdom,,True,False,False,True,True,-0.0,2011,4,2011-04,2011Q2,16,0,16:00:00,Afternoon
551451,21330,,-4,2011-04-28 16:01:00,0.0,,United Kingdom,,True,True,False,True,True,-0.0,2011,4,2011-04,2011Q2,16,1,16:01:00,Afternoon
551452,84715,SET OF 6 ICE CREAM SKITTLES,-3,2011-04-28 16:01:00,0.0,,United Kingdom,,True,False,False,True,True,-0.0,2011,4,2011-04,2011Q2,16,1,16:01:00,Afternoon
551453,82494L,WOODEN FRAME ANTIQUE WHITE ,-3,2011-04-28 16:01:00,0.0,,United Kingdom,,True,False,False,True,True,-0.0,2011,4,2011-04,2011Q2,16,1,16:01:00,Afternoon
551454,78027,,-3,2011-04-28 16:02:00,0.0,,United Kingdom,,True,True,False,True,True,-0.0,2011,4,2011-04,2011Q2,16,2,16:02:00,Afternoon
551455,37333,"RETRO ""TEA FOR ONE"" ",-1,2011-04-28 16:03:00,0.0,,United Kingdom,,True,False,False,True,True,-0.0,2011,4,2011-04,2011Q2,16,3,16:03:00,Afternoon
551456,22795,SWEETHEART RECIPE BOOK STAND,-3,2011-04-28 16:03:00,0.0,,United Kingdom,,True,False,False,True,True,-0.0,2011,4,2011-04,2011Q2,16,3,16:03:00,Afternoon
551457,22719,GUMBALL MONOCHROME COAT RACK,-3,2011-04-28 16:04:00,0.0,,United Kingdom,,True,False,False,True,True,-0.0,2011,4,2011-04,2011Q2,16,4,16:04:00,Afternoon
551458,22451,SILK PURSE BABUSHKA RED,3,2011-04-28 16:04:00,0.0,,United Kingdom,,True,False,False,False,True,0.0,2011,4,2011-04,2011Q2,16,4,16:04:00,Afternoon
551459,22173,METAL 4 HOOK HANGER FRENCH CHATEAU,-30,2011-04-28 16:04:00,0.0,,United Kingdom,,True,False,False,True,True,-0.0,2011,4,2011-04,2011Q2,16,4,16:04:00,Afternoon
551460,22173,METAL 4 HOOK HANGER FRENCH CHATEAU,27,2011-04-28 16:05:00,0.0,,United Kingdom,,True,False,False,False,True,0.0,2011,4,2011-04,2011Q2,16,5,16:05:00,Afternoon
551461,21806,,-3,2011-04-28 16:05:00,0.0,,United Kingdom,,True,True,False,True,True,-0.0,2011,4,2011-04,2011Q2,16,5,16:05:00,Afternoon
551553,22521,CHILDS GARDEN TROWEL PINK,-90,2011-05-03 10:15:00,0.0,,United Kingdom,,True,False,False,True,True,-0.0,2011,5,2011-05,2011Q2,10,15,10:15:00,Morning
551554,22720,SET OF 3 CAKE TINS PANTRY DESIGN ,-4,2011-05-03 10:19:00,0.0,,United Kingdom,,True,False,False,True,True,-0.0,2011,5,2011-05,2011Q2,10,19,10:19:00,Morning
551565,85135A,YELLOW DRAGONFLY HELICOPTER,-7,2011-05-03 11:10:00,0.0,,United Kingdom,,True,False,False,True,True,-0.0,2011,5,2011-05,2011Q2,11,10,11:10:00,Morning
551567,21269,ANTIQUE CREAM CUTLERY SHELF ,13,2011-05-03 11:12:00,0.0,,United Kingdom,,True,False,False,False,True,0.0,2011,5,2011-05,2011Q2,11,12,11:12:00,Morning
551568,21038,SET/4 MODERN VINTAGE COTTON NAPKINS,-6,2011-05-03 11:12:00,0.0,,United Kingdom,,True,False,False,True,True,-0.0,2011,5,2011-05,2011Q2,11,12,11:12:00,Morning
551569,85226C,,-6,2011-05-03 11:13:00,0.0,,United Kingdom,,True,True,False,True,True,-0.0,2011,5,2011-05,2011Q2,11,13,11:13:00,Morning
551570,85189,HANGING BUTTERFLY  EGG,-6,2011-05-03 11:13:00,0.0,,United Kingdom,,True,False,False,True,True,-0.0,2011,5,2011-05,2011Q2,11,13,11:13:00,Morning
551571,47591A,,-6,2011-05-03 11:14:00,0.0,,United Kingdom,,True,True,False,True,True,-0.0,2011,5,2011-05,2011Q2,11,14,11:14:00,Morning
551572,37424,,-6,2011-05-03 11:15:00,0.0,,United Kingdom,,True,True,False,True,True,-0.0,2011,5,2011-05,2011Q2,11,15,11:15:00,Morning
551573,22726,ALARM CLOCK BAKELIKE GREEN,-5,2011-05-03 11:15:00,0.0,,United Kingdom,,True,False,False,True,True,-0.0,2011,5,2011-05,2011Q2,11,15,11:15:00,Morning
551574,21692,SILVER LATTICE VANILLA CANDLE POT,-6,2011-05-03 11:16:00,0.0,,United Kingdom,,True,False,False,True,True,-0.0,2011,5,2011-05,2011Q2,11,16,11:16:00,Morning
551575,21412,,-6,2011-05-03 11:16:00,0.0,,United Kingdom,,True,True,False,True,True,-0.0,2011,5,2011-05,2011Q2,11,16,11:16:00,Morning
551577,90100,NECKLACE+BRACELET SET PINK DAISY,-5,2011-05-03 11:19:00,0.0,,United Kingdom,,True,False,False,True,True,-0.0,2011,5,2011-05,2011Q2,11,19,11:19:00,Morning
551578,90037D,,-5,2011-05-03 11:19:00,0.0,,United Kingdom,,True,True,False,True,True,-0.0,2011,5,2011-05,2011Q2,11,19,11:19:00,Morning
551579,85098B,BLUE FLYING SINGING CANARY,-5,2011-05-03 11:20:00,0.0,,United Kingdom,,True,False,False,True,True,-0.0,2011,5,2011-05,2011Q2,11,20,11:20:00,Morning
551580,85084,HOLLY TOP CHRISTMAS STOCKING,-5,2011-05-03 11:20:00,0.0,,United Kingdom,,True,False,False,True,True,-0.0,2011,5,2011-05,2011Q2,11,20,11:20:00,Morning
551581,84873A,FUNKY FLOWER PICNIC BAG FOR 4,5,2011-05-03 11:20:00,0.0,,United Kingdom,,True,False,False,False,True,0.0,2011,5,2011-05,2011Q2,11,20,11:20:00,Morning
551582,84857A,,-5,2011-05-03 11:21:00,0.0,,United Kingdom,,True,True,False,True,True,-0.0,2011,5,2011-05,2011Q2,11,21,11:21:00,Morning
551583,84482,,-5,2011-05-03 11:21:00,0.0,,United Kingdom,,True,True,False,True,True,-0.0,2011,5,2011-05,2011Q2,11,21,11:21:00,Morning
551586,21120,*Boombox Ipod Classic,-6,2011-05-03 11:24:00,0.0,,United Kingdom,,True,False,False,True,True,-0.0,2011,5,2011-05,2011Q2,11,24,11:24:00,Morning
551589,21854,,-2,2011-05-03 11:30:00,0.0,,United Kingdom,,True,True,False,True,True,-0.0,2011,5,2011-05,2011Q2,11,30,11:30:00,Morning
551663,84548,CROCHET BEAR RED/BLUE  KEYRING,-70,2011-05-03 12:34:00,0.0,,United Kingdom,,True,False,False,True,True,-0.0,2011,5,2011-05,2011Q2,12,34,12:34:00,Morning
551664,20933,YELLOW POT PLANT CANDLE,-3,2011-05-03 12:34:00,0.0,,United Kingdom,,True,False,False,True,True,-0.0,2011,5,2011-05,2011Q2,12,34,12:34:00,Morning
551666,84750A,PINK SMALL GLASS CAKE STAND,-10,2011-05-03 12:35:00,0.0,,United Kingdom,,True,False,False,True,True,-0.0,2011,5,2011-05,2011Q2,12,35,12:35:00,Morning
551667,84539,KNITTED RABBIT DOLL ,6,2011-05-03 12:36:00,0.0,,United Kingdom,,True,False,False,False,True,0.0,2011,5,2011-05,2011Q2,12,36,12:36:00,Morning
551668,22444,GROW YOUR OWN PLANT IN A CAN ,-10,2011-05-03 12:37:00,0.0,,United Kingdom,,True,False,False,True,True,-0.0,2011,5,2011-05,2011Q2,12,37,12:37:00,Morning
551669,21355,TOAST ITS - I LOVE YOU ,90,2011-05-03 12:38:00,0.0,,United Kingdom,,True,False,False,False,True,0.0,2011,5,2011-05,2011Q2,12,38,12:38:00,Morning
551671,20734,SILVER MINI TAPE MEASURE ,-10,2011-05-03 12:38:00,0.0,,United Kingdom,,True,False,False,True,True,-0.0,2011,5,2011-05,2011Q2,12,38,12:38:00,Morning
551672,84631,FRUIT TREE AND BIRDS WALL PLAQUE,-4,2011-05-03 12:39:00,0.0,,United Kingdom,,True,False,False,True,True,-0.0,2011,5,2011-05,2011Q2,12,39,12:39:00,Morning
551673,79192A,RETRO PLASTIC 70'S TRAY,-9,2011-05-03 12:39:00,0.0,,United Kingdom,,True,False,False,True,True,-0.0,2011,5,2011-05,2011Q2,12,39,12:39:00,Morning
551689,22625,RED KITCHEN SCALES,-9,2011-05-03 13:35:00,0.0,,United Kingdom,,True,False,False,True,True,-0.0,2011,5,2011-05,2011Q2,13,35,13:35:00,Afternoon
551690,21143,ANTIQUE GLASS HEART DECORATION ,-9,2011-05-03 13:35:00,0.0,,United Kingdom,,True,False,False,True,True,-0.0,2011,5,2011-05,2011Q2,13,35,13:35:00,Afternoon
551691,18098C,PORCELAIN BUTTERFLY OIL BURNER,10,2011-05-03 13:36:00,0.0,,United Kingdom,,True,False,False,False,True,0.0,2011,5,2011-05,2011Q2,13,36,13:36:00,Afternoon
551692,84685,BEACH HUT KEY CABINET,14,2011-05-03 13:36:00,0.0,,United Kingdom,,True,False,False,False,True,0.0,2011,5,2011-05,2011Q2,13,36,13:36:00,Afternoon
551694,47589,CONGRATULATIONS BUNTING,2,2011-05-03 13:36:00,0.0,,United Kingdom,,True,False,False,False,True,0.0,2011,5,2011-05,2011Q2,13,36,13:36:00,Afternoon
551695,22467,GUMBALL COAT RACK,-8,2011-05-03 13:37:00,0.0,,United Kingdom,,True,False,False,True,True,-0.0,2011,5,2011-05,2011Q2,13,37,13:37:00,Afternoon
551700,85144,JARDIN ETCHED GLASS CHEESE DISH,-38,2011-05-03 14:13:00,0.0,,United Kingdom,,True,False,False,True,True,-0.0,2011,5,2011-05,2011Q2,14,13,14:13:00,Afternoon
551701,84683,CLASSICAL ROSE CANDLESTAND,-2,2011-05-03 14:15:00,0.0,,United Kingdom,,True,False,False,True,True,-0.0,2011,5,2011-05,2011Q2,14,15,14:15:00,Afternoon
551704,22656,VINTAGE BLUE KITCHEN CABINET,-2,2011-05-03 14:33:00,0.0,,United Kingdom,,True,False,False,True,True,-0.0,2011,5,2011-05,2011Q2,14,33,14:33:00,Afternoon
551705,22655,VINTAGE RED KITCHEN CABINET,-11,2011-05-03 14:35:00,0.0,,United Kingdom,damages/showroom etc,True,False,False,True,True,-0.0,2011,5,2011-05,2011Q2,14,35,14:35:00,Afternoon
551722,20975,12 PENCILS SMALL TUBE RED RETROSPOT,-170,2011-05-03 16:50:00,0.0,,United Kingdom,,True,False,False,True,True,-0.0,2011,5,2011-05,2011Q2,16,50,16:50:00,Afternoon
551723,22136,LOVE HEART SOCK HANGER,-23,2011-05-03 16:51:00,0.0,,United Kingdom,,True,False,False,True,True,-0.0,2011,5,2011-05,2011Q2,16,51,16:51:00,Afternoon
551735,21656,RIDGED GLASS POSY VASE ,-19,2011-05-04 10:25:00,0.0,,United Kingdom,samples,True,False,False,True,True,-0.0,2011,5,2011-05,2011Q2,10,25,10:25:00,Morning
551837,79164,BLACK WINE GLASS,-1512,2011-05-04 13:23:00,0.0,,United Kingdom,damages/credits from ASOS.,True,False,False,True,True,-0.0,2011,5,2011-05,2011Q2,13,23,13:23:00,Afternoon
551838,35609A,,-51,2011-05-04 13:31:00,0.0,,United Kingdom,,True,True,False,True,True,-0.0,2011,5,2011-05,2011Q2,13,31,13:31:00,Afternoon
551900,20778,GARDEN PATH NOTEBOOK ,2,2011-05-05 10:45:00,0.0,,United Kingdom,,True,False,False,False,True,0.0,2011,5,2011-05,2011Q2,10,45,10:45:00,Morning
551964,20851,ZINC HEART LATTICE TRAY OVAL ,1,2011-05-05 13:13:00,0.0,,United Kingdom,,True,False,False,False,True,0.0,2011,5,2011-05,2011Q2,13,13,13:13:00,Afternoon
551965,21429,RED GINGHAM ROSE JEWELLERY BOX,1,2011-05-05 13:13:00,0.0,,United Kingdom,,True,False,False,False,True,0.0,2011,5,2011-05,2011Q2,13,13,13:13:00,Afternoon
552050,84916,HAND TOWEL PALE BLUE W FLOWERS,-32,2011-05-06 10:08:00,0.0,,United Kingdom,,True,False,False,True,True,-0.0,2011,5,2011-05,2011Q2,10,8,10:08:00,Morning
552052,84917,WHITE HAND TOWEL WITH BUTTERFLY,-8,2011-05-06 10:10:00,0.0,,United Kingdom,,True,False,False,True,True,-0.0,2011,5,2011-05,2011Q2,10,10,10:10:00,Morning
552175,23200,JUMBO BAG PEARS,100,2011-05-06 13:25:00,0.0,,United Kingdom,mailout ,True,False,False,False,True,0.0,2011,5,2011-05,2011Q2,13,25,13:25:00,Afternoon
552177,23202,JUMBO BAG VINTAGE LEAF,100,2011-05-06 13:28:00,0.0,,United Kingdom,mailout,True,False,False,False,True,0.0,2011,5,2011-05,2011Q2,13,28,13:28:00,Afternoon
552178,23203,JUMBO BAG VINTAGE DOILY ,100,2011-05-06 13:29:00,0.0,,United Kingdom,mailout,True,False,False,False,True,0.0,2011,5,2011-05,2011Q2,13,29,13:29:00,Afternoon
552187,23209,LUNCH BAG VINTAGE DOILY ,100,2011-05-06 13:59:00,0.0,,United Kingdom,mailout,True,False,False,False,True,0.0,2011,5,2011-05,2011Q2,13,59,13:59:00,Afternoon
552214,84872A,TEATIME FUNKY FLOWER BACKPACK FOR 2,-12,2011-05-06 15:11:00,0.0,,United Kingdom,,True,False,False,True,True,-0.0,2011,5,2011-05,2011Q2,15,11,15:11:00,Afternoon
552215,17096,ASSORTED LAQUERED INCENSE HOLDERS,-41,2011-05-06 15:12:00,0.0,,United Kingdom,,True,False,False,True,True,-0.0,2011,5,2011-05,2011Q2,15,12,15:12:00,Afternoon
552216,21363,HOME SMALL WOOD LETTERS,-19,2011-05-06 15:12:00,0.0,,United Kingdom,,True,False,False,True,True,-0.0,2011,5,2011-05,2011Q2,15,12,15:12:00,Afternoon
552218,84406B,CREAM CUPID HEARTS COAT HANGER,-38,2011-05-06 15:15:00,0.0,,United Kingdom,,True,False,False,True,True,-0.0,2011,5,2011-05,2011Q2,15,15,15:15:00,Afternoon
552219,22073,RED RETROSPOT STORAGE JAR,-56,2011-05-06 15:16:00,0.0,,United Kingdom,,True,False,False,True,True,-0.0,2011,5,2011-05,2011Q2,15,16,15:16:00,Afternoon
552220,22202,MILK PAN PINK POLKADOT,1,2011-05-06 15:20:00,0.0,,United Kingdom,,True,False,False,False,True,0.0,2011,5,2011-05,2011Q2,15,20,15:20:00,Afternoon
552221,21043,APRON MODERN VINTAGE COTTON,-38,2011-05-06 15:20:00,0.0,,United Kingdom,,True,False,False,True,True,-0.0,2011,5,2011-05,2011Q2,15,20,15:20:00,Afternoon
552222,21974,SET OF 36 PAISLEY FLOWER DOILIES,-45,2011-05-06 15:22:00,0.0,,United Kingdom,,True,False,False,True,True,-0.0,2011,5,2011-05,2011Q2,15,22,15:22:00,Afternoon
552223,22524,CHILDRENS GARDEN GLOVES BLUE,-49,2011-05-06 15:24:00,0.0,,United Kingdom,,True,False,False,True,True,-0.0,2011,5,2011-05,2011Q2,15,24,15:24:00,Afternoon
552224,84766,SILVER ROCOCO CANDLE STICK,-37,2011-05-06 15:25:00,0.0,,United Kingdom,,True,False,False,True,True,-0.0,2011,5,2011-05,2011Q2,15,25,15:25:00,Afternoon
552225,22775,PURPLE DRAWERKNOB ACRYLIC EDWARDIAN,-40,2011-05-06 15:26:00,0.0,,United Kingdom,,True,False,False,True,True,-0.0,2011,5,2011-05,2011Q2,15,26,15:26:00,Afternoon
552226,22035,VINTAGE CARAVAN GREETING CARD ,-160,2011-05-06 15:26:00,0.0,,United Kingdom,,True,False,False,True,True,-0.0,2011,5,2011-05,2011Q2,15,26,15:26:00,Afternoon
552227,84596J,MIXED NUTS LIGHT GREEN BOWL,70,2011-05-06 15:27:00,0.0,,United Kingdom,,True,False,False,False,True,0.0,2011,5,2011-05,2011Q2,15,27,15:27:00,Afternoon
552228,84912B,GREEN ROSE WASHBAG,-93,2011-05-06 15:29:00,0.0,,United Kingdom,,True,False,False,True,True,-0.0,2011,5,2011-05,2011Q2,15,29,15:29:00,Afternoon
552230,20735,BLACK MINI TAPE MEASURE ,1,2011-05-06 15:43:00,0.0,,United Kingdom,BLACK MINI TAPE MEASURE ,True,False,False,False,True,0.0,2011,5,2011-05,2011Q2,15,43,15:43:00,Afternoon
552230,22617,BAKING SET SPACEBOY DESIGN,1,2011-05-06 15:43:00,0.0,,United Kingdom,BAKING SET SPACEBOY DESIGN,True,False,False,False,True,0.0,2011,5,2011-05,2011Q2,15,43,15:43:00,Afternoon
552230,37327,ASSTD MULTICOLOUR CIRCLES MUG,1,2011-05-06 15:43:00,0.0,,United Kingdom,ASSTD MULTICOLOUR CIRCLES MUG,True,False,False,False,True,0.0,2011,5,2011-05,2011Q2,15,43,15:43:00,Afternoon
552230,84375,SET OF 20 KIDS COOKIE CUTTERS,1,2011-05-06 15:43:00,0.0,,United Kingdom,SET OF 20 KIDS COOKIE CUTTERS,True,False,False,False,True,0.0,2011,5,2011-05,2011Q2,15,43,15:43:00,Afternoon
552230,84969,BOX OF 6 ASSORTED COLOUR TEASPOONS,1,2011-05-06 15:43:00,0.0,,United Kingdom,BOX OF 6 ASSORTED COLOUR TEASPOONS,True,False,False,False,True,0.0,2011,5,2011-05,2011Q2,15,43,15:43:00,Afternoon
552230,DOT,DOTCOM POSTAGE,1,2011-05-06 15:43:00,0.0,,United Kingdom,DOTCOM POSTAGE,True,False,False,False,True,0.0,2011,5,2011-05,2011Q2,15,43,15:43:00,Afternoon
552331,22667,RECIPE BOX RETROSPOT ,-30,2011-05-09 10:24:00,0.0,,United Kingdom,damaged,True,False,False,True,True,-0.0,2011,5,2011-05,2011Q2,10,24,10:24:00,Morning
552443,22796,PHOTO FRAME 3 CLASSIC HANGING,-360,2011-05-09 13:05:00,0.0,,United Kingdom,Not rcvd in 10/11/2010 delivery,True,False,False,True,True,-0.0,2011,5,2011-05,2011Q2,13,5,13:05:00,Afternoon
552527,20964,,2,2011-05-09 16:48:00,0.0,,United Kingdom,,True,True,False,False,True,0.0,2011,5,2011-05,2011Q2,16,48,16:48:00,Afternoon
552653,22926,IVORY GIANT GARDEN THERMOMETER,-48,2011-05-10 14:12:00,0.0,,United Kingdom,,True,False,False,True,True,-0.0,2011,5,2011-05,2011Q2,14,12,14:12:00,Afternoon
552733,23059,Thrown away-rusty,-2376,2011-05-11 10:48:00,0.0,,United Kingdom,Thrown away-rusty,True,False,False,True,True,-0.0,2011,5,2011-05,2011Q2,10,48,10:48:00,Morning
552763,21137,BLACK RECORD COVER FRAME,-25,2011-05-11 11:33:00,0.0,,United Kingdom,,True,False,False,True,True,-0.0,2011,5,2011-05,2011Q2,11,33,11:33:00,Morning
552766,22084,PAPER CHAIN KIT EMPIRE,-56,2011-05-11 11:41:00,0.0,,United Kingdom,,True,False,False,True,True,-0.0,2011,5,2011-05,2011Q2,11,41,11:41:00,Morning
552767,79164,BLACK WINE GLASS,-47,2011-05-11 11:42:00,0.0,,United Kingdom,,True,False,False,True,True,-0.0,2011,5,2011-05,2011Q2,11,42,11:42:00,Morning
552768,22087,PAPER BUNTING WHITE LACE,-26,2011-05-11 11:43:00,0.0,,United Kingdom,,True,False,False,True,True,-0.0,2011,5,2011-05,2011Q2,11,43,11:43:00,Morning
552979,35970,ZINC FOLKART SLEIGH BELLS,-217,2011-05-12 14:49:00,0.0,,United Kingdom,,True,False,False,True,True,-0.0,2011,5,2011-05,2011Q2,14,49,14:49:00,Afternoon
553000,47566,PARTY BUNTING,4,2011-05-12 15:21:00,0.0,17667,United Kingdom,PARTY BUNTING,False,False,False,False,True,0.0,2011,5,2011-05,2011Q2,15,21,15:21:00,Afternoon
553041,22521,CHILDS GARDEN TROWEL PINK,-9,2011-05-13 09:01:00,0.0,,United Kingdom,,True,False,False,True,True,-0.0,2011,5,2011-05,2011Q2,9,1,09:01:00,Morning
553147,84879,ASSORTED COLOUR BIRD ORNAMENT,-160,2011-05-13 13:58:00,0.0,,United Kingdom,damaged,True,False,False,True,True,-0.0,2011,5,2011-05,2011Q2,13,58,13:58:00,Afternoon
553163,22726,ALARM CLOCK BAKELIKE GREEN,1,2011-05-13 16:10:00,0.0,,United Kingdom,,True,False,False,False,True,0.0,2011,5,2011-05,2011Q2,16,10,16:10:00,Afternoon
553349,22719,GUMBALL MONOCHROME COAT RACK,1,2011-05-16 13:31:00,0.0,,United Kingdom,,True,False,False,False,True,0.0,2011,5,2011-05,2011Q2,13,31,13:31:00,Afternoon
553391,37370,RETRO COFFEE MUGS ASSORTED,-786,2011-05-16 16:42:00,0.0,,United Kingdom,sold as set/6 by dotcom,True,False,False,True,True,-0.0,2011,5,2011-05,2011Q2,16,42,16:42:00,Afternoon
553394,15058A,BLUE POLKADOT GARDEN PARASOL,-30,2011-05-16 16:47:00,0.0,,United Kingdom,wet/rusty,True,False,False,True,True,-0.0,2011,5,2011-05,2011Q2,16,47,16:47:00,Afternoon
553395,15058C,ICE CREAM DESIGN GARDEN PARASOL,-30,2011-05-16 16:47:00,0.0,,United Kingdom,wet/rusty,True,False,False,True,True,-0.0,2011,5,2011-05,2011Q2,16,47,16:47:00,Afternoon
553396,22423,REGENCY CAKESTAND 3 TIER,-21,2011-05-16 16:48:00,0.0,,United Kingdom,damages,True,False,False,True,True,-0.0,2011,5,2011-05,2011Q2,16,48,16:48:00,Afternoon
553398,37370,RETRO COFFEE MUGS ASSORTED,-590,2011-05-16 17:07:00,0.0,,United Kingdom,damages/dotcom?,True,False,False,True,True,-0.0,2011,5,2011-05,2011Q2,17,7,17:07:00,Afternoon
553399,84789,ENCHANTED BIRD PLANT CAGE,-2,2011-05-16 17:08:00,0.0,,United Kingdom,,True,False,False,True,True,-0.0,2011,5,2011-05,2011Q2,17,8,17:08:00,Afternoon
553400,20803,SMALL PINK GLASS SUNDAE DISH,-40,2011-05-16 17:09:00,0.0,,United Kingdom,damages,True,False,False,True,True,-0.0,2011,5,2011-05,2011Q2,17,9,17:09:00,Afternoon
553401,22060,LARGE CAKE STAND HANGING HEARTS,-16,2011-05-16 17:10:00,0.0,,United Kingdom,,True,False,False,True,True,-0.0,2011,5,2011-05,2011Q2,17,10,17:10:00,Afternoon
553413,21259,VICTORIAN SEWING BOX SMALL ,-51,2011-05-17 09:45:00,0.0,,United Kingdom,,True,False,False,True,True,-0.0,2011,5,2011-05,2011Q2,9,45,09:45:00,Morning
553480,21143,ANTIQUE GLASS HEART DECORATION ,24,2011-05-17 11:51:00,0.0,,United Kingdom,,True,False,False,False,True,0.0,2011,5,2011-05,2011Q2,11,51,11:51:00,Morning
553481,21181,PLEASE ONE PERSON METAL SIGN,192,2011-05-17 12:06:00,0.0,,United Kingdom,on cargo order,True,False,False,False,True,0.0,2011,5,2011-05,2011Q2,12,6,12:06:00,Morning
553521,85099F,JUMBO BAG STRAWBERRY,1,2011-05-17 14:35:00,0.0,,United Kingdom,JUMBO BAG STRAWBERRY,True,False,False,False,True,0.0,2011,5,2011-05,2011Q2,14,35,14:35:00,Afternoon
553521,48184,DOORMAT ENGLISH ROSE ,1,2011-05-17 14:35:00,0.0,,United Kingdom,DOORMAT ENGLISH ROSE ,True,False,False,False,True,0.0,2011,5,2011-05,2011Q2,14,35,14:35:00,Afternoon
553521,22692,DOORMAT WELCOME TO OUR HOME,1,2011-05-17 14:35:00,0.0,,United Kingdom,DOORMAT WELCOME TO OUR HOME,True,False,False,False,True,0.0,2011,5,2011-05,2011Q2,14,35,14:35:00,Afternoon
553521,22684,FRENCH BLUE METAL DOOR SIGN 9,2,2011-05-17 14:35:00,0.0,,United Kingdom,FRENCH BLUE METAL DOOR SIGN 9,True,False,False,False,True,0.0,2011,5,2011-05,2011Q2,14,35,14:35:00,Afternoon
553521,22682,FRENCH BLUE METAL DOOR SIGN 7,3,2011-05-17 14:35:00,0.0,,United Kingdom,FRENCH BLUE METAL DOOR SIGN 7,True,False,False,False,True,0.0,2011,5,2011-05,2011Q2,14,35,14:35:00,Afternoon
553521,22686,FRENCH BLUE METAL DOOR SIGN No,11,2011-05-17 14:35:00,0.0,,United Kingdom,FRENCH BLUE METAL DOOR SIGN No,True,False,False,False,True,0.0,2011,5,2011-05,2011Q2,14,35,14:35:00,Afternoon
553521,22683,FRENCH BLUE METAL DOOR SIGN 8,5,2011-05-17 14:35:00,0.0,,United Kingdom,FRENCH BLUE METAL DOOR SIGN 8,True,False,False,False,True,0.0,2011,5,2011-05,2011Q2,14,35,14:35:00,Afternoon
553521,22679,FRENCH BLUE METAL DOOR SIGN 4,4,2011-05-17 14:35:00,0.0,,United Kingdom,FRENCH BLUE METAL DOOR SIGN 4,True,False,False,False,True,0.0,2011,5,2011-05,2011Q2,14,35,14:35:00,Afternoon
553521,22678,FRENCH BLUE METAL DOOR SIGN 3,5,2011-05-17 14:35:00,0.0,,United Kingdom,FRENCH BLUE METAL DOOR SIGN 3,True,False,False,False,True,0.0,2011,5,2011-05,2011Q2,14,35,14:35:00,Afternoon
553521,22680,FRENCH BLUE METAL DOOR SIGN 5,2,2011-05-17 14:35:00,0.0,,United Kingdom,FRENCH BLUE METAL DOOR SIGN 5,True,False,False,False,True,0.0,2011,5,2011-05,2011Q2,14,35,14:35:00,Afternoon
553521,22677,FRENCH BLUE METAL DOOR SIGN 2,4,2011-05-17 14:35:00,0.0,,United Kingdom,FRENCH BLUE METAL DOOR SIGN 2,True,False,False,False,True,0.0,2011,5,2011-05,2011Q2,14,35,14:35:00,Afternoon
553521,22676,FRENCH BLUE METAL DOOR SIGN 1,2,2011-05-17 14:35:00,0.0,,United Kingdom,FRENCH BLUE METAL DOOR SIGN 1,True,False,False,False,True,0.0,2011,5,2011-05,2011Q2,14,35,14:35:00,Afternoon
553521,22666,RECIPE BOX PANTRY YELLOW DESIGN,1,2011-05-17 14:35:00,0.0,,United Kingdom,RECIPE BOX PANTRY YELLOW DESIGN,True,False,False,False,True,0.0,2011,5,2011-05,2011Q2,14,35,14:35:00,Afternoon
553521,22665,RECIPE BOX BLUE SKETCHBOOK DESIGN,2,2011-05-17 14:35:00,0.0,,United Kingdom,RECIPE BOX BLUE SKETCHBOOK DESIGN,True,False,False,False,True,0.0,2011,5,2011-05,2011Q2,14,35,14:35:00,Afternoon
553521,22649,STRAWBERRY FAIRY CAKE TEAPOT,1,2011-05-17 14:35:00,0.0,,United Kingdom,STRAWBERRY FAIRY CAKE TEAPOT,True,False,False,False,True,0.0,2011,5,2011-05,2011Q2,14,35,14:35:00,Afternoon
553521,22646,CERAMIC STRAWBERRY CAKE MONEY BANK,1,2011-05-17 14:35:00,0.0,,United Kingdom,CERAMIC STRAWBERRY CAKE MONEY BANK,True,False,False,False,True,0.0,2011,5,2011-05,2011Q2,14,35,14:35:00,Afternoon
553521,22644,CERAMIC CHERRY CAKE MONEY BANK,1,2011-05-17 14:35:00,0.0,,United Kingdom,CERAMIC CHERRY CAKE MONEY BANK,True,False,False,False,True,0.0,2011,5,2011-05,2011Q2,14,35,14:35:00,Afternoon
553521,22645,CERAMIC HEART FAIRY CAKE MONEY BANK,1,2011-05-17 14:35:00,0.0,,United Kingdom,CERAMIC HEART FAIRY CAKE MONEY BANK,True,False,False,False,True,0.0,2011,5,2011-05,2011Q2,14,35,14:35:00,Afternoon
553521,22637,PIGGY BANK RETROSPOT ,2,2011-05-17 14:35:00,0.0,,United Kingdom,PIGGY BANK RETROSPOT ,True,False,False,False,True,0.0,2011,5,2011-05,2011Q2,14,35,14:35:00,Afternoon
553521,22626,BLACK KITCHEN SCALES,1,2011-05-17 14:35:00,0.0,,United Kingdom,BLACK KITCHEN SCALES,True,False,False,False,True,0.0,2011,5,2011-05,2011Q2,14,35,14:35:00,Afternoon
553521,22559,SEASIDE FLYING DISC,1,2011-05-17 14:35:00,0.0,,United Kingdom,SEASIDE FLYING DISC,True,False,False,False,True,0.0,2011,5,2011-05,2011Q2,14,35,14:35:00,Afternoon
553521,22524,CHILDRENS GARDEN GLOVES BLUE,1,2011-05-17 14:35:00,0.0,,United Kingdom,CHILDRENS GARDEN GLOVES BLUE,True,False,False,False,True,0.0,2011,5,2011-05,2011Q2,14,35,14:35:00,Afternoon
553521,22520,CHILDS GARDEN TROWEL BLUE ,1,2011-05-17 14:35:00,0.0,,United Kingdom,CHILDS GARDEN TROWEL BLUE ,True,False,False,False,True,0.0,2011,5,2011-05,2011Q2,14,35,14:35:00,Afternoon
553521,22518,CHILDS GARDEN BRUSH BLUE,1,2011-05-17 14:35:00,0.0,,United Kingdom,CHILDS GARDEN BRUSH BLUE,True,False,False,False,True,0.0,2011,5,2011-05,2011Q2,14,35,14:35:00,Afternoon
553521,22519,CHILDS GARDEN BRUSH PINK,1,2011-05-17 14:35:00,0.0,,United Kingdom,CHILDS GARDEN BRUSH PINK,True,False,False,False,True,0.0,2011,5,2011-05,2011Q2,14,35,14:35:00,Afternoon
553521,22515,CHILDS GARDEN SPADE PINK,1,2011-05-17 14:35:00,0.0,,United Kingdom,CHILDS GARDEN SPADE PINK,True,False,False,False,True,0.0,2011,5,2011-05,2011Q2,14,35,14:35:00,Afternoon
553521,22514,CHILDS GARDEN SPADE BLUE,2,2011-05-17 14:35:00,0.0,,United Kingdom,CHILDS GARDEN SPADE BLUE,True,False,False,False,True,0.0,2011,5,2011-05,2011Q2,14,35,14:35:00,Afternoon
553521,22430,ENAMEL WATERING CAN CREAM,1,2011-05-17 14:35:00,0.0,,United Kingdom,ENAMEL WATERING CAN CREAM,True,False,False,False,True,0.0,2011,5,2011-05,2011Q2,14,35,14:35:00,Afternoon
553521,22427,ENAMEL FLOWER JUG CREAM,1,2011-05-17 14:35:00,0.0,,United Kingdom,ENAMEL FLOWER JUG CREAM,True,False,False,False,True,0.0,2011,5,2011-05,2011Q2,14,35,14:35:00,Afternoon
553521,22414,DOORMAT NEIGHBOURHOOD WITCH ,1,2011-05-17 14:35:00,0.0,,United Kingdom,DOORMAT NEIGHBOURHOOD WITCH ,True,False,False,False,True,0.0,2011,5,2011-05,2011Q2,14,35,14:35:00,Afternoon
553521,22365,DOORMAT RESPECTABLE HOUSE,1,2011-05-17 14:35:00,0.0,,United Kingdom,DOORMAT RESPECTABLE HOUSE,True,False,False,False,True,0.0,2011,5,2011-05,2011Q2,14,35,14:35:00,Afternoon
553521,22363,GLASS JAR MARMALADE ,1,2011-05-17 14:35:00,0.0,,United Kingdom,GLASS JAR MARMALADE ,True,False,False,False,True,0.0,2011,5,2011-05,2011Q2,14,35,14:35:00,Afternoon
553521,22362,GLASS JAR PEACOCK BATH SALTS,1,2011-05-17 14:35:00,0.0,,United Kingdom,GLASS JAR PEACOCK BATH SALTS,True,False,False,False,True,0.0,2011,5,2011-05,2011Q2,14,35,14:35:00,Afternoon
553521,22359,GLASS JAR KINGS CHOICE,1,2011-05-17 14:35:00,0.0,,United Kingdom,GLASS JAR KINGS CHOICE,True,False,False,False,True,0.0,2011,5,2011-05,2011Q2,14,35,14:35:00,Afternoon
553521,22356,CHARLOTTE BAG PINK POLKADOT,1,2011-05-17 14:35:00,0.0,,United Kingdom,CHARLOTTE BAG PINK POLKADOT,True,False,False,False,True,0.0,2011,5,2011-05,2011Q2,14,35,14:35:00,Afternoon
553521,22301,COFFEE MUG CAT + BIRD DESIGN,1,2011-05-17 14:35:00,0.0,,United Kingdom,COFFEE MUG CAT + BIRD DESIGN,True,False,False,False,True,0.0,2011,5,2011-05,2011Q2,14,35,14:35:00,Afternoon
553521,22203,MILK PAN RED RETROSPOT,1,2011-05-17 14:35:00,0.0,,United Kingdom,MILK PAN RED RETROSPOT,True,False,False,False,True,0.0,2011,5,2011-05,2011Q2,14,35,14:35:00,Afternoon
553521,21889,WOODEN BOX OF DOMINOES,1,2011-05-17 14:35:00,0.0,,United Kingdom,WOODEN BOX OF DOMINOES,True,False,False,False,True,0.0,2011,5,2011-05,2011Q2,14,35,14:35:00,Afternoon
553521,21116,OWL DOORSTOP,1,2011-05-17 14:35:00,0.0,,United Kingdom,OWL DOORSTOP,True,False,False,False,True,0.0,2011,5,2011-05,2011Q2,14,35,14:35:00,Afternoon
553539,22425,ENAMEL COLANDER CREAM,1,2011-05-17 15:27:00,0.0,,United Kingdom,ENAMEL COLANDER CREAM,True,False,False,False,True,0.0,2011,5,2011-05,2011Q2,15,27,15:27:00,Afternoon
553539,22414,DOORMAT NEIGHBOURHOOD WITCH ,1,2011-05-17 15:27:00,0.0,,United Kingdom,DOORMAT NEIGHBOURHOOD WITCH ,True,False,False,False,True,0.0,2011,5,2011-05,2011Q2,15,27,15:27:00,Afternoon
553539,22301,COFFEE MUG CAT + BIRD DESIGN,1,2011-05-17 15:27:00,0.0,,United Kingdom,COFFEE MUG CAT + BIRD DESIGN,True,False,False,False,True,0.0,2011,5,2011-05,2011Q2,15,27,15:27:00,Afternoon
553539,22201,FRYING PAN BLUE POLKADOT,1,2011-05-17 15:27:00,0.0,,United Kingdom,FRYING PAN BLUE POLKADOT,True,False,False,False,True,0.0,2011,5,2011-05,2011Q2,15,27,15:27:00,Afternoon
553539,21922,UNION STRIPE WITH FRINGE  HAMMOCK,1,2011-05-17 15:27:00,0.0,,United Kingdom,UNION STRIPE WITH FRINGE  HAMMOCK,True,False,False,False,True,0.0,2011,5,2011-05,2011Q2,15,27,15:27:00,Afternoon
553539,22692,DOORMAT WELCOME TO OUR HOME,1,2011-05-17 15:27:00,0.0,,United Kingdom,DOORMAT WELCOME TO OUR HOME,True,False,False,False,True,0.0,2011,5,2011-05,2011Q2,15,27,15:27:00,Afternoon
553539,21559,STRAWBERRY LUNCH BOX WITH CUTLERY,1,2011-05-17 15:27:00,0.0,,United Kingdom,STRAWBERRY LUNCH BOX WITH CUTLERY,True,False,False,False,True,0.0,2011,5,2011-05,2011Q2,15,27,15:27:00,Afternoon
553539,21116,OWL DOORSTOP,2,2011-05-17 15:27:00,0.0,,United Kingdom,OWL DOORSTOP,True,False,False,False,True,0.0,2011,5,2011-05,2011Q2,15,27,15:27:00,Afternoon
553539,20711,JUMBO BAG TOYS ,1,2011-05-17 15:27:00,0.0,,United Kingdom,JUMBO BAG TOYS ,True,False,False,False,True,0.0,2011,5,2011-05,2011Q2,15,27,15:27:00,Afternoon
553539,20682,RED RETROSPOT CHILDRENS UMBRELLA,1,2011-05-17 15:27:00,0.0,,United Kingdom,RED RETROSPOT CHILDRENS UMBRELLA,True,False,False,False,True,0.0,2011,5,2011-05,2011Q2,15,27,15:27:00,Afternoon
553539,22843,BISCUIT TIN VINTAGE GREEN,1,2011-05-17 15:27:00,0.0,,United Kingdom,BISCUIT TIN VINTAGE GREEN,True,False,False,False,True,0.0,2011,5,2011-05,2011Q2,15,27,15:27:00,Afternoon
553539,22682,FRENCH BLUE METAL DOOR SIGN 7,1,2011-05-17 15:27:00,0.0,,United Kingdom,FRENCH BLUE METAL DOOR SIGN 7,True,False,False,False,True,0.0,2011,5,2011-05,2011Q2,15,27,15:27:00,Afternoon
553539,22679,FRENCH BLUE METAL DOOR SIGN 4,2,2011-05-17 15:27:00,0.0,,United Kingdom,FRENCH BLUE METAL DOOR SIGN 4,True,False,False,False,True,0.0,2011,5,2011-05,2011Q2,15,27,15:27:00,Afternoon
553539,22678,FRENCH BLUE METAL DOOR SIGN 3,5,2011-05-17 15:27:00,0.0,,United Kingdom,FRENCH BLUE METAL DOOR SIGN 3,True,False,False,False,True,0.0,2011,5,2011-05,2011Q2,15,27,15:27:00,Afternoon
553539,22677,FRENCH BLUE METAL DOOR SIGN 2,2,2011-05-17 15:27:00,0.0,,United Kingdom,FRENCH BLUE METAL DOOR SIGN 2,True,False,False,False,True,0.0,2011,5,2011-05,2011Q2,15,27,15:27:00,Afternoon
553539,22683,FRENCH BLUE METAL DOOR SIGN 8,1,2011-05-17 15:27:00,0.0,,United Kingdom,FRENCH BLUE METAL DOOR SIGN 8,True,False,False,False,True,0.0,2011,5,2011-05,2011Q2,15,27,15:27:00,Afternoon
553539,22666,RECIPE BOX PANTRY YELLOW DESIGN,1,2011-05-17 15:27:00,0.0,,United Kingdom,RECIPE BOX PANTRY YELLOW DESIGN,True,False,False,False,True,0.0,2011,5,2011-05,2011Q2,15,27,15:27:00,Afternoon
553539,22665,RECIPE BOX BLUE SKETCHBOOK DESIGN,1,2011-05-17 15:27:00,0.0,,United Kingdom,RECIPE BOX BLUE SKETCHBOOK DESIGN,True,False,False,False,True,0.0,2011,5,2011-05,2011Q2,15,27,15:27:00,Afternoon
553539,22685,FRENCH BLUE METAL DOOR SIGN 0,2,2011-05-17 15:27:00,0.0,,United Kingdom,FRENCH BLUE METAL DOOR SIGN 0,True,False,False,False,True,0.0,2011,5,2011-05,2011Q2,15,27,15:27:00,Afternoon
553539,22676,FRENCH BLUE METAL DOOR SIGN 1,4,2011-05-17 15:27:00,0.0,,United Kingdom,FRENCH BLUE METAL DOOR SIGN 1,True,False,False,False,True,0.0,2011,5,2011-05,2011Q2,15,27,15:27:00,Afternoon
553539,22646,CERAMIC STRAWBERRY CAKE MONEY BANK,1,2011-05-17 15:27:00,0.0,,United Kingdom,CERAMIC STRAWBERRY CAKE MONEY BANK,True,False,False,False,True,0.0,2011,5,2011-05,2011Q2,15,27,15:27:00,Afternoon
553539,22520,CHILDS GARDEN TROWEL BLUE ,1,2011-05-17 15:27:00,0.0,,United Kingdom,CHILDS GARDEN TROWEL BLUE ,True,False,False,False,True,0.0,2011,5,2011-05,2011Q2,15,27,15:27:00,Afternoon
553539,22523,CHILDS GARDEN FORK PINK,1,2011-05-17 15:27:00,0.0,,United Kingdom,CHILDS GARDEN FORK PINK,True,False,False,False,True,0.0,2011,5,2011-05,2011Q2,15,27,15:27:00,Afternoon
553539,22522,CHILDS GARDEN FORK BLUE ,1,2011-05-17 15:27:00,0.0,,United Kingdom,CHILDS GARDEN FORK BLUE ,True,False,False,False,True,0.0,2011,5,2011-05,2011Q2,15,27,15:27:00,Afternoon
553539,22519,CHILDS GARDEN BRUSH PINK,1,2011-05-17 15:27:00,0.0,,United Kingdom,CHILDS GARDEN BRUSH PINK,True,False,False,False,True,0.0,2011,5,2011-05,2011Q2,15,27,15:27:00,Afternoon
553539,22514,CHILDS GARDEN SPADE BLUE,1,2011-05-17 15:27:00,0.0,,United Kingdom,CHILDS GARDEN SPADE BLUE,True,False,False,False,True,0.0,2011,5,2011-05,2011Q2,15,27,15:27:00,Afternoon
553539,22515,CHILDS GARDEN SPADE PINK,2,2011-05-17 15:27:00,0.0,,United Kingdom,CHILDS GARDEN SPADE PINK,True,False,False,False,True,0.0,2011,5,2011-05,2011Q2,15,27,15:27:00,Afternoon
553539,22501,PICNIC BASKET WICKER LARGE,1,2011-05-17 15:27:00,0.0,,United Kingdom,PICNIC BASKET WICKER LARGE,True,False,False,False,True,0.0,2011,5,2011-05,2011Q2,15,27,15:27:00,Afternoon
553539,22474,SPACEBOY TV DINNER TRAY,1,2011-05-17 15:27:00,0.0,,United Kingdom,SPACEBOY TV DINNER TRAY,True,False,False,False,True,0.0,2011,5,2011-05,2011Q2,15,27,15:27:00,Afternoon
553539,22430,ENAMEL WATERING CAN CREAM,2,2011-05-17 15:27:00,0.0,,United Kingdom,ENAMEL WATERING CAN CREAM,True,False,False,False,True,0.0,2011,5,2011-05,2011Q2,15,27,15:27:00,Afternoon
553539,22426,ENAMEL WASH BOWL CREAM,1,2011-05-17 15:27:00,0.0,,United Kingdom,ENAMEL WASH BOWL CREAM,True,False,False,False,True,0.0,2011,5,2011-05,2011Q2,15,27,15:27:00,Afternoon
553548,75131,METAL TUBE CHIME ON BAMBOO,-48,2011-05-17 15:57:00,0.0,,United Kingdom,,True,False,False,True,True,-0.0,2011,5,2011-05,2011Q2,15,57,15:57:00,Afternoon
553651,46126A,ELVIS WALLHANGING / CURTAIN,-23,2011-05-18 11:06:00,0.0,,United Kingdom,,True,False,False,True,True,-0.0,2011,5,2011-05,2011Q2,11,6,11:06:00,Morning
553652,20826,SILVER APERITIF GLASS,-168,2011-05-18 11:06:00,0.0,,United Kingdom,,True,False,False,True,True,-0.0,2011,5,2011-05,2011Q2,11,6,11:06:00,Morning
553659,20967,GREY FLORAL FELTCRAFT SHOULDER BAG,-77,2011-05-18 11:47:00,0.0,,United Kingdom,,True,False,False,True,True,-0.0,2011,5,2011-05,2011Q2,11,47,11:47:00,Morning
553688,22078,RIBBON REEL LACE DESIGN ,4,2011-05-18 14:05:00,0.0,,United Kingdom,,True,False,False,False,True,0.0,2011,5,2011-05,2011Q2,14,5,14:05:00,Afternoon
553716,37444A,YELLOW BREAKFAST CUP AND SAUCER,3,2011-05-18 16:07:00,0.0,,United Kingdom,,True,False,False,False,True,0.0,2011,5,2011-05,2011Q2,16,7,16:07:00,Afternoon
553717,22087,PAPER BUNTING WHITE LACE,2,2011-05-18 16:07:00,0.0,,United Kingdom,,True,False,False,False,True,0.0,2011,5,2011-05,2011Q2,16,7,16:07:00,Afternoon
553719,85017C,ENVELOPE 50 CURIOUS IMAGES,1,2011-05-18 16:18:00,0.0,,United Kingdom,adjustment,True,False,False,False,True,0.0,2011,5,2011-05,2011Q2,16,18,16:18:00,Afternoon
553728,21324,HANGING MEDINA LANTERN SMALL,2,2011-05-18 17:17:00,0.0,,United Kingdom,,True,False,False,False,True,0.0,2011,5,2011-05,2011Q2,17,17,17:17:00,Afternoon
553729,82599,FANNY'S REST STOPMETAL SIGN,2,2011-05-18 17:17:00,0.0,,United Kingdom,,True,False,False,False,True,0.0,2011,5,2011-05,2011Q2,17,17,17:17:00,Afternoon
553743,21318,GLASS CHALICE BLUE SMALL ,-62,2011-05-19 09:44:00,0.0,,United Kingdom,,True,False,False,True,True,-0.0,2011,5,2011-05,2011Q2,9,44,09:44:00,Morning
553744,85141,JARDIN ETCHED GLASS FRUITBOWL,-7,2011-05-19 09:44:00,0.0,,United Kingdom,,True,False,False,True,True,-0.0,2011,5,2011-05,2011Q2,9,44,09:44:00,Morning
553745,84760S,SMALL HANGING GLASS+ZINC LANTERN,2,2011-05-19 09:46:00,0.0,,United Kingdom,,True,False,False,False,True,0.0,2011,5,2011-05,2011Q2,9,46,09:46:00,Morning
553746,84990,,1,2011-05-19 09:46:00,0.0,,United Kingdom,,True,True,False,False,True,0.0,2011,5,2011-05,2011Q2,9,46,09:46:00,Morning
553769,23444,Next Day Carriage,200,2011-05-19 10:48:00,0.0,,United Kingdom,,True,False,False,False,True,0.0,2011,5,2011-05,2011Q2,10,48,10:48:00,Morning
554017,22520,CHILDS GARDEN TROWEL BLUE ,-101,2011-05-20 13:15:00,0.0,,United Kingdom,,True,False,False,True,True,-0.0,2011,5,2011-05,2011Q2,13,15,13:15:00,Afternoon
554020,22518,CHILDS GARDEN BRUSH BLUE,-30,2011-05-20 13:17:00,0.0,,United Kingdom,,True,False,False,True,True,-0.0,2011,5,2011-05,2011Q2,13,17,13:17:00,Afternoon
554021,20886,BOX OF 9 PEBBLE CANDLES,-65,2011-05-20 13:18:00,0.0,,United Kingdom,,True,False,False,True,True,-0.0,2011,5,2011-05,2011Q2,13,18,13:18:00,Afternoon
554022,20886,BOX OF 9 PEBBLE CANDLES,10,2011-05-20 13:19:00,0.0,,United Kingdom,,True,False,False,False,True,0.0,2011,5,2011-05,2011Q2,13,19,13:19:00,Afternoon
554023,82613B,"METAL SIGN,CUPCAKE SINGLE HOOK",-71,2011-05-20 13:20:00,0.0,,United Kingdom,,True,False,False,True,True,-0.0,2011,5,2011-05,2011Q2,13,20,13:20:00,Afternoon
554024,20998,ROSE DU SUD OVEN GLOVE,-11,2011-05-20 13:21:00,0.0,,United Kingdom,,True,False,False,True,True,-0.0,2011,5,2011-05,2011Q2,13,21,13:21:00,Afternoon
554037,22619,SET OF 6 SOLDIER SKITTLES,80,2011-05-20 14:13:00,0.0,12415,Australia,SET OF 6 SOLDIER SKITTLES,False,False,False,False,True,0.0,2011,5,2011-05,2011Q2,14,13,14:13:00,Afternoon
554128,84563A,PINK & WHITE BREAKFAST TRAY,-4,2011-05-23 09:26:00,0.0,,United Kingdom,damaged,True,False,False,True,True,-0.0,2011,5,2011-05,2011Q2,9,26,09:26:00,Morning
554133,84596J,MIXED NUTS LIGHT GREEN BOWL,-3,2011-05-23 09:46:00,0.0,,United Kingdom,,True,False,False,True,True,-0.0,2011,5,2011-05,2011Q2,9,46,09:46:00,Morning
554143,79030G,TUMBLER NEW ENGLAND,-413,2011-05-23 10:40:00,0.0,,United Kingdom,damages,True,False,False,True,True,-0.0,2011,5,2011-05,2011Q2,10,40,10:40:00,Morning
554144,79030D,TUMBLER BAROQUE,-664,2011-05-23 10:42:00,0.0,,United Kingdom,damages,True,False,False,True,True,-0.0,2011,5,2011-05,2011Q2,10,42,10:42:00,Morning
554145,84313C,ORANGE TV TRAY TABLE ,-12,2011-05-23 10:43:00,0.0,,United Kingdom,,True,False,False,True,True,-0.0,2011,5,2011-05,2011Q2,10,43,10:43:00,Morning
554148,20966,SANDWICH BATH SPONGE,1,2011-05-23 10:53:00,0.0,,United Kingdom,,True,False,False,False,True,0.0,2011,5,2011-05,2011Q2,10,53,10:53:00,Morning
554149,85185D,FROG SOCK PUPPET,1,2011-05-23 10:53:00,0.0,,United Kingdom,,True,False,False,False,True,0.0,2011,5,2011-05,2011Q2,10,53,10:53:00,Morning
554267,84313C,ORANGE TV TRAY TABLE ,6,2011-05-23 12:56:00,0.0,,United Kingdom,,True,False,False,False,True,0.0,2011,5,2011-05,2011Q2,12,56,12:56:00,Morning
554276,22966,GINGERBREAD MAN COOKIE CUTTER,-58,2011-05-23 13:19:00,0.0,,United Kingdom,,True,False,False,True,True,-0.0,2011,5,2011-05,2011Q2,13,19,13:19:00,Afternoon
554287,22700,BLACK AND WHITE DOG BOWL,-48,2011-05-23 14:17:00,0.0,,United Kingdom,smashed,True,False,False,True,True,-0.0,2011,5,2011-05,2011Q2,14,17,14:17:00,Afternoon
554299,20975,12 PENCILS SMALL TUBE RED RETROSPOT,-39,2011-05-23 14:28:00,0.0,,United Kingdom,,True,False,False,True,True,-0.0,2011,5,2011-05,2011Q2,14,28,14:28:00,Afternoon
554311,84743C,,-16,2011-05-23 15:28:00,0.0,,United Kingdom,,True,True,False,True,True,-0.0,2011,5,2011-05,2011Q2,15,28,15:28:00,Afternoon
554312,84741C,CITRUS GARLAND FELT FLOWERS ,-2,2011-05-23 15:28:00,0.0,,United Kingdom,,True,False,False,True,True,-0.0,2011,5,2011-05,2011Q2,15,28,15:28:00,Afternoon
554313,21144,PINK POODLE HANGING DECORATION ,-63,2011-05-23 15:28:00,0.0,,United Kingdom,,True,False,False,True,True,-0.0,2011,5,2011-05,2011Q2,15,28,15:28:00,Afternoon
554314,85195,HANGING HEART BASKET,-13,2011-05-23 15:29:00,0.0,,United Kingdom,,True,False,False,True,True,-0.0,2011,5,2011-05,2011Q2,15,29,15:29:00,Afternoon
554316,21195,PINK  HONEYCOMB PAPER BALL ,-1,2011-05-23 15:29:00,0.0,,United Kingdom,,True,False,False,True,True,-0.0,2011,5,2011-05,2011Q2,15,29,15:29:00,Afternoon
554317,85198,ASSORTED FARMYARD ANIMALS IN BUCKET,-11,2011-05-23 15:29:00,0.0,,United Kingdom,,True,False,False,True,True,-0.0,2011,5,2011-05,2011Q2,15,29,15:29:00,Afternoon
554318,84535A,ENGLISH ROSE NOTEBOOK A6 SIZE,-65,2011-05-23 15:30:00,0.0,,United Kingdom,,True,False,False,True,True,-0.0,2011,5,2011-05,2011Q2,15,30,15:30:00,Afternoon
554319,47574B,ENGLISH ROSE SCENTED HANGING HEART,-13,2011-05-23 15:31:00,0.0,,United Kingdom,,True,False,False,True,True,-0.0,2011,5,2011-05,2011Q2,15,31,15:31:00,Afternoon
554320,16053,,-102,2011-05-23 15:32:00,0.0,,United Kingdom,,True,True,False,True,True,-0.0,2011,5,2011-05,2011Q2,15,32,15:32:00,Afternoon
554321,16244B,MAXWELL 2 TONE BLUE 60 PAGE PHOTO A,-5,2011-05-23 15:32:00,0.0,,United Kingdom,,True,False,False,True,True,-0.0,2011,5,2011-05,2011Q2,15,32,15:32:00,Afternoon
554328,21609,SET 12 LAVENDER  BOTANICAL T-LIGHTS,-46,2011-05-23 16:49:00,0.0,,United Kingdom,,True,False,False,True,True,-0.0,2011,5,2011-05,2011Q2,16,49,16:49:00,Afternoon
554352,22720,SET OF 3 CAKE TINS PANTRY DESIGN ,4,2011-05-24 08:57:00,0.0,,United Kingdom,,True,False,False,False,True,0.0,2011,5,2011-05,2011Q2,8,57,08:57:00,Morning
554360,22524,CHILDRENS GARDEN GLOVES BLUE,-13,2011-05-24 09:59:00,0.0,,United Kingdom,,True,False,False,True,True,-0.0,2011,5,2011-05,2011Q2,9,59,09:59:00,Morning
554377,79164,BLACK WINE GLASS,47,2011-05-24 11:34:00,0.0,,United Kingdom,,True,False,False,False,True,0.0,2011,5,2011-05,2011Q2,11,34,11:34:00,Morning
554378,20975,12 PENCILS SMALL TUBE RED RETROSPOT,3,2011-05-24 11:35:00,0.0,,United Kingdom,,True,False,False,False,True,0.0,2011,5,2011-05,2011Q2,11,35,11:35:00,Morning
554432,85132A,CHARLIE + LOLA BISCUITS TINS,-97,2011-05-24 12:16:00,0.0,,United Kingdom,damaged,True,False,False,True,True,-0.0,2011,5,2011-05,2011Q2,12,16,12:16:00,Morning
554488,84913A,SOFT PINK ROSE TOWEL ,-75,2011-05-24 13:35:00,0.0,,United Kingdom,,True,False,False,True,True,-0.0,2011,5,2011-05,2011Q2,13,35,13:35:00,Afternoon
554550,47566B,TEA TIME PARTY BUNTING,1300,2011-05-25 09:57:00,0.0,,United Kingdom,incorrectly credited C550456 see 47,True,False,False,False,True,0.0,2011,5,2011-05,2011Q2,9,57,09:57:00,Morning
554551,47566B,TEA TIME PARTY BUNTING,-1300,2011-05-25 09:58:00,0.0,,United Kingdom,reverse previous adjustment,True,False,False,True,True,-0.0,2011,5,2011-05,2011Q2,9,58,09:58:00,Morning
554553,47566B,TEA TIME PARTY BUNTING,-1300,2011-05-25 09:59:00,0.0,,United Kingdom,incorrectly credited C550456 see 47,True,False,False,True,True,-0.0,2011,5,2011-05,2011Q2,9,59,09:59:00,Morning
554559,16151A,FLOWERS HANDBAG blue and orange,-2,2011-05-25 10:28:00,0.0,,United Kingdom,,True,False,False,True,True,-0.0,2011,5,2011-05,2011Q2,10,28,10:28:00,Morning
554627,84746,PINK EASTER HENS+FLOWER,67,2011-05-25 11:26:00,0.0,,United Kingdom,,True,False,False,False,True,0.0,2011,5,2011-05,2011Q2,11,26,11:26:00,Morning
554634,85214,TUB 24 PINK FLOWER PEGS,64,2011-05-25 11:44:00,0.0,,United Kingdom,,True,False,False,False,True,0.0,2011,5,2011-05,2011Q2,11,44,11:44:00,Morning
554673,35653,VINTAGE BEAD NOTEBOOK,24,2011-05-25 16:01:00,0.0,,United Kingdom,,True,False,False,False,True,0.0,2011,5,2011-05,2011Q2,16,1,16:01:00,Afternoon
554675,20903,VINTAGE KEEPSAKE BOX TRAVELOGUE,-33,2011-05-25 16:01:00,0.0,,United Kingdom,,True,False,False,True,True,-0.0,2011,5,2011-05,2011Q2,16,1,16:01:00,Afternoon
554676,71143,SILVER BOOK MARK WITH BEADS,-31,2011-05-25 16:03:00,0.0,,United Kingdom,,True,False,False,True,True,-0.0,2011,5,2011-05,2011Q2,16,3,16:03:00,Afternoon
554677,20664,TROPICAL HOLIDAY PURSE ,9,2011-05-25 16:03:00,0.0,,United Kingdom,,True,False,False,False,True,0.0,2011,5,2011-05,2011Q2,16,3,16:03:00,Afternoon
554678,85086A,CANDY SPOT HEART DECORATION,-30,2011-05-25 16:03:00,0.0,,United Kingdom,,True,False,False,True,True,-0.0,2011,5,2011-05,2011Q2,16,3,16:03:00,Afternoon
554679,35916A,YELLOW FELT HANGING HEART W FLOWER,-21,2011-05-25 16:04:00,0.0,,United Kingdom,,True,False,False,True,True,-0.0,2011,5,2011-05,2011Q2,16,4,16:04:00,Afternoon
554680,35916B,BLUE FELT HANGING HEART WITH FLOWER,-21,2011-05-25 16:04:00,0.0,,United Kingdom,,True,False,False,True,True,-0.0,2011,5,2011-05,2011Q2,16,4,16:04:00,Afternoon
554681,35916C,PINK FELT HANGING HEART W FLOWER,-32,2011-05-25 16:04:00,0.0,,United Kingdom,,True,False,False,True,True,-0.0,2011,5,2011-05,2011Q2,16,4,16:04:00,Afternoon
554696,85016,SET OF 6 VINTAGE NOTELETS KIT,5,2011-05-25 17:14:00,0.0,,United Kingdom,,True,False,False,False,True,0.0,2011,5,2011-05,2011Q2,17,14,17:14:00,Afternoon
554828,16049,TEATIME GEL PENS ASST,74,2011-05-26 15:21:00,0.0,,United Kingdom,,True,False,False,False,True,0.0,2011,5,2011-05,2011Q2,15,21,15:21:00,Afternoon
554829,20801,LARGE PINK GLASS SUNDAE DISH,6,2011-05-26 15:22:00,0.0,,United Kingdom,,True,False,False,False,True,0.0,2011,5,2011-05,2011Q2,15,22,15:22:00,Afternoon
554830,21904,HOUSE WRECKING METAL SIGN ,3,2011-05-26 15:22:00,0.0,,United Kingdom,,True,False,False,False,True,0.0,2011,5,2011-05,2011Q2,15,22,15:22:00,Afternoon
554831,84906,PINK B'FLY C/COVER W BOBBLES,2,2011-05-26 15:22:00,0.0,,United Kingdom,,True,False,False,False,True,0.0,2011,5,2011-05,2011Q2,15,22,15:22:00,Afternoon
554852,21272,SALLE DE BAIN HOOK,-212,2011-05-27 09:24:00,0.0,,United Kingdom,?,True,False,False,True,True,-0.0,2011,5,2011-05,2011Q2,9,24,09:24:00,Morning
554857,POST,POSTAGE,800,2011-05-27 10:08:00,0.0,,United Kingdom,,True,False,False,False,True,0.0,2011,5,2011-05,2011Q2,10,8,10:08:00,Morning
554907,40003,WHITE BAMBOO RIBS LAMPSHADE,-11,2011-05-27 11:45:00,0.0,,United Kingdom,,True,False,False,True,True,-0.0,2011,5,2011-05,2011Q2,11,45,11:45:00,Morning
554928,21763,VINTAGE WOODEN BAR STOOL,-3,2011-05-27 13:03:00,0.0,,United Kingdom,,True,False,False,True,True,-0.0,2011,5,2011-05,2011Q2,13,3,13:03:00,Afternoon
554962,84691,PACK 20 DOLLY PEGS,2,2011-05-27 15:24:00,0.0,,United Kingdom,,True,False,False,False,True,0.0,2011,5,2011-05,2011Q2,15,24,15:24:00,Afternoon
555330,84804A,CREAM DELPHINIUM ARTIFICIAL FLOWER,-125,2011-06-02 11:11:00,0.0,,United Kingdom,wet damaged,True,False,False,True,True,-0.0,2011,6,2011-06,2011Q2,11,11,11:11:00,Morning
555331,84800L,LARGE WHITE/PINK ROSE ART FLOWER,-144,2011-06-02 11:11:00,0.0,,United Kingdom,wet damaged,True,False,False,True,True,-0.0,2011,6,2011-06,2011Q2,11,11,11:11:00,Morning
555332,84801A,PINK HYDRANGEA ART FLOWER,-48,2011-06-02 11:11:00,0.0,,United Kingdom,wet damaged,True,False,False,True,True,-0.0,2011,6,2011-06,2011Q2,11,11,11:11:00,Morning
555333,84805B,BLUE CLIMBING HYDRANGA ART FLOWER,-96,2011-06-02 11:12:00,0.0,,United Kingdom,wet damaged,True,False,False,True,True,-0.0,2011,6,2011-06,2011Q2,11,12,11:12:00,Morning
555334,84805A,CREAM CLIMBING HYDRANGA ART FLOWER,-96,2011-06-02 11:12:00,0.0,,United Kingdom,wet damaged,True,False,False,True,True,-0.0,2011,6,2011-06,2011Q2,11,12,11:12:00,Morning
555335,84804B,BLUE DELPHINIUM ARTIFICIAL FLOWER,-96,2011-06-02 11:13:00,0.0,,United Kingdom,,True,False,False,True,True,-0.0,2011,6,2011-06,2011Q2,11,13,11:13:00,Morning
555387,22276,WASH BAG VINTAGE ROSE PAISLEY,-59,2011-06-02 15:30:00,0.0,,United Kingdom,,True,False,False,True,True,-0.0,2011,6,2011-06,2011Q2,15,30,15:30:00,Afternoon
555390,22501,PICNIC BASKET WICKER LARGE,50,2011-06-02 16:29:00,0.0,,United Kingdom,,True,False,False,False,True,0.0,2011,6,2011-06,2011Q2,16,29,16:29:00,Afternoon
555391,22501,PICNIC BASKET WICKER LARGE,-10,2011-06-02 16:29:00,0.0,,United Kingdom,,True,False,False,True,True,-0.0,2011,6,2011-06,2011Q2,16,29,16:29:00,Afternoon
555402,22501,PICNIC BASKET WICKER LARGE,10,2011-06-02 17:55:00,0.0,,United Kingdom,,True,False,False,False,True,0.0,2011,6,2011-06,2011Q2,17,55,17:55:00,Afternoon
555469,84917,WHITE HAND TOWEL WITH BUTTERFLY,1,2011-06-03 11:11:00,0.0,,United Kingdom,,True,False,False,False,True,0.0,2011,6,2011-06,2011Q2,11,11,11:11:00,Morning
555503,84313C,ORANGE TV TRAY TABLE ,-1,2011-06-03 15:39:00,0.0,,United Kingdom,damaged,True,False,False,True,True,-0.0,2011,6,2011-06,2011Q2,15,39,15:39:00,Afternoon
555505,79030G,TUMBLER NEW ENGLAND,-16,2011-06-03 15:48:00,0.0,,United Kingdom,Water damaged,True,False,False,True,True,-0.0,2011,6,2011-06,2011Q2,15,48,15:48:00,Afternoon
555506,21397,BLUE POLKADOT EGG CUP ,-57,2011-06-03 16:03:00,0.0,,United Kingdom,damaged,True,False,False,True,True,-0.0,2011,6,2011-06,2011Q2,16,3,16:03:00,Afternoon
555821,21399,BLUE POLKADOT COFFEE MUG,-116,2011-06-07 12:01:00,0.0,,United Kingdom,,True,False,False,True,True,-0.0,2011,6,2011-06,2011Q2,12,1,12:01:00,Morning
555822,35809A,ENAMEL PINK TEA CONTAINER,-13,2011-06-07 12:04:00,0.0,,United Kingdom,,True,False,False,True,True,-0.0,2011,6,2011-06,2011Q2,12,4,12:04:00,Morning
555823,47021G,SET/6 BEAD COASTERS GAUZE BAG GOLD,-52,2011-06-07 12:06:00,0.0,,United Kingdom,,True,False,False,True,True,-0.0,2011,6,2011-06,2011Q2,12,6,12:06:00,Morning
555824,21043,APRON MODERN VINTAGE COTTON,-12,2011-06-07 12:06:00,0.0,,United Kingdom,,True,False,False,True,True,-0.0,2011,6,2011-06,2011Q2,12,6,12:06:00,Morning
555838,22966,GINGERBREAD MAN COOKIE CUTTER,-6,2011-06-07 12:37:00,0.0,,United Kingdom,,True,False,False,True,True,-0.0,2011,6,2011-06,2011Q2,12,37,12:37:00,Morning
556012,15044B,BLUE PAPER PARASOL ,-27,2011-06-08 11:45:00,0.0,,United Kingdom,,True,False,False,True,True,-0.0,2011,6,2011-06,2011Q2,11,45,11:45:00,Morning
556013,21662,VINTAGE GLASS COFFEE CADDY,-17,2011-06-08 11:46:00,0.0,,United Kingdom,,True,False,False,True,True,-0.0,2011,6,2011-06,2011Q2,11,46,11:46:00,Morning
556014,37476,CONDIMENT TRAY 4 BOWLS AND 4 SPOONS,-3,2011-06-08 11:46:00,0.0,,United Kingdom,,True,False,False,True,True,-0.0,2011,6,2011-06,2011Q2,11,46,11:46:00,Morning
556015,37501,TEA TIME TEA SET IN GIFT BOX,-13,2011-06-08 11:50:00,0.0,,United Kingdom,,True,False,False,True,True,-0.0,2011,6,2011-06,2011Q2,11,50,11:50:00,Morning
556046,21890,S/6 WOODEN SKITTLES IN COTTON BAG,-140,2011-06-08 12:56:00,0.0,,United Kingdom,missing,True,False,False,True,True,-0.0,2011,6,2011-06,2011Q2,12,56,12:56:00,Morning
556061,20906,VINTAGE NOTEBOOK BEAUTY GIRL,-21,2011-06-08 14:04:00,0.0,,United Kingdom,,True,False,False,True,True,-0.0,2011,6,2011-06,2011Q2,14,4,14:04:00,Afternoon
556069,84226,HEN HOUSE W FAMILY IN BARN & NEST,-34,2011-06-08 14:41:00,0.0,,United Kingdom,,True,False,False,True,True,-0.0,2011,6,2011-06,2011Q2,14,41,14:41:00,Afternoon
556074,22519,CHILDS GARDEN BRUSH PINK,-19,2011-06-08 15:14:00,0.0,,United Kingdom,,True,False,False,True,True,-0.0,2011,6,2011-06,2011Q2,15,14,15:14:00,Afternoon
556122,85019C,CURIOUS  IMAGES NOTEBOOK SET,-108,2011-06-09 10:12:00,0.0,,United Kingdom,Damaged,True,False,False,True,True,-0.0,2011,6,2011-06,2011Q2,10,12,10:12:00,Morning
556123,22272,FELTCRAFT DOLL MARIA,-15,2011-06-09 10:13:00,0.0,,United Kingdom,Damaged,True,False,False,True,True,-0.0,2011,6,2011-06,2011Q2,10,13,10:13:00,Morning
556124,17007B,S/3 POT POURI CUSHIONS BLUE COLOURS,-4,2011-06-09 10:14:00,0.0,,United Kingdom,,True,False,False,True,True,-0.0,2011,6,2011-06,2011Q2,10,14,10:14:00,Morning
556180,22502,PICNIC BASKET WICKER SMALL,40,2011-06-09 11:29:00,0.0,,United Kingdom,,True,False,False,False,True,0.0,2011,6,2011-06,2011Q2,11,29,11:29:00,Morning
556200,84796B,BLUE SAVANNAH PICNIC HAMPER FOR 2,17,2011-06-09 12:42:00,0.0,,United Kingdom,,True,False,False,False,True,0.0,2011,6,2011-06,2011Q2,12,42,12:42:00,Morning
556231,85123A,WHITE HANGING HEART T-LIGHT HOLDER,4000,2011-06-09 15:04:00,0.0,,United Kingdom,?,True,False,False,False,True,0.0,2011,6,2011-06,2011Q2,15,4,15:04:00,Afternoon
556232,21135,VICTORIAN  METAL POSTCARD SPRING,-304,2011-06-09 15:15:00,0.0,,United Kingdom,sold as set on dotcom,True,False,False,True,True,-0.0,2011,6,2011-06,2011Q2,15,15,15:15:00,Afternoon
556233,21136,PAINTED METAL PEARS ASSORTED,-272,2011-06-09 15:20:00,0.0,,United Kingdom,sold as set on dotcom,True,False,False,True,True,-0.0,2011,6,2011-06,2011Q2,15,20,15:20:00,Afternoon
556242,21700,BIG DOUGHNUT FRIDGE MAGNETS,-1206,2011-06-09 16:06:00,0.0,,United Kingdom,sold as set on dotcom and amazon,True,False,False,True,True,-0.0,2011,6,2011-06,2011Q2,16,6,16:06:00,Afternoon
556260,37340,MULTICOLOUR SPRING FLOWER MUG,-18,2011-06-09 18:02:00,0.0,,United Kingdom,sold as set on dotcom,True,False,False,True,True,-0.0,2011,6,2011-06,2011Q2,18,2,18:02:00,Afternoon
556261,79051A,SMOKEY GREY COLOUR D.O.F. GLASS,-6,2011-06-09 18:03:00,0.0,,United Kingdom,sold as set on dotcom,True,False,False,True,True,-0.0,2011,6,2011-06,2011Q2,18,3,18:03:00,Afternoon
556262,37327,ASSTD MULTICOLOUR CIRCLES MUG,-95,2011-06-09 18:04:00,0.0,,United Kingdom,sold as set on dotcom,True,False,False,True,True,-0.0,2011,6,2011-06,2011Q2,18,4,18:04:00,Afternoon
556286,16052,TEATIME PUSH DOWN RUBBER,-16,2011-06-10 09:22:00,0.0,,United Kingdom,,True,False,False,True,True,-0.0,2011,6,2011-06,2011Q2,9,22,09:22:00,Morning
556287,16043,POP ART PUSH DOWN RUBBER ,-45,2011-06-10 09:22:00,0.0,,United Kingdom,,True,False,False,True,True,-0.0,2011,6,2011-06,2011Q2,9,22,09:22:00,Morning
556289,20823,GOLD WINE GOBLET,-102,2011-06-10 09:23:00,0.0,,United Kingdom,,True,False,False,True,True,-0.0,2011,6,2011-06,2011Q2,9,23,09:23:00,Morning
556291,79164,BLACK WINE GLASS,2,2011-06-10 09:24:00,0.0,,United Kingdom,,True,False,False,False,True,0.0,2011,6,2011-06,2011Q2,9,24,09:24:00,Morning
556292,21472,LADYBIRD + BEE RAFFIA FOOD COVER,-1,2011-06-10 09:24:00,0.0,,United Kingdom,,True,False,False,True,True,-0.0,2011,6,2011-06,2011Q2,9,24,09:24:00,Morning
556299,21937,STRAWBERRY   PICNIC BAG,-161,2011-06-10 10:17:00,0.0,,United Kingdom,?,True,False,False,True,True,-0.0,2011,6,2011-06,2011Q2,10,17,10:17:00,Morning
556300,20735,BLACK MINI TAPE MEASURE ,-472,2011-06-10 10:18:00,0.0,,United Kingdom,,True,False,False,True,True,-0.0,2011,6,2011-06,2011Q2,10,18,10:18:00,Morning
556301,22968,ROSE COTTAGE KEEPSAKE BOX ,-50,2011-06-10 10:18:00,0.0,,United Kingdom,water damage,True,False,False,True,True,-0.0,2011,6,2011-06,2011Q2,10,18,10:18:00,Morning
556306,37479B,CUBIC MUG FLOCK BLUE ON BROWN,-30,2011-06-10 10:38:00,0.0,,United Kingdom,sold as set by dotcom,True,False,False,True,True,-0.0,2011,6,2011-06,2011Q2,10,38,10:38:00,Morning
556307,37479P,CUBIC MUG FLOCK PINK ON BROWN,-30,2011-06-10 10:39:00,0.0,,United Kingdom,sold as set on dotcom,True,False,False,True,True,-0.0,2011,6,2011-06,2011Q2,10,39,10:39:00,Morning
556308,22130,PARTY CONE CHRISTMAS DECORATION ,-390,2011-06-10 10:43:00,0.0,,United Kingdom,sold as set on dotcom,True,False,False,True,True,-0.0,2011,6,2011-06,2011Q2,10,43,10:43:00,Morning
556309,22856,ASSORTED EASTER DECORATIONS  BELLS,-30,2011-06-10 10:44:00,0.0,,United Kingdom,sold as set on dotcom,True,False,False,True,True,-0.0,2011,6,2011-06,2011Q2,10,44,10:44:00,Morning
556310,22944,CHRISTMAS METAL POSTCARD WITH BELLS,-42,2011-06-10 10:44:00,0.0,,United Kingdom,sold as set on dotcom,True,False,False,True,True,-0.0,2011,6,2011-06,2011Q2,10,44,10:44:00,Morning
556311,37471,MULTICOLOUR POLKADOT PLATE,-12,2011-06-10 10:45:00,0.0,,United Kingdom,sold as set on dotcom,True,False,False,True,True,-0.0,2011,6,2011-06,2011Q2,10,45,10:45:00,Morning
556312,22924,FRIDGE MAGNETS LA VIE EN ROSE,-30,2011-06-10 10:46:00,0.0,,United Kingdom,sold as set on dotcom,True,False,False,True,True,-0.0,2011,6,2011-06,2011Q2,10,46,10:46:00,Morning
556313,22923,FRIDGE MAGNETS LES ENFANTS ASSORTED,-12,2011-06-10 10:46:00,0.0,,United Kingdom,sold as set on dotcom,True,False,False,True,True,-0.0,2011,6,2011-06,2011Q2,10,46,10:46:00,Morning
556314,23155,KNICKERBOCKERGLORY MAGNET ASSORTED ,-84,2011-06-10 10:47:00,0.0,,United Kingdom,sold as set on dotcom,True,False,False,True,True,-0.0,2011,6,2011-06,2011Q2,10,47,10:47:00,Morning
556315,22948,METAL DECORATION NAUGHTY CHILDREN ,-108,2011-06-10 10:47:00,0.0,,United Kingdom,sold as set on dotcom,True,False,False,True,True,-0.0,2011,6,2011-06,2011Q2,10,47,10:47:00,Morning
556316,22128,PARTY CONES CANDY ASSORTED,-24,2011-06-10 10:48:00,0.0,,United Kingdom,sold as set on dotcom,True,False,False,True,True,-0.0,2011,6,2011-06,2011Q2,10,48,10:48:00,Morning
556317,22857,ASSORTED EASTER GIFT TAGS,-48,2011-06-10 10:48:00,0.0,,United Kingdom,sold as set on dotcom,True,False,False,True,True,-0.0,2011,6,2011-06,2011Q2,10,48,10:48:00,Morning
556319,22945,CHRISTMAS METAL TAGS ASSORTED ,-618,2011-06-10 10:49:00,0.0,,United Kingdom,sold as set on dotcom,True,False,False,True,True,-0.0,2011,6,2011-06,2011Q2,10,49,10:49:00,Morning
556320,22922,FRIDGE MAGNETS US DINER ASSORTED,-42,2011-06-10 10:50:00,0.0,,United Kingdom,sold as set on dotcom,True,False,False,True,True,-0.0,2011,6,2011-06,2011Q2,10,50,10:50:00,Morning
556321,79163,BLACK CHAMPAGNE GLASS,-24,2011-06-10 10:50:00,0.0,,United Kingdom,sold as set on dotcom,True,False,False,True,True,-0.0,2011,6,2011-06,2011Q2,10,50,10:50:00,Morning
556322,22915,ASSORTED BOTTLE TOP  MAGNETS ,-204,2011-06-10 10:51:00,0.0,,United Kingdom,sold as set on dotcom,True,False,False,True,True,-0.0,2011,6,2011-06,2011Q2,10,51,10:51:00,Morning
556326,20731,POSY CANDY BAG,10,2011-06-10 11:21:00,0.0,,United Kingdom,,True,False,False,False,True,0.0,2011,6,2011-06,2011Q2,11,21,11:21:00,Morning
556328,21027,NINJA RABBIT PINK,47,2011-06-10 11:23:00,0.0,,United Kingdom,,True,False,False,False,True,0.0,2011,6,2011-06,2011Q2,11,23,11:23:00,Morning
556418,47021G,SET/6 BEAD COASTERS GAUZE BAG GOLD,288,2011-06-10 12:26:00,0.0,,United Kingdom,,True,False,False,False,True,0.0,2011,6,2011-06,2011Q2,12,26,12:26:00,Morning
556430,22968,ROSE COTTAGE KEEPSAKE BOX ,19,2011-06-10 13:24:00,0.0,,United Kingdom,,True,False,False,False,True,0.0,2011,6,2011-06,2011Q2,13,24,13:24:00,Afternoon
556438,37479B,CUBIC MUG FLOCK BLUE ON BROWN,8,2011-06-10 14:36:00,0.0,,United Kingdom,,True,False,False,False,True,0.0,2011,6,2011-06,2011Q2,14,36,14:36:00,Afternoon
556687,23003,TRAVEL CARD WALLET VINTAGE ROSE ,-9058,2011-06-14 10:36:00,0.0,,United Kingdom,Printing smudges/thrown away,True,False,False,True,True,-0.0,2011,6,2011-06,2011Q2,10,36,10:36:00,Morning
556690,23005,TRAVEL CARD WALLET I LOVE LONDON,-9600,2011-06-14 10:37:00,0.0,,United Kingdom,printing smudges/thrown away,True,False,False,True,True,-0.0,2011,6,2011-06,2011Q2,10,37,10:37:00,Morning
556691,23005,TRAVEL CARD WALLET I LOVE LONDON,-9600,2011-06-14 10:37:00,0.0,,United Kingdom,printing smudges/thrown away,True,False,False,True,True,-0.0,2011,6,2011-06,2011Q2,10,37,10:37:00,Morning
556884,22698,PINK REGENCY TEACUP AND SAUCER,-61,2011-06-15 12:27:00,0.0,,United Kingdom,,True,False,False,True,True,-0.0,2011,6,2011-06,2011Q2,12,27,12:27:00,Morning
556933,22783,SET 3 WICKER OVAL BASKETS W LIDS,2,2011-06-15 15:42:00,0.0,,United Kingdom,,True,False,False,False,True,0.0,2011,6,2011-06,2011Q2,15,42,15:42:00,Afternoon
556934,37479B,CUBIC MUG FLOCK BLUE ON BROWN,1,2011-06-15 15:43:00,0.0,,United Kingdom,,True,False,False,False,True,0.0,2011,6,2011-06,2011Q2,15,43,15:43:00,Afternoon
556939,46000M,POLYESTER FILLER PAD 45x45cm,80,2011-06-15 16:34:00,0.0,,United Kingdom,POLYESTER FILLER PAD 45x45cm,True,False,False,False,True,0.0,2011,6,2011-06,2011Q2,16,34,16:34:00,Afternoon
556939,46000S,POLYESTER FILLER PAD 40x40cm,160,2011-06-15 16:34:00,0.0,,United Kingdom,POLYESTER FILLER PAD 40x40cm,True,False,False,False,True,0.0,2011,6,2011-06,2011Q2,16,34,16:34:00,Afternoon
556943,84809A,WHITE CHRYSANTHEMUMS ART FLOWER,-126,2011-06-15 16:54:00,0.0,,United Kingdom,,True,False,False,True,True,-0.0,2011,6,2011-06,2011Q2,16,54,16:54:00,Afternoon
556944,84800L,LARGE WHITE/PINK ROSE ART FLOWER,-29,2011-06-15 16:54:00,0.0,,United Kingdom,,True,False,False,True,True,-0.0,2011,6,2011-06,2011Q2,16,54,16:54:00,Afternoon
556945,21614,SET OF 12 ROSE BOTANICAL T-LIGHTS,3,2011-06-15 16:55:00,0.0,,United Kingdom,,True,False,False,False,True,0.0,2011,6,2011-06,2011Q2,16,55,16:55:00,Afternoon
556946,37444A,YELLOW BREAKFAST CUP AND SAUCER,2,2011-06-15 16:55:00,0.0,,United Kingdom,,True,False,False,False,True,0.0,2011,6,2011-06,2011Q2,16,55,16:55:00,Afternoon
556947,22444,GROW YOUR OWN PLANT IN A CAN ,1,2011-06-15 16:55:00,0.0,,United Kingdom,,True,False,False,False,True,0.0,2011,6,2011-06,2011Q2,16,55,16:55:00,Afternoon
556948,90104,PURPLE FRANGIPANI HAIRCLIP,1,2011-06-15 16:56:00,0.0,,United Kingdom,,True,False,False,False,True,0.0,2011,6,2011-06,2011Q2,16,56,16:56:00,Afternoon
556949,85185D,FROG SOCK PUPPET,1,2011-06-15 16:56:00,0.0,,United Kingdom,,True,False,False,False,True,0.0,2011,6,2011-06,2011Q2,16,56,16:56:00,Afternoon
556950,84548,CROCHET BEAR RED/BLUE  KEYRING,1,2011-06-15 16:56:00,0.0,,United Kingdom,,True,False,False,False,True,0.0,2011,6,2011-06,2011Q2,16,56,16:56:00,Afternoon
556951,20975,12 PENCILS SMALL TUBE RED RETROSPOT,2,2011-06-15 16:57:00,0.0,,United Kingdom,,True,False,False,False,True,0.0,2011,6,2011-06,2011Q2,16,57,16:57:00,Afternoon
556952,21784,SHOE SHINE BOX ,1,2011-06-15 16:57:00,0.0,,United Kingdom,,True,False,False,False,True,0.0,2011,6,2011-06,2011Q2,16,57,16:57:00,Afternoon
556955,GIFT_0001_20,Dotcomgiftshop Gift Voucher £20.00,10,2011-06-16 09:04:00,0.0,,United Kingdom,to push order througha s stock was ,True,False,False,False,True,0.0,2011,6,2011-06,2011Q2,9,4,09:04:00,Morning
556962,35965,FOLKART HEART NAPKIN RINGS,12,2011-06-16 09:40:00,0.0,,United Kingdom,,True,False,False,False,True,0.0,2011,6,2011-06,2011Q2,9,40,09:40:00,Morning
556963,35965,FOLKART HEART NAPKIN RINGS,-9,2011-06-16 09:40:00,0.0,,United Kingdom,found some more on shelf,True,False,False,True,True,-0.0,2011,6,2011-06,2011Q2,9,40,09:40:00,Morning
557025,22192,BLUE DINER WALL CLOCK,-9,2011-06-16 13:09:00,0.0,,United Kingdom,,True,False,False,True,True,-0.0,2011,6,2011-06,2011Q2,13,9,13:09:00,Afternoon
557028,79071B,ENGLISH ROSE METAL WASTE BIN,-4,2011-06-16 13:25:00,0.0,,United Kingdom,,True,False,False,True,True,-0.0,2011,6,2011-06,2011Q2,13,25,13:25:00,Afternoon
557029,22480,RED TEA TOWEL CLASSIC DESIGN,-24,2011-06-16 13:29:00,0.0,,United Kingdom,,True,False,False,True,True,-0.0,2011,6,2011-06,2011Q2,13,29,13:29:00,Afternoon
557030,21446,12 RED ROSE PEG PLACE SETTINGS,-50,2011-06-16 13:30:00,0.0,,United Kingdom,,True,False,False,True,True,-0.0,2011,6,2011-06,2011Q2,13,30,13:30:00,Afternoon
557031,21447,12 IVORY ROSE PEG PLACE SETTINGS,-65,2011-06-16 13:31:00,0.0,,United Kingdom,,True,False,False,True,True,-0.0,2011,6,2011-06,2011Q2,13,31,13:31:00,Afternoon
557035,82583,HOT BATHS METAL SIGN,-220,2011-06-16 13:52:00,0.0,,United Kingdom,?,True,False,False,True,True,-0.0,2011,6,2011-06,2011Q2,13,52,13:52:00,Afternoon
557036,20867,PINK ROSE FABRIC MIRROR,-271,2011-06-16 13:53:00,0.0,,United Kingdom,?,True,False,False,True,True,-0.0,2011,6,2011-06,2011Q2,13,53,13:53:00,Afternoon
557108,23113,PANTRY CHOPPING BOARD,-1440,2011-06-16 15:58:00,0.0,,United Kingdom,Damaged,True,False,False,True,True,-0.0,2011,6,2011-06,2011Q2,15,58,15:58:00,Afternoon
557137,85141,JARDIN ETCHED GLASS FRUITBOWL,3,2011-06-17 09:32:00,0.0,,United Kingdom,,True,False,False,False,True,0.0,2011,6,2011-06,2011Q2,9,32,09:32:00,Morning
557138,21095,SET/6 POSIES PAPER PLATES,2,2011-06-17 09:33:00,0.0,,United Kingdom,,True,False,False,False,True,0.0,2011,6,2011-06,2011Q2,9,33,09:33:00,Morning
557139,35965,FOLKART HEART NAPKIN RINGS,2,2011-06-17 09:34:00,0.0,,United Kingdom,,True,False,False,False,True,0.0,2011,6,2011-06,2011Q2,9,34,09:34:00,Morning
557390,21360,JOY LARGE WOOD LETTERS,-4,2011-06-20 11:12:00,0.0,,United Kingdom,Show Samples,True,False,False,True,True,-0.0,2011,6,2011-06,2011Q2,11,12,11:12:00,Morning
557412,35965,FOLKART HEART NAPKIN RINGS,5,2011-06-20 11:38:00,0.0,,United Kingdom,,True,False,False,False,True,0.0,2011,6,2011-06,2011Q2,11,38,11:38:00,Morning
557415,21937,STRAWBERRY   PICNIC BAG,12,2011-06-20 11:48:00,0.0,,United Kingdom,,True,False,False,False,True,0.0,2011,6,2011-06,2011Q2,11,48,11:48:00,Morning
557417,84809B,PINK CHRYSANTHEMUMS ART FLOWER,-324,2011-06-20 11:51:00,0.0,,United Kingdom,damaged,True,False,False,True,True,-0.0,2011,6,2011-06,2011Q2,11,51,11:51:00,Morning
557486,22084,PAPER CHAIN KIT EMPIRE,44,2011-06-20 14:42:00,0.0,,United Kingdom,,True,False,False,False,True,0.0,2011,6,2011-06,2011Q2,14,42,14:42:00,Afternoon
557491,85213,MINI  ZINC GARDEN DECORATIONS ,66,2011-06-20 15:08:00,0.0,,United Kingdom,,True,False,False,False,True,0.0,2011,6,2011-06,2011Q2,15,8,15:08:00,Afternoon
557596,23114,VINTAGE LEAF CHOPPING BOARD  ,-1440,2011-06-21 11:33:00,0.0,,United Kingdom,Damaged,True,False,False,True,True,-0.0,2011,6,2011-06,2011Q2,11,33,11:33:00,Morning
557597,23115,RED APPLES CHOPPING BOARD   ,-1440,2011-06-21 11:33:00,0.0,,United Kingdom,Damaged,True,False,False,True,True,-0.0,2011,6,2011-06,2011Q2,11,33,11:33:00,Morning
557599,23116,VEGETABLE GARDEN CHOPPING BOARD,-1440,2011-06-21 11:34:00,0.0,,United Kingdom,Damaged,True,False,False,True,True,-0.0,2011,6,2011-06,2011Q2,11,34,11:34:00,Morning
557600,23117,POPPY FIELDS CHOPPING BOARD,-1440,2011-06-21 11:35:00,0.0,,United Kingdom,Damaged,True,False,False,True,True,-0.0,2011,6,2011-06,2011Q2,11,35,11:35:00,Morning
557613,21841,BABY MOUSE RED GINGHAM DRESS,80,2011-06-21 13:12:00,0.0,,United Kingdom,,True,False,False,False,True,0.0,2011,6,2011-06,2011Q2,13,12,13:12:00,Afternoon
557756,22567,20 DOLLY PEGS RETROSPOT,-14,2011-06-22 13:18:00,0.0,,United Kingdom,,True,False,False,True,True,-0.0,2011,6,2011-06,2011Q2,13,18,13:18:00,Afternoon
557777,44265,,-5,2011-06-22 15:11:00,0.0,,United Kingdom,,True,True,False,True,True,-0.0,2011,6,2011-06,2011Q2,15,11,15:11:00,Afternoon
557778,21161,KEEP OUT BOYS DOOR HANGER ,-38,2011-06-22 15:11:00,0.0,,United Kingdom,,True,False,False,True,True,-0.0,2011,6,2011-06,2011Q2,15,11,15:11:00,Afternoon
557784,21421,PORCELAIN ROSE LARGE ,-5,2011-06-22 15:49:00,0.0,,United Kingdom,damaged,True,False,False,True,True,-0.0,2011,6,2011-06,2011Q2,15,49,15:49:00,Afternoon
557806,84706D,CHERRY BLOSSOM TABLE CLOCK ,-5,2011-06-23 10:32:00,0.0,,United Kingdom,,True,False,False,True,True,-0.0,2011,6,2011-06,2011Q2,10,32,10:32:00,Morning
557847,84387A,BIRD ON BRANCH CANVAS SCREEN,11,2011-06-23 10:49:00,0.0,,United Kingdom,,True,False,False,False,True,0.0,2011,6,2011-06,2011Q2,10,49,10:49:00,Morning
557851,85130A,BEADED PEARL HEART WHITE LARGE,-23,2011-06-23 10:57:00,0.0,,United Kingdom,,True,False,False,True,True,-0.0,2011,6,2011-06,2011Q2,10,57,10:57:00,Morning
558032,22443,GROW YOUR OWN HERBS SET OF 3,-7,2011-06-24 12:14:00,0.0,,United Kingdom,,True,False,False,True,True,-0.0,2011,6,2011-06,2011Q2,12,14,12:14:00,Morning
558033,84876B,GREEN HEART COMPACT MIRROR,-59,2011-06-24 12:15:00,0.0,,United Kingdom,,True,False,False,True,True,-0.0,2011,6,2011-06,2011Q2,12,15,12:15:00,Morning
558034,20658,RED RETROSPOT LUGGAGE TAG,-78,2011-06-24 12:17:00,0.0,,United Kingdom,,True,False,False,True,True,-0.0,2011,6,2011-06,2011Q2,12,17,12:17:00,Morning
558238,22722,SET OF 6 SPICE TINS PANTRY DESIGN,-21,2011-06-27 15:04:00,0.0,,United Kingdom,,True,False,False,True,True,-0.0,2011,6,2011-06,2011Q2,15,4,15:04:00,Afternoon
558244,84796B,BLUE SAVANNAH PICNIC HAMPER FOR 2,-2,2011-06-27 15:52:00,0.0,,United Kingdom,,True,False,False,True,True,-0.0,2011,6,2011-06,2011Q2,15,52,15:52:00,Afternoon
558245,22734,SET OF 6 RIBBONS VINTAGE CHRISTMAS,8,2011-06-27 16:28:00,0.0,,United Kingdom,FOUND,True,False,False,False,True,0.0,2011,6,2011-06,2011Q2,16,28,16:28:00,Afternoon
558268,21351,CINAMMON & ORANGE WREATH,-220,2011-06-28 10:17:00,0.0,,United Kingdom,damaged,True,False,False,True,True,-0.0,2011,6,2011-06,2011Q2,10,17,10:17:00,Morning
558305,21027,NINJA RABBIT PINK,7,2011-06-28 10:59:00,0.0,,United Kingdom,,True,False,False,False,True,0.0,2011,6,2011-06,2011Q2,10,59,10:59:00,Morning
558306,85232D,SET/3 DECOUPAGE STACKING TINS,-118,2011-06-28 10:59:00,0.0,,United Kingdom,mix up with c,True,False,False,True,True,-0.0,2011,6,2011-06,2011Q2,10,59,10:59:00,Morning
558307,22088,PAPER BUNTING COLOURED LACE,-39,2011-06-28 11:02:00,0.0,,United Kingdom,,True,False,False,True,True,-0.0,2011,6,2011-06,2011Q2,11,2,11:02:00,Morning
558308,84576,BLUE CAT BISCUIT BARREL PINK HEART,-10,2011-06-28 11:02:00,0.0,,United Kingdom,,True,False,False,True,True,-0.0,2011,6,2011-06,2011Q2,11,2,11:02:00,Morning
558309,85132B,CHARLIE AND LOLA TABLE TINS,-42,2011-06-28 11:03:00,0.0,,United Kingdom,,True,False,False,True,True,-0.0,2011,6,2011-06,2011Q2,11,3,11:03:00,Morning
558318,85232A,SET/3 POLKADOT STACKING TINS,-14,2011-06-28 11:52:00,0.0,,United Kingdom,,True,False,False,True,True,-0.0,2011,6,2011-06,2011Q2,11,52,11:52:00,Morning
558340,22514,CHILDS GARDEN SPADE BLUE,1,2011-06-28 14:01:00,0.0,,United Kingdom,CHILDS GARDEN SPADE BLUE,True,False,False,False,True,0.0,2011,6,2011-06,2011Q2,14,1,14:01:00,Afternoon
558340,85123A,WHITE HANGING HEART T-LIGHT HOLDER,1,2011-06-28 14:01:00,0.0,,United Kingdom,WHITE HANGING HEART T-LIGHT HOLDER,True,False,False,False,True,0.0,2011,6,2011-06,2011Q2,14,1,14:01:00,Afternoon
558340,22431,WATERING CAN BLUE ELEPHANT,1,2011-06-28 14:01:00,0.0,,United Kingdom,WATERING CAN BLUE ELEPHANT,True,False,False,False,True,0.0,2011,6,2011-06,2011Q2,14,1,14:01:00,Afternoon
558340,22430,ENAMEL WATERING CAN CREAM,1,2011-06-28 14:01:00,0.0,,United Kingdom,ENAMEL WATERING CAN CREAM,True,False,False,False,True,0.0,2011,6,2011-06,2011Q2,14,1,14:01:00,Afternoon
558340,22414,DOORMAT NEIGHBOURHOOD WITCH ,1,2011-06-28 14:01:00,0.0,,United Kingdom,DOORMAT NEIGHBOURHOOD WITCH ,True,False,False,False,True,0.0,2011,6,2011-06,2011Q2,14,1,14:01:00,Afternoon
558340,22385,JUMBO BAG SPACEBOY DESIGN,1,2011-06-28 14:01:00,0.0,,United Kingdom,JUMBO BAG SPACEBOY DESIGN,True,False,False,False,True,0.0,2011,6,2011-06,2011Q2,14,1,14:01:00,Afternoon
558340,22380,TOY TIDY SPACEBOY  ,1,2011-06-28 14:01:00,0.0,,United Kingdom,TOY TIDY SPACEBOY  ,True,False,False,False,True,0.0,2011,6,2011-06,2011Q2,14,1,14:01:00,Afternoon
558340,22364,GLASS JAR DIGESTIVE BISCUITS,1,2011-06-28 14:01:00,0.0,,United Kingdom,GLASS JAR DIGESTIVE BISCUITS,True,False,False,False,True,0.0,2011,6,2011-06,2011Q2,14,1,14:01:00,Afternoon
558340,22362,GLASS JAR PEACOCK BATH SALTS,1,2011-06-28 14:01:00,0.0,,United Kingdom,GLASS JAR PEACOCK BATH SALTS,True,False,False,False,True,0.0,2011,6,2011-06,2011Q2,14,1,14:01:00,Afternoon
558340,22357,KINGS CHOICE BISCUIT TIN,3,2011-06-28 14:01:00,0.0,,United Kingdom,KINGS CHOICE BISCUIT TIN,True,False,False,False,True,0.0,2011,6,2011-06,2011Q2,14,1,14:01:00,Afternoon
558340,22301,COFFEE MUG CAT + BIRD DESIGN,1,2011-06-28 14:01:00,0.0,,United Kingdom,COFFEE MUG CAT + BIRD DESIGN,True,False,False,False,True,0.0,2011,6,2011-06,2011Q2,14,1,14:01:00,Afternoon
558340,21556,CERAMIC STRAWBERRY MONEY BOX,2,2011-06-28 14:01:00,0.0,,United Kingdom,CERAMIC STRAWBERRY MONEY BOX,True,False,False,False,True,0.0,2011,6,2011-06,2011Q2,14,1,14:01:00,Afternoon
558340,21116,OWL DOORSTOP,1,2011-06-28 14:01:00,0.0,,United Kingdom,OWL DOORSTOP,True,False,False,False,True,0.0,2011,6,2011-06,2011Q2,14,1,14:01:00,Afternoon
558340,85099F,JUMBO BAG STRAWBERRY,1,2011-06-28 14:01:00,0.0,,United Kingdom,JUMBO BAG STRAWBERRY,True,False,False,False,True,0.0,2011,6,2011-06,2011Q2,14,1,14:01:00,Afternoon
558340,85099B,JUMBO BAG RED RETROSPOT,1,2011-06-28 14:01:00,0.0,,United Kingdom,JUMBO BAG RED RETROSPOT,True,False,False,False,True,0.0,2011,6,2011-06,2011Q2,14,1,14:01:00,Afternoon
558340,22627,MINT KITCHEN SCALES,1,2011-06-28 14:01:00,0.0,,United Kingdom,MINT KITCHEN SCALES,True,False,False,False,True,0.0,2011,6,2011-06,2011Q2,14,1,14:01:00,Afternoon
558340,84692,BOX OF 24 COCKTAIL PARASOLS,1,2011-06-28 14:01:00,0.0,,United Kingdom,BOX OF 24 COCKTAIL PARASOLS,True,False,False,False,True,0.0,2011,6,2011-06,2011Q2,14,1,14:01:00,Afternoon
558340,48184,DOORMAT ENGLISH ROSE ,3,2011-06-28 14:01:00,0.0,,United Kingdom,DOORMAT ENGLISH ROSE ,True,False,False,False,True,0.0,2011,6,2011-06,2011Q2,14,1,14:01:00,Afternoon
558340,22692,DOORMAT WELCOME TO OUR HOME,1,2011-06-28 14:01:00,0.0,,United Kingdom,DOORMAT WELCOME TO OUR HOME,True,False,False,False,True,0.0,2011,6,2011-06,2011Q2,14,1,14:01:00,Afternoon
558340,22684,FRENCH BLUE METAL DOOR SIGN 9,1,2011-06-28 14:01:00,0.0,,United Kingdom,FRENCH BLUE METAL DOOR SIGN 9,True,False,False,False,True,0.0,2011,6,2011-06,2011Q2,14,1,14:01:00,Afternoon
558340,22685,FRENCH BLUE METAL DOOR SIGN 0,1,2011-06-28 14:01:00,0.0,,United Kingdom,FRENCH BLUE METAL DOOR SIGN 0,True,False,False,False,True,0.0,2011,6,2011-06,2011Q2,14,1,14:01:00,Afternoon
558340,22683,FRENCH BLUE METAL DOOR SIGN 8,2,2011-06-28 14:01:00,0.0,,United Kingdom,FRENCH BLUE METAL DOOR SIGN 8,True,False,False,False,True,0.0,2011,6,2011-06,2011Q2,14,1,14:01:00,Afternoon
558340,22679,FRENCH BLUE METAL DOOR SIGN 4,1,2011-06-28 14:01:00,0.0,,United Kingdom,FRENCH BLUE METAL DOOR SIGN 4,True,False,False,False,True,0.0,2011,6,2011-06,2011Q2,14,1,14:01:00,Afternoon
558340,22678,FRENCH BLUE METAL DOOR SIGN 3,2,2011-06-28 14:01:00,0.0,,United Kingdom,FRENCH BLUE METAL DOOR SIGN 3,True,False,False,False,True,0.0,2011,6,2011-06,2011Q2,14,1,14:01:00,Afternoon
558340,22686,FRENCH BLUE METAL DOOR SIGN No,4,2011-06-28 14:01:00,0.0,,United Kingdom,FRENCH BLUE METAL DOOR SIGN No,True,False,False,False,True,0.0,2011,6,2011-06,2011Q2,14,1,14:01:00,Afternoon
558340,22680,FRENCH BLUE METAL DOOR SIGN 5,4,2011-06-28 14:01:00,0.0,,United Kingdom,FRENCH BLUE METAL DOOR SIGN 5,True,False,False,False,True,0.0,2011,6,2011-06,2011Q2,14,1,14:01:00,Afternoon
558340,22676,FRENCH BLUE METAL DOOR SIGN 1,3,2011-06-28 14:01:00,0.0,,United Kingdom,FRENCH BLUE METAL DOOR SIGN 1,True,False,False,False,True,0.0,2011,6,2011-06,2011Q2,14,1,14:01:00,Afternoon
558340,22666,RECIPE BOX PANTRY YELLOW DESIGN,1,2011-06-28 14:01:00,0.0,,United Kingdom,RECIPE BOX PANTRY YELLOW DESIGN,True,False,False,False,True,0.0,2011,6,2011-06,2011Q2,14,1,14:01:00,Afternoon
558340,22665,RECIPE BOX BLUE SKETCHBOOK DESIGN,1,2011-06-28 14:01:00,0.0,,United Kingdom,RECIPE BOX BLUE SKETCHBOOK DESIGN,True,False,False,False,True,0.0,2011,6,2011-06,2011Q2,14,1,14:01:00,Afternoon
558340,22649,STRAWBERRY FAIRY CAKE TEAPOT,1,2011-06-28 14:01:00,0.0,,United Kingdom,STRAWBERRY FAIRY CAKE TEAPOT,True,False,False,False,True,0.0,2011,6,2011-06,2011Q2,14,1,14:01:00,Afternoon
558340,22626,BLACK KITCHEN SCALES,1,2011-06-28 14:01:00,0.0,,United Kingdom,BLACK KITCHEN SCALES,True,False,False,False,True,0.0,2011,6,2011-06,2011Q2,14,1,14:01:00,Afternoon
558340,22526,WHEELBARROW FOR CHILDREN ,1,2011-06-28 14:01:00,0.0,,United Kingdom,WHEELBARROW FOR CHILDREN ,True,False,False,False,True,0.0,2011,6,2011-06,2011Q2,14,1,14:01:00,Afternoon
558340,22515,CHILDS GARDEN SPADE PINK,3,2011-06-28 14:01:00,0.0,,United Kingdom,CHILDS GARDEN SPADE PINK,True,False,False,False,True,0.0,2011,6,2011-06,2011Q2,14,1,14:01:00,Afternoon
558342,20731,POSY CANDY BAG,1,2011-06-28 14:36:00,0.0,,United Kingdom,,True,False,False,False,True,0.0,2011,6,2011-06,2011Q2,14,36,14:36:00,Afternoon
558343,84709B,PINK OVAL JEWELLED MIRROR,6,2011-06-28 14:44:00,0.0,,United Kingdom,,True,False,False,False,True,0.0,2011,6,2011-06,2011Q2,14,44,14:44:00,Afternoon
558344,47013C,WINE BOTTLE DRESSING DARK BLUE,4,2011-06-28 14:44:00,0.0,,United Kingdom,,True,False,False,False,True,0.0,2011,6,2011-06,2011Q2,14,44,14:44:00,Afternoon
558345,21784,SHOE SHINE BOX ,6,2011-06-28 14:45:00,0.0,,United Kingdom,,True,False,False,False,True,0.0,2011,6,2011-06,2011Q2,14,45,14:45:00,Afternoon
558346,35965,FOLKART HEART NAPKIN RINGS,3,2011-06-28 14:45:00,0.0,,United Kingdom,,True,False,False,False,True,0.0,2011,6,2011-06,2011Q2,14,45,14:45:00,Afternoon
558369,21082,SET/20 FRUIT SALAD PAPER NAPKINS ,3,2011-06-28 15:40:00,0.0,,United Kingdom,found,True,False,False,False,True,0.0,2011,6,2011-06,2011Q2,15,40,15:40:00,Afternoon
558377,37423,WHITE WITH BLACK CATS PLATE,-17,2011-06-28 16:24:00,0.0,,United Kingdom,,True,False,False,True,True,-0.0,2011,6,2011-06,2011Q2,16,24,16:24:00,Afternoon
558378,79161A,,-13,2011-06-28 16:27:00,0.0,,United Kingdom,,True,True,False,True,True,-0.0,2011,6,2011-06,2011Q2,16,27,16:27:00,Afternoon
558379,22618,COOKING SET RETROSPOT,-1681,2011-06-28 16:34:00,0.0,,United Kingdom,"mouldy, unsaleable.",True,False,False,True,True,-0.0,2011,6,2011-06,2011Q2,16,34,16:34:00,Afternoon
558445,22034,ROBIN CHRISTMAS CARD,-18,2011-06-29 13:39:00,0.0,,United Kingdom,,True,False,False,True,True,-0.0,2011,6,2011-06,2011Q2,13,39,13:39:00,Afternoon
558446,22164,STRING OF STARS CARD HOLDER,-80,2011-06-29 13:40:00,0.0,,United Kingdom,,True,False,False,True,True,-0.0,2011,6,2011-06,2011Q2,13,40,13:40:00,Afternoon
558448,22163,HEART STRING MEMO HOLDER HANGING,-90,2011-06-29 13:40:00,0.0,,United Kingdom,,True,False,False,True,True,-0.0,2011,6,2011-06,2011Q2,13,40,13:40:00,Afternoon
558449,21807,WHITE CHRISTMAS STAR DECORATION,-35,2011-06-29 13:40:00,0.0,,United Kingdom,,True,False,False,True,True,-0.0,2011,6,2011-06,2011Q2,13,40,13:40:00,Afternoon
558450,21145,ANTIQUE GLASS PLACE SETTING,40,2011-06-29 13:41:00,0.0,,United Kingdom,,True,False,False,False,True,0.0,2011,6,2011-06,2011Q2,13,41,13:41:00,Afternoon
558451,21817,GLITTER CHRISTMAS TREE,-80,2011-06-29 13:41:00,0.0,,United Kingdom,,True,False,False,True,True,-0.0,2011,6,2011-06,2011Q2,13,41,13:41:00,Afternoon
558457,21147,JINGLE BELLS TREE DECORATION,-95,2011-06-29 13:59:00,0.0,,United Kingdom,?,True,False,False,True,True,-0.0,2011,6,2011-06,2011Q2,13,59,13:59:00,Afternoon
558464,35966,,-20,2011-06-29 15:17:00,0.0,,United Kingdom,,True,True,False,True,True,-0.0,2011,6,2011-06,2011Q2,15,17,15:17:00,Afternoon
558476,84597B,RETRO BROWN BALL ASHTRAY ,-6,2011-06-29 16:04:00,0.0,,United Kingdom,damages,True,False,False,True,True,-0.0,2011,6,2011-06,2011Q2,16,4,16:04:00,Afternoon
558477,84597C,RETRO PINK BALL ASHTRAY ,-1,2011-06-29 16:04:00,0.0,,United Kingdom,,True,False,False,True,True,-0.0,2011,6,2011-06,2011Q2,16,4,16:04:00,Afternoon
558520,21896,POTTING SHED TWINE,-38,2011-06-30 10:25:00,0.0,,United Kingdom,,True,False,False,True,True,-0.0,2011,6,2011-06,2011Q2,10,25,10:25:00,Morning
558663,23574,PACKING CHARGE,100,2011-07-01 10:44:00,0.0,,United Kingdom,,True,False,False,False,True,0.0,2011,7,2011-07,2011Q3,10,44,10:44:00,Morning
558723,84865,NEW BAROQUE BLACK PHOTO ALBUM,-7,2011-07-01 14:28:00,0.0,,United Kingdom,damaged,True,False,False,True,True,-0.0,2011,7,2011-07,2011Q3,14,28,14:28:00,Afternoon
558724,35966,,14,2011-07-01 14:30:00,0.0,,United Kingdom,,True,True,False,False,True,0.0,2011,7,2011-07,2011Q3,14,30,14:30:00,Afternoon
558725,84944,SET OF 6 KASHMIR FOLKART BAUBLES,37,2011-07-01 14:31:00,0.0,,United Kingdom,found,True,False,False,False,True,0.0,2011,7,2011-07,2011Q3,14,31,14:31:00,Afternoon
558728,20826,SILVER APERITIF GLASS,-1,2011-07-01 14:50:00,0.0,,United Kingdom,,True,False,False,True,True,-0.0,2011,7,2011-07,2011Q3,14,50,14:50:00,Afternoon
558730,22060,LARGE CAKE STAND HANGING HEARTS,-1,2011-07-01 14:51:00,0.0,,United Kingdom,damaged,True,False,False,True,True,-0.0,2011,7,2011-07,2011Q3,14,51,14:51:00,Afternoon
558732,47341A,FUSCHIA TABLE RUN FLOWER ,-1,2011-07-01 14:55:00,0.0,,United Kingdom,,True,False,False,True,True,-0.0,2011,7,2011-07,2011Q3,14,55,14:55:00,Afternoon
558741,37444C,PINK BREAKFAST CUP AND SAUCER ,-1,2011-07-01 15:52:00,0.0,,United Kingdom,,True,False,False,True,True,-0.0,2011,7,2011-07,2011Q3,15,52,15:52:00,Afternoon
558742,62043B,BLUE CHECK BAG W HANDLE 34X20CM,-1,2011-07-01 15:56:00,0.0,,United Kingdom,,True,False,False,True,True,-0.0,2011,7,2011-07,2011Q3,15,56,15:56:00,Afternoon
558743,35810B,ENAMEL BLUE RIM COFFEE CONTAINER,-4,2011-07-01 15:56:00,0.0,,United Kingdom,,True,False,False,True,True,-0.0,2011,7,2011-07,2011Q3,15,56,15:56:00,Afternoon
558889,84857B,BLUE MONTE CARLO HANDBAG,24,2011-07-04 15:32:00,0.0,,United Kingdom,,True,False,False,False,True,0.0,2011,7,2011-07,2011Q3,15,32,15:32:00,Afternoon
558890,84857C,PINK MONTE CARLO HANDBAG,-24,2011-07-04 15:34:00,0.0,,United Kingdom,,True,False,False,True,True,-0.0,2011,7,2011-07,2011Q3,15,34,15:34:00,Afternoon
558913,84548,CROCHET BEAR RED/BLUE  KEYRING,11,2011-07-05 09:32:00,0.0,,United Kingdom,,True,False,False,False,True,0.0,2011,7,2011-07,2011Q3,9,32,09:32:00,Morning
558914,84686,BEACH HUT MIRROR,11,2011-07-05 09:32:00,0.0,,United Kingdom,,True,False,False,False,True,0.0,2011,7,2011-07,2011Q3,9,32,09:32:00,Morning
558915,20716,PARTY FOOD SHOPPER BAG,4,2011-07-05 09:33:00,0.0,,United Kingdom,,True,False,False,False,True,0.0,2011,7,2011-07,2011Q3,9,33,09:33:00,Morning
559037,82583,HOT BATHS METAL SIGN,10,2011-07-05 15:29:00,0.0,,United Kingdom,,True,False,False,False,True,0.0,2011,7,2011-07,2011Q3,15,29,15:29:00,Afternoon
559147,84944,SET OF 6 KASHMIR FOLKART BAUBLES,147,2011-07-06 14:32:00,0.0,,United Kingdom,,True,False,False,False,True,0.0,2011,7,2011-07,2011Q3,14,32,14:32:00,Afternoon
559296,23001,TRAVEL CARD WALLET DOTCOMGIFTSHOP,200,2011-07-07 12:35:00,0.0,,United Kingdom,TRAVEL CARD WALLET DOTCOMGIFTSHOP,True,False,False,False,True,0.0,2011,7,2011-07,2011Q3,12,35,12:35:00,Morning
559296,22616,PACK OF 12 LONDON TISSUES ,204,2011-07-07 12:35:00,0.0,,United Kingdom,PACK OF 12 LONDON TISSUES ,True,False,False,False,True,0.0,2011,7,2011-07,2011Q3,12,35,12:35:00,Morning
559296,23298,SPOTTY BUNTING,170,2011-07-07 12:35:00,0.0,,United Kingdom,SPOTTY BUNTING,True,False,False,False,True,0.0,2011,7,2011-07,2011Q3,12,35,12:35:00,Morning
559314,84584,PINK GINGHAM CAT WITH SCARF,-50,2011-07-07 13:51:00,0.0,,United Kingdom,?,True,False,False,True,True,-0.0,2011,7,2011-07,2011Q3,13,51,13:51:00,Afternoon
559335,21147,JINGLE BELLS TREE DECORATION,72,2011-07-07 15:57:00,0.0,,United Kingdom,found,True,False,False,False,True,0.0,2011,7,2011-07,2011Q3,15,57,15:57:00,Afternoon
559365,22451,SILK PURSE BABUSHKA RED,-3,2011-07-08 08:53:00,0.0,,United Kingdom,,True,False,False,True,True,-0.0,2011,7,2011-07,2011Q3,8,53,08:53:00,Morning
559373,16156S,WRAP PINK FAIRY CAKES ,-110,2011-07-08 10:36:00,0.0,,United Kingdom,,True,False,False,True,True,-0.0,2011,7,2011-07,2011Q3,10,36,10:36:00,Morning
559374,22050,PINK PAISLEY ROSE GIFT WRAP,-100,2011-07-08 10:37:00,0.0,,United Kingdom,,True,False,False,True,True,-0.0,2011,7,2011-07,2011Q3,10,37,10:37:00,Morning
559375,22051,BLUE SCANDINAVIAN PAISLEY WRAP,-300,2011-07-08 10:37:00,0.0,,United Kingdom,?,True,False,False,True,True,-0.0,2011,7,2011-07,2011Q3,10,37,10:37:00,Morning
559376,48116,DOORMAT MULTICOLOUR STRIPE,-35,2011-07-08 10:38:00,0.0,,United Kingdom,,True,False,False,True,True,-0.0,2011,7,2011-07,2011Q3,10,38,10:38:00,Morning
559377,23283,DOORMAT VINTAGE LEAF,17,2011-07-08 10:39:00,0.0,,United Kingdom,,True,False,False,False,True,0.0,2011,7,2011-07,2011Q3,10,39,10:39:00,Morning
559378,21781,MA CAMPAGNE CUTLERY BOX,-39,2011-07-08 10:40:00,0.0,,United Kingdom,damages?,True,False,False,True,True,-0.0,2011,7,2011-07,2011Q3,10,40,10:40:00,Morning
559379,79337,BLUE FLOCK GLASS CANDLEHOLDER,-8,2011-07-08 10:42:00,0.0,,United Kingdom,,True,False,False,True,True,-0.0,2011,7,2011-07,2011Q3,10,42,10:42:00,Morning
559390,21700,BIG DOUGHNUT FRIDGE MAGNETS,-110,2011-07-08 10:46:00,0.0,,United Kingdom,,True,False,False,True,True,-0.0,2011,7,2011-07,2011Q3,10,46,10:46:00,Morning
559398,21169,YOU'RE CONFUSING ME METAL SIGN ,-70,2011-07-08 10:48:00,0.0,,United Kingdom,,True,False,False,True,True,-0.0,2011,7,2011-07,2011Q3,10,48,10:48:00,Morning
559402,21635,MADRAS NOTEBOOK LARGE ,-8,2011-07-08 10:49:00,0.0,,United Kingdom,,True,False,False,True,True,-0.0,2011,7,2011-07,2011Q3,10,49,10:49:00,Morning
559405,22863,SOAP DISH BROCANTE,-7,2011-07-08 10:50:00,0.0,,United Kingdom,,True,False,False,True,True,-0.0,2011,7,2011-07,2011Q3,10,50,10:50:00,Morning
559410,84341B,SMALL PINK MAGIC CHRISTMAS TREE,-179,2011-07-08 10:51:00,0.0,,United Kingdom,,True,False,False,True,True,-0.0,2011,7,2011-07,2011Q3,10,51,10:51:00,Morning
559414,22855,FINE WICKER HEART ,-4,2011-07-08 10:52:00,0.0,,United Kingdom,,True,False,False,True,True,-0.0,2011,7,2011-07,2011Q3,10,52,10:52:00,Morning
559423,71143,SILVER BOOK MARK WITH BEADS,-14,2011-07-08 12:06:00,0.0,,United Kingdom,,True,False,False,True,True,-0.0,2011,7,2011-07,2011Q3,12,6,12:06:00,Morning
559503,21763,VINTAGE WOODEN BAR STOOL,1,2011-07-08 15:06:00,0.0,,United Kingdom,,True,False,False,False,True,0.0,2011,7,2011-07,2011Q3,15,6,15:06:00,Afternoon
559602,84686,BEACH HUT MIRROR,23,2011-07-11 11:26:00,0.0,,United Kingdom,,True,False,False,False,True,0.0,2011,7,2011-07,2011Q3,11,26,11:26:00,Morning
559603,79337,BLUE FLOCK GLASS CANDLEHOLDER,1,2011-07-11 11:27:00,0.0,,United Kingdom,,True,False,False,False,True,0.0,2011,7,2011-07,2011Q3,11,27,11:27:00,Morning
559604,22084,PAPER CHAIN KIT EMPIRE,3,2011-07-11 11:27:00,0.0,,United Kingdom,,True,False,False,False,True,0.0,2011,7,2011-07,2011Q3,11,27,11:27:00,Morning
559655,21166,COOK WITH WINE METAL SIGN ,-124,2011-07-11 12:57:00,0.0,,United Kingdom,?,True,False,False,True,True,-0.0,2011,7,2011-07,2011Q3,12,57,12:57:00,Morning
559792,21067,VINTAGE RED TEATIME MUG,-66,2011-07-12 12:31:00,0.0,,United Kingdom,,True,False,False,True,True,-0.0,2011,7,2011-07,2011Q3,12,31,12:31:00,Morning
559825,21067,VINTAGE RED TEATIME MUG,23,2011-07-12 17:41:00,0.0,,United Kingdom,,True,False,False,False,True,0.0,2011,7,2011-07,2011Q3,17,41,17:41:00,Afternoon
559943,21578,WOODLAND DESIGN  COTTON TOTE BAG,-251,2011-07-14 10:21:00,0.0,,United Kingdom,?,True,False,False,True,True,-0.0,2011,7,2011-07,2011Q3,10,21,10:21:00,Morning
559946,21578,WOODLAND DESIGN  COTTON TOTE BAG,200,2011-07-14 10:26:00,0.0,,United Kingdom,,True,False,False,False,True,0.0,2011,7,2011-07,2011Q3,10,26,10:26:00,Morning
560037,22242,5 HOOK HANGER MAGIC TOADSTOOL,-34,2011-07-14 14:00:00,0.0,,United Kingdom,,True,False,False,True,True,-0.0,2011,7,2011-07,2011Q3,14,0,14:00:00,Afternoon
560039,20713,JUMBO BAG OWLS,-3100,2011-07-14 14:27:00,0.0,,United Kingdom,wrongly marked. 23343 in box,True,False,False,True,True,-0.0,2011,7,2011-07,2011Q3,14,27,14:27:00,Afternoon
560040,23343,JUMBO BAG VINTAGE CHRISTMAS ,3100,2011-07-14 14:28:00,0.0,,United Kingdom,came coded as 20713,True,False,False,False,True,0.0,2011,7,2011-07,2011Q3,14,28,14:28:00,Afternoon
560091,44236,PINK/PURPLE CIRCLE CURTAIN,-10,2011-07-14 17:03:00,0.0,,United Kingdom,,True,False,False,True,True,-0.0,2011,7,2011-07,2011Q3,17,3,17:03:00,Afternoon
560110,21673,WHITE SPOT BLUE CERAMIC DRAWER KNOB,-40,2011-07-15 09:51:00,0.0,,United Kingdom,,True,False,False,True,True,-0.0,2011,7,2011-07,2011Q3,9,51,09:51:00,Morning
560111,84874B,BLUE TRAVEL FIRST AID KIT,-3,2011-07-15 09:52:00,0.0,,United Kingdom,,True,False,False,True,True,-0.0,2011,7,2011-07,2011Q3,9,52,09:52:00,Morning
560112,21683,MEDIUM MEDINA STAMPED METAL BOWL ,-38,2011-07-15 09:52:00,0.0,,United Kingdom,,True,False,False,True,True,-0.0,2011,7,2011-07,2011Q3,9,52,09:52:00,Morning
560113,21865,PINK UNION JACK  PASSPORT COVER ,-40,2011-07-15 09:52:00,0.0,,United Kingdom,,True,False,False,True,True,-0.0,2011,7,2011-07,2011Q3,9,52,09:52:00,Morning
560114,75172,PAINTED SEA SHELL METAL WINDCHIME,-35,2011-07-15 09:53:00,0.0,,United Kingdom,,True,False,False,True,True,-0.0,2011,7,2011-07,2011Q3,9,53,09:53:00,Morning
560116,22084,PAPER CHAIN KIT EMPIRE,15,2011-07-15 10:09:00,0.0,,United Kingdom,,True,False,False,False,True,0.0,2011,7,2011-07,2011Q3,10,9,10:09:00,Morning
560213,10123C,HEARTS WRAPPING TAPE ,-18,2011-07-15 15:05:00,0.0,,United Kingdom,,True,False,False,True,True,-0.0,2011,7,2011-07,2011Q3,15,5,15:05:00,Afternoon
560214,16162L,THE KING GIFT BAG,-54,2011-07-15 15:07:00,0.0,,United Kingdom,,True,False,False,True,True,-0.0,2011,7,2011-07,2011Q3,15,7,15:07:00,Afternoon
560215,16162M,THE KING GIFT BAG 25x24x12cm,-84,2011-07-15 15:08:00,0.0,,United Kingdom,,True,False,False,True,True,-0.0,2011,7,2011-07,2011Q3,15,8,15:08:00,Afternoon
560216,16162L,THE KING GIFT BAG,30,2011-07-15 15:11:00,0.0,,United Kingdom,,True,False,False,False,True,0.0,2011,7,2011-07,2011Q3,15,11,15:11:00,Afternoon
560218,16162M,THE KING GIFT BAG 25x24x12cm,30,2011-07-15 15:12:00,0.0,,United Kingdom,alan hodge cant mamage this section,True,False,False,False,True,0.0,2011,7,2011-07,2011Q3,15,12,15:12:00,Afternoon
560283,22624,IVORY KITCHEN SCALES,12,2011-07-18 08:32:00,0.0,,EIRE,IVORY KITCHEN SCALES,True,False,False,False,True,0.0,2011,7,2011-07,2011Q3,8,32,08:32:00,Morning
560283,23196,VINTAGE LEAF MAGNETIC NOTEPAD,12,2011-07-18 08:32:00,0.0,,EIRE,VINTAGE LEAF MAGNETIC NOTEPAD,True,False,False,False,True,0.0,2011,7,2011-07,2011Q3,8,32,08:32:00,Morning
560328,35968,FOLK ART METAL HEART T-LIGHT HOLDER,63,2011-07-18 11:00:00,0.0,,United Kingdom,Found,True,False,False,False,True,0.0,2011,7,2011-07,2011Q3,11,0,11:00:00,Morning
560329,35965,FOLKART HEART NAPKIN RINGS,6,2011-07-18 11:07:00,0.0,,United Kingdom,found,True,False,False,False,True,0.0,2011,7,2011-07,2011Q3,11,7,11:07:00,Morning
560358,35965,FOLKART HEART NAPKIN RINGS,26,2011-07-18 11:46:00,0.0,,United Kingdom,dotcom,True,False,False,False,True,0.0,2011,7,2011-07,2011Q3,11,46,11:46:00,Morning
560388,21635,MADRAS NOTEBOOK LARGE ,1,2011-07-18 13:12:00,0.0,,United Kingdom,,True,False,False,False,True,0.0,2011,7,2011-07,2011Q3,13,12,13:12:00,Afternoon
560389,37444A,YELLOW BREAKFAST CUP AND SAUCER,1,2011-07-18 13:13:00,0.0,,United Kingdom,,True,False,False,False,True,0.0,2011,7,2011-07,2011Q3,13,13,13:13:00,Afternoon
560399,82583,HOT BATHS METAL SIGN,17,2011-07-18 14:18:00,0.0,,United Kingdom,,True,False,False,False,True,0.0,2011,7,2011-07,2011Q3,14,18,14:18:00,Afternoon
560400,21069,VINTAGE BILLBOARD TEA MUG,6,2011-07-18 14:19:00,0.0,,United Kingdom,,True,False,False,False,True,0.0,2011,7,2011-07,2011Q3,14,19,14:19:00,Afternoon
560401,84925F,PSYCHEDELIC WALL THERMOMETER,15,2011-07-18 14:19:00,0.0,,United Kingdom,,True,False,False,False,True,0.0,2011,7,2011-07,2011Q3,14,19,14:19:00,Afternoon
560402,21067,VINTAGE RED TEATIME MUG,2,2011-07-18 14:19:00,0.0,,United Kingdom,,True,False,False,False,True,0.0,2011,7,2011-07,2011Q3,14,19,14:19:00,Afternoon
560403,21272,SALLE DE BAIN HOOK,17,2011-07-18 14:19:00,0.0,,United Kingdom,,True,False,False,False,True,0.0,2011,7,2011-07,2011Q3,14,19,14:19:00,Afternoon
560404,21472,LADYBIRD + BEE RAFFIA FOOD COVER,1,2011-07-18 14:20:00,0.0,,United Kingdom,,True,False,False,False,True,0.0,2011,7,2011-07,2011Q3,14,20,14:20:00,Afternoon
560405,22080,RIBBON REEL POLKADOTS ,1,2011-07-18 14:20:00,0.0,,United Kingdom,,True,False,False,False,True,0.0,2011,7,2011-07,2011Q3,14,20,14:20:00,Afternoon
560406,22088,PAPER BUNTING COLOURED LACE,1,2011-07-18 14:21:00,0.0,,United Kingdom,,True,False,False,False,True,0.0,2011,7,2011-07,2011Q3,14,21,14:21:00,Afternoon
560407,35653,VINTAGE BEAD NOTEBOOK,9,2011-07-18 14:21:00,0.0,,United Kingdom,,True,False,False,False,True,0.0,2011,7,2011-07,2011Q3,14,21,14:21:00,Afternoon
560423,16169K,WRAP FOLK ART,-25,2011-07-18 15:15:00,0.0,,United Kingdom,,True,False,False,True,True,-0.0,2011,7,2011-07,2011Q3,15,15,15:15:00,Afternoon
560424,21503,TOYBOX  WRAP ,-84,2011-07-18 15:15:00,0.0,,United Kingdom,,True,False,False,True,True,-0.0,2011,7,2011-07,2011Q3,15,15,15:15:00,Afternoon
560425,81950B,FLOWER BLUE CLOCK WITH SUCKER,-23,2011-07-18 15:15:00,0.0,,United Kingdom,,True,False,False,True,True,-0.0,2011,7,2011-07,2011Q3,15,15,15:15:00,Afternoon
560427,84629,WHITE 3 FRAME BIRDS AND TREE ,-2,2011-07-18 15:16:00,0.0,,United Kingdom,,True,False,False,True,True,-0.0,2011,7,2011-07,2011Q3,15,16,15:16:00,Afternoon
560428,21634,ASSORTED MINI MADRAS NOTEBOOK,-169,2011-07-18 15:17:00,0.0,,United Kingdom,,True,False,False,True,True,-0.0,2011,7,2011-07,2011Q3,15,17,15:17:00,Afternoon
560429,85086A,CANDY SPOT HEART DECORATION,6,2011-07-18 15:17:00,0.0,,United Kingdom,,True,False,False,False,True,0.0,2011,7,2011-07,2011Q3,15,17,15:17:00,Afternoon
560440,84029E,RED WOOLLY HOTTIE WHITE HEART.,-1,2011-07-18 16:36:00,0.0,,United Kingdom,,True,False,False,True,True,-0.0,2011,7,2011-07,2011Q3,16,36,16:36:00,Afternoon
560565,82583,HOT BATHS METAL SIGN,160,2011-07-19 13:44:00,0.0,,United Kingdom,FBA,True,False,False,False,True,0.0,2011,7,2011-07,2011Q3,13,44,13:44:00,Afternoon
560578,22034,ROBIN CHRISTMAS CARD,12,2011-07-19 15:12:00,0.0,,United Kingdom,,True,False,False,False,True,0.0,2011,7,2011-07,2011Q3,15,12,15:12:00,Afternoon
560583,17096,ASSORTED LAQUERED INCENSE HOLDERS,-7,2011-07-19 15:31:00,0.0,,United Kingdom,,True,False,False,True,True,-0.0,2011,7,2011-07,2011Q3,15,31,15:31:00,Afternoon
560600,18007,ESSENTIAL BALM 3.5g TIN IN ENVELOPE,-2834,2011-07-19 17:04:00,0.0,,United Kingdom,,True,False,False,True,True,-0.0,2011,7,2011-07,2011Q3,17,4,17:04:00,Afternoon
560717,84576,BLUE CAT BISCUIT BARREL PINK HEART,-3,2011-07-20 13:28:00,0.0,,United Kingdom,damaged,True,False,False,True,True,-0.0,2011,7,2011-07,2011Q3,13,28,13:28:00,Afternoon
560719,84877A,PINK ROUND COMPACT MIRROR,-21,2011-07-20 13:30:00,0.0,,United Kingdom,,True,False,False,True,True,-0.0,2011,7,2011-07,2011Q3,13,30,13:30:00,Afternoon
560722,16049,TEATIME GEL PENS ASST,-31,2011-07-20 13:37:00,0.0,,United Kingdom,,True,False,False,True,True,-0.0,2011,7,2011-07,2011Q3,13,37,13:37:00,Afternoon
560730,84797B,,-2,2011-07-20 14:53:00,0.0,,United Kingdom,,True,True,False,True,True,-0.0,2011,7,2011-07,2011Q3,14,53,14:53:00,Afternoon
560737,84798B,PURPLE FOXGLOVE ARTIIFCIAL FLOWER,-109,2011-07-20 15:34:00,0.0,,United Kingdom,,True,False,False,True,True,-0.0,2011,7,2011-07,2011Q3,15,34,15:34:00,Afternoon
560819,21686,MEDINA STAMPED METAL STOOL,2,2011-07-21 10:53:00,0.0,,United Kingdom,,True,False,False,False,True,0.0,2011,7,2011-07,2011Q3,10,53,10:53:00,Morning
560830,81953B,ROUND BLUE CLOCK WITH SUCKER,-6,2011-07-21 12:03:00,0.0,,United Kingdom,,True,False,False,True,True,-0.0,2011,7,2011-07,2011Q3,12,3,12:03:00,Morning
560831,81950V,FLOWER PURPLE CLOCK WITH SUCKER,-1,2011-07-21 12:04:00,0.0,,United Kingdom,,True,False,False,True,True,-0.0,2011,7,2011-07,2011Q3,12,4,12:04:00,Morning
560857,35819P,"ACRYLIC HANGING JEWEL,PINK",108,2011-07-21 13:21:00,0.0,,United Kingdom,,True,False,False,False,True,0.0,2011,7,2011-07,2011Q3,13,21,13:21:00,Afternoon
560867,21891,TRADITIONAL WOODEN SKIPPING ROPE,-21,2011-07-21 14:10:00,0.0,,United Kingdom,,True,False,False,True,True,-0.0,2011,7,2011-07,2011Q3,14,10,14:10:00,Afternoon
560889,84789,ENCHANTED BIRD PLANT CAGE,1,2011-07-21 16:42:00,0.0,,United Kingdom,,True,False,False,False,True,0.0,2011,7,2011-07,2011Q3,16,42,16:42:00,Afternoon
560890,84402B,PURPLE DRESS JEWELLERY STAND,1,2011-07-21 16:43:00,0.0,,United Kingdom,,True,False,False,False,True,0.0,2011,7,2011-07,2011Q3,16,43,16:43:00,Afternoon
560923,22777,GLASS CLOCHE LARGE,-14,2011-07-22 08:54:00,0.0,,United Kingdom,,True,False,False,True,True,-0.0,2011,7,2011-07,2011Q3,8,54,08:54:00,Morning
560939,84907,PINK YELLOW PATCH CUSHION COVER,-3,2011-07-22 11:20:00,0.0,,United Kingdom,,True,False,False,True,True,-0.0,2011,7,2011-07,2011Q3,11,20,11:20:00,Morning
560940,72127,COLUMBIAN CANDLE ROUND ,-53,2011-07-22 11:20:00,0.0,,United Kingdom,,True,False,False,True,True,-0.0,2011,7,2011-07,2011Q3,11,20,11:20:00,Morning
560941,85230E,STRAWBRY SCENTED VOTIVE CANDLE,-178,2011-07-22 11:21:00,0.0,,United Kingdom,,True,False,False,True,True,-0.0,2011,7,2011-07,2011Q3,11,21,11:21:00,Morning
560986,23084,RABBIT NIGHT LIGHT,24,2011-07-22 13:03:00,0.0,,United Kingdom,,True,False,False,False,True,0.0,2011,7,2011-07,2011Q3,13,3,13:03:00,Afternoon
561086,15036,ASSORTED COLOURS SILK FAN,-530,2011-07-25 09:32:00,0.0,,United Kingdom,,True,False,False,True,True,-0.0,2011,7,2011-07,2011Q3,9,32,09:32:00,Morning
561103,85103,SILVER T-LIGHT SETTING,-32,2011-07-25 11:23:00,0.0,,United Kingdom,stock creditted wrongly,True,False,False,True,True,-0.0,2011,7,2011-07,2011Q3,11,23,11:23:00,Morning
561107,84763,ZINC FINISH 15CM PLANTER POTS,-5,2011-07-25 11:42:00,0.0,,United Kingdom,,True,False,False,True,True,-0.0,2011,7,2011-07,2011Q3,11,42,11:42:00,Morning
561108,46775D,SUNSET COLOUR CHUNKY KNITTED THROW,-7,2011-07-25 11:43:00,0.0,,United Kingdom,,True,False,False,True,True,-0.0,2011,7,2011-07,2011Q3,11,43,11:43:00,Morning
561110,85087,CANDY SPOT CUSHION COVER,-16,2011-07-25 11:44:00,0.0,,United Kingdom,,True,False,False,True,True,-0.0,2011,7,2011-07,2011Q3,11,44,11:44:00,Morning
561249,DCGS0073,ebay,-4,2011-07-26 11:51:00,0.0,,United Kingdom,ebay,True,False,False,True,True,-0.0,2011,7,2011-07,2011Q3,11,51,11:51:00,Morning
561250,DCGS0071,,-2,2011-07-26 11:51:00,0.0,,United Kingdom,,True,True,False,True,True,-0.0,2011,7,2011-07,2011Q3,11,51,11:51:00,Morning
561251,DCGS0070,CAMOUFLAGE DOG COLLAR,-8,2011-07-26 11:51:00,0.0,,United Kingdom,,True,False,False,True,True,-0.0,2011,7,2011-07,2011Q3,11,51,11:51:00,Morning
561252,DCGS0069,OOH LA LA DOGS COLLAR,-5,2011-07-26 11:52:00,0.0,,United Kingdom,ebay,True,False,False,True,True,-0.0,2011,7,2011-07,2011Q3,11,52,11:52:00,Morning
561253,DCGS0068,ebay,-10,2011-07-26 11:52:00,0.0,,United Kingdom,ebay,True,False,False,True,True,-0.0,2011,7,2011-07,2011Q3,11,52,11:52:00,Morning
561254,DCGS0067,ebay,-11,2011-07-26 11:52:00,0.0,,United Kingdom,ebay,True,False,False,True,True,-0.0,2011,7,2011-07,2011Q3,11,52,11:52:00,Morning
561255,DCGS0066P,,-3,2011-07-26 11:52:00,0.0,,United Kingdom,,True,True,False,True,True,-0.0,2011,7,2011-07,2011Q3,11,52,11:52:00,Morning
561256,DCGS0003,BOXED GLASS ASHTRAY,-7,2011-07-26 11:53:00,0.0,,United Kingdom,ebay,True,False,False,True,True,-0.0,2011,7,2011-07,2011Q3,11,53,11:53:00,Morning
561271,10080,GROOVY CACTUS INFLATABLE,170,2011-07-26 12:18:00,0.0,,United Kingdom,,True,False,False,False,True,0.0,2011,7,2011-07,2011Q3,12,18,12:18:00,Morning
561282,21868,POTTING SHED TEA MUG,13,2011-07-26 12:24:00,0.0,,United Kingdom,,True,False,False,False,True,0.0,2011,7,2011-07,2011Q3,12,24,12:24:00,Morning
561284,22167, OVAL WALL MIRROR DIAMANTE ,1,2011-07-26 12:24:00,0.0,16818,United Kingdom, OVAL WALL MIRROR DIAMANTE ,False,False,False,False,True,0.0,2011,7,2011-07,2011Q3,12,24,12:24:00,Morning
561323,81952B,ROUND BLUE CLOCK WITH SUCKER,11,2011-07-26 13:03:00,0.0,,United Kingdom,,True,False,False,False,True,0.0,2011,7,2011-07,2011Q3,13,3,13:03:00,Afternoon
561326,21294,ETCHED GLASS COASTER,-227,2011-07-26 13:50:00,0.0,,United Kingdom,damaged,True,False,False,True,True,-0.0,2011,7,2011-07,2011Q3,13,50,13:50:00,Afternoon
561327,85213,MINI  ZINC GARDEN DECORATIONS ,36,2011-07-26 13:54:00,0.0,,United Kingdom,,True,False,False,False,True,0.0,2011,7,2011-07,2011Q3,13,54,13:54:00,Afternoon
561354,21792,CLASSIC FRENCH STYLE BASKET GREEN ,-8,2011-07-26 14:50:00,0.0,,United Kingdom,,True,False,False,True,True,-0.0,2011,7,2011-07,2011Q3,14,50,14:50:00,Afternoon
561361,21294,ETCHED GLASS COASTER,100,2011-07-26 15:40:00,0.0,,United Kingdom,,True,False,False,False,True,0.0,2011,7,2011-07,2011Q3,15,40,15:40:00,Afternoon
561362,84415A,PINK FLOCK SUEDE CUSHION COVER ,-11,2011-07-26 15:41:00,0.0,,United Kingdom,,True,False,False,True,True,-0.0,2011,7,2011-07,2011Q3,15,41,15:41:00,Afternoon
561364,84415B,BLUE FLOCK CUSHION COVER ,-4,2011-07-26 15:42:00,0.0,,United Kingdom,,True,False,False,True,True,-0.0,2011,7,2011-07,2011Q3,15,42,15:42:00,Afternoon
561365,84595E,LARGE TORTILLA DESIGN RED BOWL,10,2011-07-26 15:44:00,0.0,,United Kingdom,,True,False,False,False,True,0.0,2011,7,2011-07,2011Q3,15,44,15:44:00,Afternoon
561392,79161A,,15,2011-07-27 10:09:00,0.0,,United Kingdom,,True,True,False,False,True,0.0,2011,7,2011-07,2011Q3,10,9,10:09:00,Morning
561475,84584,PINK GINGHAM CAT WITH SCARF,-3,2011-07-27 13:29:00,0.0,,United Kingdom,,True,False,False,True,True,-0.0,2011,7,2011-07,2011Q3,13,29,13:29:00,Afternoon
561476,21839,MUMMY MOUSE RED GINGHAM RIBBON,-36,2011-07-27 13:29:00,0.0,,United Kingdom,,True,False,False,True,True,-0.0,2011,7,2011-07,2011Q3,13,29,13:29:00,Afternoon
561477,40046A,RED DAISY PAPER LAMPSHADE,20,2011-07-27 13:30:00,0.0,,United Kingdom,,True,False,False,False,True,0.0,2011,7,2011-07,2011Q3,13,30,13:30:00,Afternoon
561478,20954,*USB Office Mirror Ball,-2,2011-07-27 13:32:00,0.0,,United Kingdom,,True,False,False,True,True,-0.0,2011,7,2011-07,2011Q3,13,32,13:32:00,Afternoon
561479,21594,Dr. Jam's Arouzer Stress Ball,-1,2011-07-27 13:32:00,0.0,,United Kingdom,,True,False,False,True,True,-0.0,2011,7,2011-07,2011Q3,13,32,13:32:00,Afternoon
561480,21858,,-12,2011-07-27 13:32:00,0.0,,United Kingdom,,True,True,False,True,True,-0.0,2011,7,2011-07,2011Q3,13,32,13:32:00,Afternoon
561481,20684,STRAWBERRY DREAM CHILDS UMBRELLA,-27,2011-07-27 13:38:00,0.0,,United Kingdom,,True,False,False,True,True,-0.0,2011,7,2011-07,2011Q3,13,38,13:38:00,Afternoon
561482,21432,,-2,2011-07-27 13:39:00,0.0,,United Kingdom,,True,True,False,True,True,-0.0,2011,7,2011-07,2011Q3,13,39,13:39:00,Afternoon
561483,77079,DOLPHIN WINDMILL,4,2011-07-27 13:40:00,0.0,,United Kingdom,,True,False,False,False,True,0.0,2011,7,2011-07,2011Q3,13,40,13:40:00,Afternoon
561484,77081,,-39,2011-07-27 13:41:00,0.0,,United Kingdom,,True,True,False,True,True,-0.0,2011,7,2011-07,2011Q3,13,41,13:41:00,Afternoon
561486,21765,,-2,2011-07-27 13:48:00,0.0,,United Kingdom,,True,True,False,True,True,-0.0,2011,7,2011-07,2011Q3,13,48,13:48:00,Afternoon
561487,22168,ORGANISER WOOD ANTIQUE WHITE ,-1,2011-07-27 13:51:00,0.0,,United Kingdom,,True,False,False,True,True,-0.0,2011,7,2011-07,2011Q3,13,51,13:51:00,Afternoon
561489,84905,PINK BUTTERFLY CUSHION COVER ,-2,2011-07-27 13:52:00,0.0,,United Kingdom,,True,False,False,True,True,-0.0,2011,7,2011-07,2011Q3,13,52,13:52:00,Afternoon
561490,21275,ZINC TOP  2 DOOR WOODEN SHELF ,3,2011-07-27 13:54:00,0.0,,United Kingdom,,True,False,False,False,True,0.0,2011,7,2011-07,2011Q3,13,54,13:54:00,Afternoon
561491,21781,MA CAMPAGNE CUTLERY BOX,-2,2011-07-27 13:56:00,0.0,,United Kingdom,,True,False,False,True,True,-0.0,2011,7,2011-07,2011Q3,13,56,13:56:00,Afternoon
561492,22528,GARDENERS KNEELING PAD,-1,2011-07-27 13:57:00,0.0,,United Kingdom,,True,False,False,True,True,-0.0,2011,7,2011-07,2011Q3,13,57,13:57:00,Afternoon
561493,84761,,-11,2011-07-27 13:59:00,0.0,,United Kingdom,,True,True,False,True,True,-0.0,2011,7,2011-07,2011Q3,13,59,13:59:00,Afternoon
561494,18097A,PINK TALL PORCELAIN T-LIGHT HOLDER ,-23,2011-07-27 14:04:00,0.0,,United Kingdom,,True,False,False,True,True,-0.0,2011,7,2011-07,2011Q3,14,4,14:04:00,Afternoon
561495,79336,LIGHT PINK FLOCK GLASS CANDLEHOLDER,36,2011-07-27 14:06:00,0.0,,United Kingdom,,True,False,False,False,True,0.0,2011,7,2011-07,2011Q3,14,6,14:06:00,Afternoon
561496,17090D,VANILLA INCENSE 40 CONES IN TIN,-10,2011-07-27 14:08:00,0.0,,United Kingdom,,True,False,False,True,True,-0.0,2011,7,2011-07,2011Q3,14,8,14:08:00,Afternoon
561497,21609,SET 12 LAVENDER  BOTANICAL T-LIGHTS,38,2011-07-27 14:09:00,0.0,,United Kingdom,,True,False,False,False,True,0.0,2011,7,2011-07,2011Q3,14,9,14:09:00,Afternoon
561498,21610,,-14,2011-07-27 14:10:00,0.0,,United Kingdom,,True,True,False,True,True,-0.0,2011,7,2011-07,2011Q3,14,10,14:10:00,Afternoon
561499,72709,IVORY SCULPTED RND CANDLE ,52,2011-07-27 14:11:00,0.0,,United Kingdom,,True,False,False,False,True,0.0,2011,7,2011-07,2011Q3,14,11,14:11:00,Afternoon
561500,85040B,SET/4 BLUE FLOWER CANDLES IN BOWL,-1,2011-07-27 14:12:00,0.0,,United Kingdom,,True,False,False,True,True,-0.0,2011,7,2011-07,2011Q3,14,12,14:12:00,Afternoon
561501,21278,VINTAGE KITCHEN PRINT PUDDINGS,-1,2011-07-27 14:13:00,0.0,,United Kingdom,,True,False,False,True,True,-0.0,2011,7,2011-07,2011Q3,14,13,14:13:00,Afternoon
561503,22194,BLACK DINER WALL CLOCK,-4,2011-07-27 14:14:00,0.0,,United Kingdom,,True,False,False,True,True,-0.0,2011,7,2011-07,2011Q3,14,14,14:14:00,Afternoon
561504,21361,LOVE LARGE WOOD LETTERS ,-7,2011-07-27 14:15:00,0.0,,United Kingdom,,True,False,False,True,True,-0.0,2011,7,2011-07,2011Q3,14,15,14:15:00,Afternoon
561505,84925D,LA PALMIERA WALL THERMOMETER,-12,2011-07-27 14:16:00,0.0,,United Kingdom,,True,False,False,True,True,-0.0,2011,7,2011-07,2011Q3,14,16,14:16:00,Afternoon
561506,72051S,BAG OF SILVER STONES,-1,2011-07-27 14:18:00,0.0,,United Kingdom,,True,False,False,True,True,-0.0,2011,7,2011-07,2011Q3,14,18,14:18:00,Afternoon
561523,20973,12 PENCIL SMALL TUBE WOODLAND,-45,2011-07-27 17:38:00,0.0,,United Kingdom,,True,False,False,True,True,-0.0,2011,7,2011-07,2011Q3,17,38,17:38:00,Afternoon
561524,16020C,CLEAR STATIONERY BOX SET ,-2,2011-07-27 17:39:00,0.0,,United Kingdom,,True,False,False,True,True,-0.0,2011,7,2011-07,2011Q3,17,39,17:39:00,Afternoon
561525,84466,TOP SECRET PEN SET,-1,2011-07-27 17:40:00,0.0,,United Kingdom,,True,False,False,True,True,-0.0,2011,7,2011-07,2011Q3,17,40,17:40:00,Afternoon
561526,21051,RIBBONS PURSE ,-2,2011-07-27 17:40:00,0.0,,United Kingdom,,True,False,False,True,True,-0.0,2011,7,2011-07,2011Q3,17,40,17:40:00,Afternoon
561527,20666,ECONOMY HOLIDAY PURSE,-5,2011-07-27 17:40:00,0.0,,United Kingdom,,True,False,False,True,True,-0.0,2011,7,2011-07,2011Q3,17,40,17:40:00,Afternoon
561536,84927E,FLOWERS TILE HOOK,-2,2011-07-28 09:58:00,0.0,,United Kingdom,,True,False,False,True,True,-0.0,2011,7,2011-07,2011Q3,9,58,09:58:00,Morning
561538,84927D,LA PALMIERA TILE HOOK,-1,2011-07-28 09:58:00,0.0,,United Kingdom,,True,False,False,True,True,-0.0,2011,7,2011-07,2011Q3,9,58,09:58:00,Morning
561539,79026B,"S/4 ICON COASTER,ELVIS LIVES",-1,2011-07-28 10:08:00,0.0,,United Kingdom,,True,False,False,True,True,-0.0,2011,7,2011-07,2011Q3,10,8,10:08:00,Morning
561540,84279B,CHERRY BLOSSOM DECORATIVE FLASK,-1,2011-07-28 10:08:00,0.0,,United Kingdom,,True,False,False,True,True,-0.0,2011,7,2011-07,2011Q3,10,8,10:08:00,Morning
561541,21658,GLASS  BEURRE DISH,-1,2011-07-28 10:09:00,0.0,,United Kingdom,,True,False,False,True,True,-0.0,2011,7,2011-07,2011Q3,10,9,10:09:00,Morning
561543,22202,MILK PAN PINK POLKADOT,-1,2011-07-28 10:10:00,0.0,,United Kingdom,,True,False,False,True,True,-0.0,2011,7,2011-07,2011Q3,10,10,10:10:00,Morning
561553,21392,RED POLKADOT PUDDING BOWL,-29,2011-07-28 10:20:00,0.0,,United Kingdom,,True,False,False,True,True,-0.0,2011,7,2011-07,2011Q3,10,20,10:20:00,Morning
561555,37477B,,-11,2011-07-28 10:21:00,0.0,,United Kingdom,,True,True,False,True,True,-0.0,2011,7,2011-07,2011Q3,10,21,10:21:00,Morning
561557,37477C,,-31,2011-07-28 10:21:00,0.0,,United Kingdom,,True,True,False,True,True,-0.0,2011,7,2011-07,2011Q3,10,21,10:21:00,Morning
561565,35965,FOLKART HEART NAPKIN RINGS,18,2011-07-28 10:23:00,0.0,,United Kingdom,,True,False,False,False,True,0.0,2011,7,2011-07,2011Q3,10,23,10:23:00,Morning
561609,47589,CONGRATULATIONS BUNTING,-1,2011-07-28 12:24:00,0.0,,United Kingdom,,True,False,False,True,True,-0.0,2011,7,2011-07,2011Q3,12,24,12:24:00,Morning
561639,84799,SPRIG LAVENDER ARTIFICIAL FLOWER,-346,2011-07-28 14:58:00,0.0,,United Kingdom,,True,False,False,True,True,-0.0,2011,7,2011-07,2011Q3,14,58,14:58:00,Afternoon
561640,84802B,,-125,2011-07-28 14:58:00,0.0,,United Kingdom,,True,True,False,True,True,-0.0,2011,7,2011-07,2011Q3,14,58,14:58:00,Afternoon
561652,84847,FLORAL BATHROOM SET,2,2011-07-28 15:50:00,0.0,,United Kingdom,,True,False,False,False,True,0.0,2011,7,2011-07,2011Q3,15,50,15:50:00,Afternoon
561660,22502,PICNIC BASKET WICKER SMALL,1,2011-07-28 16:18:00,0.0,,United Kingdom,,True,False,False,False,True,0.0,2011,7,2011-07,2011Q3,16,18,16:18:00,Afternoon
561663,22501,PICNIC BASKET WICKER LARGE,-108,2011-07-28 16:40:00,0.0,,United Kingdom,incorrectly put back into stock,True,False,False,True,True,-0.0,2011,7,2011-07,2011Q3,16,40,16:40:00,Afternoon
561665,22171,3 HOOK PHOTO SHELF ANTIQUE WHITE,142,2011-07-28 16:55:00,0.0,,United Kingdom,?,True,False,False,False,True,0.0,2011,7,2011-07,2011Q3,16,55,16:55:00,Afternoon
561666,22502,PICNIC BASKET WICKER SMALL,30,2011-07-28 16:59:00,0.0,,United Kingdom,,True,False,False,False,True,0.0,2011,7,2011-07,2011Q3,16,59,16:59:00,Afternoon
561668,44091A,BLUE CRUSOE CHECK LAMPSHADE,-2,2011-07-28 17:03:00,0.0,,United Kingdom,,True,False,False,True,True,-0.0,2011,7,2011-07,2011Q3,17,3,17:03:00,Afternoon
561669,22960,JAM MAKING SET WITH JARS,11,2011-07-28 17:09:00,0.0,12507,Spain,JAM MAKING SET WITH JARS,False,False,False,False,True,0.0,2011,7,2011-07,2011Q3,17,9,17:09:00,Afternoon
561673,23134,LARGE ZINC HEART WALL ORGANISER,107,2011-07-28 17:20:00,0.0,,United Kingdom,,True,False,False,False,True,0.0,2011,7,2011-07,2011Q3,17,20,17:20:00,Afternoon
561674,21445,12 PINK ROSE PEG PLACE SETTINGS,1,2011-07-28 17:20:00,0.0,,United Kingdom,,True,False,False,False,True,0.0,2011,7,2011-07,2011Q3,17,20,17:20:00,Afternoon
561805,23284,DOORMAT KEEP CALM AND COME IN,-15,2011-07-29 14:42:00,0.0,,United Kingdom,,True,False,False,True,True,-0.0,2011,7,2011-07,2011Q3,14,42,14:42:00,Afternoon
561812,84944,SET OF 6 KASHMIR FOLKART BAUBLES,8,2011-07-29 15:25:00,0.0,,United Kingdom,,True,False,False,False,True,0.0,2011,7,2011-07,2011Q3,15,25,15:25:00,Afternoon
561916,M,Manual,1,2011-08-01 11:44:00,0.0,15581,United Kingdom,Manual,False,False,False,False,True,0.0,2011,8,2011-08,2011Q3,11,44,11:44:00,Morning
561918,85127,SMALL SQUARE CUT GLASS CANDLESTICK,-6,2011-08-01 12:05:00,0.0,,United Kingdom,,True,False,False,True,True,-0.0,2011,8,2011-08,2011Q3,12,5,12:05:00,Morning
561919,85017B,ENVELOPE 50 BLOSSOM IMAGES,-188,2011-08-01 12:08:00,0.0,,United Kingdom,,True,False,False,True,True,-0.0,2011,8,2011-08,2011Q3,12,8,12:08:00,Morning
561920,84352,SILVER CHRISTMAS TREE BAUBLE STAND ,-52,2011-08-01 12:10:00,0.0,,United Kingdom,Damages/samples,True,False,False,True,True,-0.0,2011,8,2011-08,2011Q3,12,10,12:10:00,Morning
561921,22044,CHRISTMAS CARD STACK OF PRESENTS,-240,2011-08-01 12:11:00,0.0,,United Kingdom,,True,False,False,True,True,-0.0,2011,8,2011-08,2011Q3,12,11,12:11:00,Morning
561924,22042,CHRISTMAS CARD SINGING ANGEL,-197,2011-08-01 12:27:00,0.0,,United Kingdom,,True,False,False,True,True,-0.0,2011,8,2011-08,2011Q3,12,27,12:27:00,Morning
561927,22740,POLKADOT PEN,-1060,2011-08-01 12:49:00,0.0,,United Kingdom,?,True,False,False,True,True,-0.0,2011,8,2011-08,2011Q3,12,49,12:49:00,Morning
562134,22722,SET OF 6 SPICE TINS PANTRY DESIGN,1,2011-08-03 09:50:00,0.0,,United Kingdom,,True,False,False,False,True,0.0,2011,8,2011-08,2011Q3,9,50,09:50:00,Morning
562135,84847,FLORAL BATHROOM SET,1,2011-08-03 09:50:00,0.0,,United Kingdom,,True,False,False,False,True,0.0,2011,8,2011-08,2011Q3,9,50,09:50:00,Morning
562164,21257,VICTORIAN SEWING BOX MEDIUM,-94,2011-08-03 12:08:00,0.0,,United Kingdom,?,True,False,False,True,True,-0.0,2011,8,2011-08,2011Q3,12,8,12:08:00,Morning
562212,21187,WHITE BELL HONEYCOMB PAPER GARLAND ,-97,2011-08-03 13:28:00,0.0,,United Kingdom,,True,False,False,True,True,-0.0,2011,8,2011-08,2011Q3,13,28,13:28:00,Afternoon
562215,21147,JINGLE BELLS TREE DECORATION,100,2011-08-03 13:45:00,0.0,,United Kingdom,,True,False,False,False,True,0.0,2011,8,2011-08,2011Q3,13,45,13:45:00,Afternoon
562278,21391,FRENCH LAVENDER SCENT HEART,-342,2011-08-04 10:27:00,0.0,,United Kingdom,Sold as 1 on dotcom,True,False,False,True,True,-0.0,2011,8,2011-08,2011Q3,10,27,10:27:00,Morning
562279,21391,FRENCH LAVENDER SCENT HEART,-26,2011-08-04 10:28:00,0.0,,United Kingdom,,True,False,False,True,True,-0.0,2011,8,2011-08,2011Q3,10,28,10:28:00,Morning
562352,21735,TWO DOOR CURIO CABINET,-59,2011-08-04 13:12:00,0.0,,United Kingdom,damages,True,False,False,True,True,-0.0,2011,8,2011-08,2011Q3,13,12,13:12:00,Afternoon
562382,22927,GREEN GIANT GARDEN THERMOMETER,-40,2011-08-04 15:36:00,0.0,,United Kingdom,?,True,False,False,True,True,-0.0,2011,8,2011-08,2011Q3,15,36,15:36:00,Afternoon
562383,22523,CHILDS GARDEN FORK PINK,-90,2011-08-04 15:37:00,0.0,,United Kingdom,?,True,False,False,True,True,-0.0,2011,8,2011-08,2011Q3,15,37,15:37:00,Afternoon
562384,23175,REGENCY MILK JUG PINK ,-44,2011-08-04 15:41:00,0.0,,United Kingdom,,True,False,False,True,True,-0.0,2011,8,2011-08,2011Q3,15,41,15:41:00,Afternoon
562385,47559B,TEA TIME OVEN GLOVE,-84,2011-08-04 15:42:00,0.0,,United Kingdom,,True,False,False,True,True,-0.0,2011,8,2011-08,2011Q3,15,42,15:42:00,Afternoon
562386,84596L,BISCUITS SMALL BOWL LIGHT BLUE,-21,2011-08-04 15:43:00,0.0,,United Kingdom,,True,False,False,True,True,-0.0,2011,8,2011-08,2011Q3,15,43,15:43:00,Afternoon
562390,21246,RED RETROSPOT BIG BOWL,-92,2011-08-04 16:00:00,0.0,,United Kingdom,,True,False,False,True,True,-0.0,2011,8,2011-08,2011Q3,16,0,16:00:00,Afternoon
562391,22854,CREAM SWEETHEART EGG HOLDER,-40,2011-08-04 16:02:00,0.0,,United Kingdom,,True,False,False,True,True,-0.0,2011,8,2011-08,2011Q3,16,2,16:02:00,Afternoon
562463,85152,HAND OVER THE CHOCOLATE   SIGN ,-6,2011-08-05 11:30:00,0.0,,United Kingdom,,True,False,False,True,True,-0.0,2011,8,2011-08,2011Q3,11,30,11:30:00,Morning
562464,20701,PINK CAT FLORAL CUSHION COVER ,-24,2011-08-05 11:31:00,0.0,,United Kingdom,,True,False,False,True,True,-0.0,2011,8,2011-08,2011Q3,11,31,11:31:00,Morning
562544,84920,PINK FLOWER FABRIC PONY,-9,2011-08-05 15:46:00,0.0,,United Kingdom,,True,False,False,True,True,-0.0,2011,8,2011-08,2011Q3,15,46,15:46:00,Afternoon
562546,20694,FLORAL PINK MONSTER,-110,2011-08-05 15:46:00,0.0,,United Kingdom,?,True,False,False,True,True,-0.0,2011,8,2011-08,2011Q3,15,46,15:46:00,Afternoon
562547,21918,SET 12 KIDS COLOUR  CHALK STICKS,-343,2011-08-05 15:49:00,0.0,,United Kingdom,,True,False,False,True,True,-0.0,2011,8,2011-08,2011Q3,15,49,15:49:00,Afternoon
562548,23084,RABBIT NIGHT LIGHT,-84,2011-08-05 16:00:00,0.0,,United Kingdom,,True,False,False,True,True,-0.0,2011,8,2011-08,2011Q3,16,0,16:00:00,Afternoon
562653,21359,RELAX LARGE WOOD LETTERS,-30,2011-08-08 13:35:00,0.0,,United Kingdom,,True,False,False,True,True,-0.0,2011,8,2011-08,2011Q3,13,35,13:35:00,Afternoon
562714,22501,PICNIC BASKET WICKER LARGE,64,2011-08-08 15:23:00,0.0,,United Kingdom,,True,False,False,False,True,0.0,2011,8,2011-08,2011Q3,15,23,15:23:00,Afternoon
562785,21033,JUMBO BAG CHARLIE AND LOLA TOYS,-455,2011-08-09 13:32:00,0.0,,United Kingdom,,True,False,False,True,True,-0.0,2011,8,2011-08,2011Q3,13,32,13:32:00,Afternoon
562855,84800M,MEDIUM WHITE/PINK ROSE ART FLOWER,-124,2011-08-10 10:16:00,0.0,,United Kingdom,,True,False,False,True,True,-0.0,2011,8,2011-08,2011Q3,10,16,10:16:00,Morning
562945,79000,MOROCCAN TEA GLASS,425,2011-08-11 09:35:00,0.0,,United Kingdom,,True,False,False,False,True,0.0,2011,8,2011-08,2011Q3,9,35,09:35:00,Morning
562973,23157,SET OF 6 NATIVITY MAGNETS ,240,2011-08-11 11:42:00,0.0,14911,EIRE,SET OF 6 NATIVITY MAGNETS ,False,False,False,False,True,0.0,2011,8,2011-08,2011Q3,11,42,11:42:00,Morning
563015,46000M,POLYESTER FILLER PAD 45x45cm,160,2011-08-11 12:24:00,0.0,,United Kingdom,POLYESTER FILLER PAD 45x45cm,True,False,False,False,True,0.0,2011,8,2011-08,2011Q3,12,24,12:24:00,Morning
563015,46000S,POLYESTER FILLER PAD 40x40cm,220,2011-08-11 12:24:00,0.0,,United Kingdom,POLYESTER FILLER PAD 40x40cm,True,False,False,False,True,0.0,2011,8,2011-08,2011Q3,12,24,12:24:00,Morning
563101,22084,PAPER CHAIN KIT EMPIRE,1,2011-08-12 10:07:00,0.0,,United Kingdom,,True,False,False,False,True,0.0,2011,8,2011-08,2011Q3,10,7,10:07:00,Morning
563102,21359,RELAX LARGE WOOD LETTERS,1,2011-08-12 10:07:00,0.0,,United Kingdom,,True,False,False,False,True,0.0,2011,8,2011-08,2011Q3,10,7,10:07:00,Morning
563105,22194,BLACK DINER WALL CLOCK,2,2011-08-12 10:15:00,0.0,,United Kingdom,,True,False,False,False,True,0.0,2011,8,2011-08,2011Q3,10,15,10:15:00,Morning
563106,21658,GLASS  BEURRE DISH,3,2011-08-12 10:15:00,0.0,,United Kingdom,,True,False,False,False,True,0.0,2011,8,2011-08,2011Q3,10,15,10:15:00,Morning
563108,21033,JUMBO BAG CHARLIE AND LOLA TOYS,37,2011-08-12 10:18:00,0.0,,United Kingdom,,True,False,False,False,True,0.0,2011,8,2011-08,2011Q3,10,18,10:18:00,Morning
563148,21033,JUMBO BAG CHARLIE AND LOLA TOYS,-37,2011-08-12 11:35:00,0.0,,United Kingdom,,True,False,False,True,True,-0.0,2011,8,2011-08,2011Q3,11,35,11:35:00,Morning
563244,22740,POLKADOT PEN,-36,2011-08-15 10:49:00,0.0,,United Kingdom,,True,False,False,True,True,-0.0,2011,8,2011-08,2011Q3,10,49,10:49:00,Morning
563359,23084,RABBIT NIGHT LIGHT,20,2011-08-15 14:56:00,0.0,,United Kingdom,,True,False,False,False,True,0.0,2011,8,2011-08,2011Q3,14,56,14:56:00,Afternoon
563445,85049D,BRIGHT BLUES RIBBONS ,1,2011-08-16 14:18:00,0.0,,United Kingdom,,True,False,False,False,True,0.0,2011,8,2011-08,2011Q3,14,18,14:18:00,Afternoon
563447,21033,JUMBO BAG CHARLIE AND LOLA TOYS,50,2011-08-16 14:25:00,0.0,,United Kingdom,,True,False,False,False,True,0.0,2011,8,2011-08,2011Q3,14,25,14:25:00,Afternoon
563449,85152,HAND OVER THE CHOCOLATE   SIGN ,2,2011-08-16 14:28:00,0.0,,United Kingdom,,True,False,False,False,True,0.0,2011,8,2011-08,2011Q3,14,28,14:28:00,Afternoon
563452,21033,JUMBO BAG CHARLIE AND LOLA TOYS,12,2011-08-16 14:34:00,0.0,,United Kingdom,,True,False,False,False,True,0.0,2011,8,2011-08,2011Q3,14,34,14:34:00,Afternoon
563453,21033,JUMBO BAG CHARLIE AND LOLA TOYS,-24,2011-08-16 14:34:00,0.0,,United Kingdom,taig adjust no stock,True,False,False,True,True,-0.0,2011,8,2011-08,2011Q3,14,34,14:34:00,Afternoon
563568,20774,GREEN FERN NOTEBOOK,12,2011-08-17 14:45:00,0.0,,United Kingdom,,True,False,False,False,True,0.0,2011,8,2011-08,2011Q3,14,45,14:45:00,Afternoon
563650,79163,BLACK CHAMPAGNE GLASS,-156,2011-08-18 10:43:00,0.0,,United Kingdom,,True,False,False,True,True,-0.0,2011,8,2011-08,2011Q3,10,43,10:43:00,Morning
563652,22461,SAVOY ART DECO CLOCK,-36,2011-08-18 10:43:00,0.0,,United Kingdom,,True,False,False,True,True,-0.0,2011,8,2011-08,2011Q3,10,43,10:43:00,Morning
563700,85106,CUT GLASS HEXAGON T-LIGHT HOLDER,-553,2011-08-18 13:55:00,0.0,,United Kingdom,,True,False,False,True,True,-0.0,2011,8,2011-08,2011Q3,13,55,13:55:00,Afternoon
563701,85106,CUT GLASS HEXAGON T-LIGHT HOLDER,20,2011-08-18 13:55:00,0.0,,United Kingdom,,True,False,False,False,True,0.0,2011,8,2011-08,2011Q3,13,55,13:55:00,Afternoon
563702,85107,CUT GLASS T-LIGHT HOLDER OCTAGON,65,2011-08-18 13:55:00,0.0,,United Kingdom,,True,False,False,False,True,0.0,2011,8,2011-08,2011Q3,13,55,13:55:00,Afternoon
563704,37342,POLKADOT COFFEE CUP & SAUCER PINK,-66,2011-08-18 14:03:00,0.0,,United Kingdom,,True,False,False,True,True,-0.0,2011,8,2011-08,2011Q3,14,3,14:03:00,Afternoon
563715,90120D,WHITE MURANO TWIST BRACELET,-18,2011-08-18 16:08:00,0.0,,United Kingdom,,True,False,False,True,True,-0.0,2011,8,2011-08,2011Q3,16,8,16:08:00,Afternoon
564220,20684,STRAWBERRY DREAM CHILDS UMBRELLA,1,2011-08-24 09:34:00,0.0,,United Kingdom,,True,False,False,False,True,0.0,2011,8,2011-08,2011Q3,9,34,09:34:00,Morning
564229,82583,HOT BATHS METAL SIGN,20,2011-08-24 10:20:00,0.0,,United Kingdom,amazon,True,False,False,False,True,0.0,2011,8,2011-08,2011Q3,10,20,10:20:00,Morning
564530,22683,FRENCH BLUE METAL DOOR SIGN 8,3,2011-08-25 14:57:00,0.0,,United Kingdom,FRENCH BLUE METAL DOOR SIGN 8,True,False,False,False,True,0.0,2011,8,2011-08,2011Q3,14,57,14:57:00,Afternoon
564530,22682,FRENCH BLUE METAL DOOR SIGN 7,1,2011-08-25 14:57:00,0.0,,United Kingdom,FRENCH BLUE METAL DOOR SIGN 7,True,False,False,False,True,0.0,2011,8,2011-08,2011Q3,14,57,14:57:00,Afternoon
564530,22681,FRENCH BLUE METAL DOOR SIGN 6,3,2011-08-25 14:57:00,0.0,,United Kingdom,FRENCH BLUE METAL DOOR SIGN 6,True,False,False,False,True,0.0,2011,8,2011-08,2011Q3,14,57,14:57:00,Afternoon
564530,22680,FRENCH BLUE METAL DOOR SIGN 5,1,2011-08-25 14:57:00,0.0,,United Kingdom,FRENCH BLUE METAL DOOR SIGN 5,True,False,False,False,True,0.0,2011,8,2011-08,2011Q3,14,57,14:57:00,Afternoon
564530,22679,FRENCH BLUE METAL DOOR SIGN 4,3,2011-08-25 14:57:00,0.0,,United Kingdom,FRENCH BLUE METAL DOOR SIGN 4,True,False,False,False,True,0.0,2011,8,2011-08,2011Q3,14,57,14:57:00,Afternoon
564530,22678,FRENCH BLUE METAL DOOR SIGN 3,3,2011-08-25 14:57:00,0.0,,United Kingdom,FRENCH BLUE METAL DOOR SIGN 3,True,False,False,False,True,0.0,2011,8,2011-08,2011Q3,14,57,14:57:00,Afternoon
564530,22677,FRENCH BLUE METAL DOOR SIGN 2,4,2011-08-25 14:57:00,0.0,,United Kingdom,FRENCH BLUE METAL DOOR SIGN 2,True,False,False,False,True,0.0,2011,8,2011-08,2011Q3,14,57,14:57:00,Afternoon
564530,21172,PARTY METAL SIGN ,1,2011-08-25 14:57:00,0.0,,United Kingdom,PARTY METAL SIGN ,True,False,False,False,True,0.0,2011,8,2011-08,2011Q3,14,57,14:57:00,Afternoon
564530,21116,OWL DOORSTOP,1,2011-08-25 14:57:00,0.0,,United Kingdom,OWL DOORSTOP,True,False,False,False,True,0.0,2011,8,2011-08,2011Q3,14,57,14:57:00,Afternoon
564530,20682,RED RETROSPOT CHILDRENS UMBRELLA,1,2011-08-25 14:57:00,0.0,,United Kingdom,RED RETROSPOT CHILDRENS UMBRELLA,True,False,False,False,True,0.0,2011,8,2011-08,2011Q3,14,57,14:57:00,Afternoon
564530,85123A,WHITE HANGING HEART T-LIGHT HOLDER,1,2011-08-25 14:57:00,0.0,,United Kingdom,WHITE HANGING HEART T-LIGHT HOLDER,True,False,False,False,True,0.0,2011,8,2011-08,2011Q3,14,57,14:57:00,Afternoon
564530,22692,DOORMAT WELCOME TO OUR HOME,1,2011-08-25 14:57:00,0.0,,United Kingdom,DOORMAT WELCOME TO OUR HOME,True,False,False,False,True,0.0,2011,8,2011-08,2011Q3,14,57,14:57:00,Afternoon
564530,22686,FRENCH BLUE METAL DOOR SIGN No,2,2011-08-25 14:57:00,0.0,,United Kingdom,FRENCH BLUE METAL DOOR SIGN No,True,False,False,False,True,0.0,2011,8,2011-08,2011Q3,14,57,14:57:00,Afternoon
564530,22627,MINT KITCHEN SCALES,3,2011-08-25 14:57:00,0.0,,United Kingdom,MINT KITCHEN SCALES,True,False,False,False,True,0.0,2011,8,2011-08,2011Q3,14,57,14:57:00,Afternoon
564530,22427,ENAMEL FLOWER JUG CREAM,1,2011-08-25 14:57:00,0.0,,United Kingdom,ENAMEL FLOWER JUG CREAM,True,False,False,False,True,0.0,2011,8,2011-08,2011Q3,14,57,14:57:00,Afternoon
564530,22366,DOORMAT AIRMAIL ,1,2011-08-25 14:57:00,0.0,,United Kingdom,DOORMAT AIRMAIL ,True,False,False,False,True,0.0,2011,8,2011-08,2011Q3,14,57,14:57:00,Afternoon
564530,22365,DOORMAT RESPECTABLE HOUSE,1,2011-08-25 14:57:00,0.0,,United Kingdom,DOORMAT RESPECTABLE HOUSE,True,False,False,False,True,0.0,2011,8,2011-08,2011Q3,14,57,14:57:00,Afternoon
564530,22362,GLASS JAR PEACOCK BATH SALTS,1,2011-08-25 14:57:00,0.0,,United Kingdom,GLASS JAR PEACOCK BATH SALTS,True,False,False,False,True,0.0,2011,8,2011-08,2011Q3,14,57,14:57:00,Afternoon
564530,22363,GLASS JAR MARMALADE ,1,2011-08-25 14:57:00,0.0,,United Kingdom,GLASS JAR MARMALADE ,True,False,False,False,True,0.0,2011,8,2011-08,2011Q3,14,57,14:57:00,Afternoon
564530,22359,GLASS JAR KINGS CHOICE,1,2011-08-25 14:57:00,0.0,,United Kingdom,GLASS JAR KINGS CHOICE,True,False,False,False,True,0.0,2011,8,2011-08,2011Q3,14,57,14:57:00,Afternoon
564530,22357,KINGS CHOICE BISCUIT TIN,1,2011-08-25 14:57:00,0.0,,United Kingdom,KINGS CHOICE BISCUIT TIN,True,False,False,False,True,0.0,2011,8,2011-08,2011Q3,14,57,14:57:00,Afternoon
564530,21899,GARAGE KEY FOB,1,2011-08-25 14:57:00,0.0,,United Kingdom,GARAGE KEY FOB,True,False,False,False,True,0.0,2011,8,2011-08,2011Q3,14,57,14:57:00,Afternoon
564530,21900,"KEY FOB , SHED",1,2011-08-25 14:57:00,0.0,,United Kingdom,"KEY FOB , SHED",True,False,False,False,True,0.0,2011,8,2011-08,2011Q3,14,57,14:57:00,Afternoon
564530,21901,"KEY FOB , BACK DOOR ",1,2011-08-25 14:57:00,0.0,,United Kingdom,"KEY FOB , BACK DOOR ",True,False,False,False,True,0.0,2011,8,2011-08,2011Q3,14,57,14:57:00,Afternoon
564530,21561,DINOSAUR LUNCH BOX WITH CUTLERY,1,2011-08-25 14:57:00,0.0,,United Kingdom,DINOSAUR LUNCH BOX WITH CUTLERY,True,False,False,False,True,0.0,2011,8,2011-08,2011Q3,14,57,14:57:00,Afternoon
564530,21452,TOADSTOOL MONEY BOX,1,2011-08-25 14:57:00,0.0,,United Kingdom,TOADSTOOL MONEY BOX,True,False,False,False,True,0.0,2011,8,2011-08,2011Q3,14,57,14:57:00,Afternoon
564530,22685,FRENCH BLUE METAL DOOR SIGN 0,3,2011-08-25 14:57:00,0.0,,United Kingdom,FRENCH BLUE METAL DOOR SIGN 0,True,False,False,False,True,0.0,2011,8,2011-08,2011Q3,14,57,14:57:00,Afternoon
564530,22676,FRENCH BLUE METAL DOOR SIGN 1,3,2011-08-25 14:57:00,0.0,,United Kingdom,FRENCH BLUE METAL DOOR SIGN 1,True,False,False,False,True,0.0,2011,8,2011-08,2011Q3,14,57,14:57:00,Afternoon
564530,22684,FRENCH BLUE METAL DOOR SIGN 9,1,2011-08-25 14:57:00,0.0,,United Kingdom,FRENCH BLUE METAL DOOR SIGN 9,True,False,False,False,True,0.0,2011,8,2011-08,2011Q3,14,57,14:57:00,Afternoon
564533,23348,CHILDRENS TOY COOKING UTENSIL SET,100,2011-08-25 15:09:00,0.0,,United Kingdom,,True,False,False,False,True,0.0,2011,8,2011-08,2011Q3,15,9,15:09:00,Afternoon
564633,23084,RABBIT NIGHT LIGHT,400,2011-08-26 12:14:00,0.0,,United Kingdom,,True,False,False,False,True,0.0,2011,8,2011-08,2011Q3,12,14,12:14:00,Morning
564644,82583,HOT BATHS METAL SIGN,5,2011-08-26 13:35:00,0.0,,United Kingdom,,True,False,False,False,True,0.0,2011,8,2011-08,2011Q3,13,35,13:35:00,Afternoon
564645,82583,HOT BATHS METAL SIGN,44,2011-08-26 13:38:00,0.0,,United Kingdom,amazon,True,False,False,False,True,0.0,2011,8,2011-08,2011Q3,13,38,13:38:00,Afternoon
564651,23270,SET OF 2 CERAMIC PAINTED HEARTS ,96,2011-08-26 14:19:00,0.0,14646,Netherlands,SET OF 2 CERAMIC PAINTED HEARTS ,False,False,False,False,True,0.0,2011,8,2011-08,2011Q3,14,19,14:19:00,Afternoon
564651,23268,SET OF 2 CERAMIC CHRISTMAS REINDEER,192,2011-08-26 14:19:00,0.0,14646,Netherlands,SET OF 2 CERAMIC CHRISTMAS REINDEER,False,False,False,False,True,0.0,2011,8,2011-08,2011Q3,14,19,14:19:00,Afternoon
564651,22955,36 FOIL STAR CAKE CASES ,144,2011-08-26 14:19:00,0.0,14646,Netherlands,36 FOIL STAR CAKE CASES ,False,False,False,False,True,0.0,2011,8,2011-08,2011Q3,14,19,14:19:00,Afternoon
564651,21786,POLKADOT RAIN HAT ,144,2011-08-26 14:19:00,0.0,14646,Netherlands,POLKADOT RAIN HAT ,False,False,False,False,True,0.0,2011,8,2011-08,2011Q3,14,19,14:19:00,Afternoon
564667,23084,RABBIT NIGHT LIGHT,-400,2011-08-26 15:08:00,0.0,,United Kingdom,,True,False,False,True,True,-0.0,2011,8,2011-08,2011Q3,15,8,15:08:00,Afternoon
564761,GIFT_0001_30,Dotcomgiftshop Gift Voucher £30.00,30,2011-08-30 10:48:00,0.0,,United Kingdom,,True,False,False,False,True,0.0,2011,8,2011-08,2011Q3,10,48,10:48:00,Morning
564762,GIFT_0001_10,Dotcomgiftshop Gift Voucher £10.00,30,2011-08-30 10:48:00,0.0,,United Kingdom,,True,False,False,False,True,0.0,2011,8,2011-08,2011Q3,10,48,10:48:00,Morning
564914,85132C,CHARLIE AND LOLA FIGURES TINS,-109,2011-08-31 12:40:00,0.0,,United Kingdom,damages,True,False,False,True,True,-0.0,2011,8,2011-08,2011Q3,12,40,12:40:00,Morning
564915,21673,WHITE SPOT BLUE CERAMIC DRAWER KNOB,26,2011-08-31 12:41:00,0.0,,United Kingdom,,True,False,False,False,True,0.0,2011,8,2011-08,2011Q3,12,41,12:41:00,Morning
564916,22157,ANGEL DECORATION WITH LACE PADDED,31,2011-08-31 12:42:00,0.0,,United Kingdom,,True,False,False,False,True,0.0,2011,8,2011-08,2011Q3,12,42,12:42:00,Morning
564917,79000,MOROCCAN TEA GLASS,245,2011-08-31 12:42:00,0.0,,United Kingdom,,True,False,False,False,True,0.0,2011,8,2011-08,2011Q3,12,42,12:42:00,Morning
564918,16046,TEATIME PEN CASE & PENS,21,2011-08-31 12:42:00,0.0,,United Kingdom,,True,False,False,False,True,0.0,2011,8,2011-08,2011Q3,12,42,12:42:00,Morning
564919,23284,DOORMAT KEEP CALM AND COME IN,8,2011-08-31 12:43:00,0.0,,United Kingdom,,True,False,False,False,True,0.0,2011,8,2011-08,2011Q3,12,43,12:43:00,Morning
564920,48116,DOORMAT MULTICOLOUR STRIPE,8,2011-08-31 12:43:00,0.0,,United Kingdom,,True,False,False,False,True,0.0,2011,8,2011-08,2011Q3,12,43,12:43:00,Morning
564921,85214,TUB 24 PINK FLOWER PEGS,6,2011-08-31 12:43:00,0.0,,United Kingdom,,True,False,False,False,True,0.0,2011,8,2011-08,2011Q3,12,43,12:43:00,Morning
564922,22084,PAPER CHAIN KIT EMPIRE,5,2011-08-31 12:43:00,0.0,,United Kingdom,,True,False,False,False,True,0.0,2011,8,2011-08,2011Q3,12,43,12:43:00,Morning
564923,21868,POTTING SHED TEA MUG,2,2011-08-31 12:44:00,0.0,,United Kingdom,,True,False,False,False,True,0.0,2011,8,2011-08,2011Q3,12,44,12:44:00,Morning
564924,21272,SALLE DE BAIN HOOK,1,2011-08-31 12:44:00,0.0,,United Kingdom,,True,False,False,False,True,0.0,2011,8,2011-08,2011Q3,12,44,12:44:00,Morning
564925,21662,VINTAGE GLASS COFFEE CADDY,1,2011-08-31 12:45:00,0.0,,United Kingdom,,True,False,False,False,True,0.0,2011,8,2011-08,2011Q3,12,45,12:45:00,Morning
564926,22968,ROSE COTTAGE KEEPSAKE BOX ,9,2011-08-31 12:45:00,0.0,,United Kingdom,,True,False,False,False,True,0.0,2011,8,2011-08,2011Q3,12,45,12:45:00,Morning
564927,23175,REGENCY MILK JUG PINK ,2,2011-08-31 12:45:00,0.0,,United Kingdom,,True,False,False,False,True,0.0,2011,8,2011-08,2011Q3,12,45,12:45:00,Morning
564928,35966,,1,2011-08-31 12:46:00,0.0,,United Kingdom,,True,True,False,False,True,0.0,2011,8,2011-08,2011Q3,12,46,12:46:00,Morning
564929,37501,TEA TIME TEA SET IN GIFT BOX,1,2011-08-31 12:46:00,0.0,,United Kingdom,,True,False,False,False,True,0.0,2011,8,2011-08,2011Q3,12,46,12:46:00,Morning
565042,85185B,PINK HORSE SOCK PUPPET,-27,2011-08-31 17:01:00,0.0,,United Kingdom,,True,False,False,True,True,-0.0,2011,8,2011-08,2011Q3,17,1,17:01:00,Afternoon
565043,22171,3 HOOK PHOTO SHELF ANTIQUE WHITE,8,2011-08-31 17:01:00,0.0,,United Kingdom,,True,False,False,False,True,0.0,2011,8,2011-08,2011Q3,17,1,17:01:00,Afternoon
565045,21670,BLUE SPOT CERAMIC DRAWER KNOB,-115,2011-08-31 17:03:00,0.0,,United Kingdom,,True,False,False,True,True,-0.0,2011,8,2011-08,2011Q3,17,3,17:03:00,Afternoon
565046,22606,WOODEN SKITTLES GARDEN SET,-49,2011-08-31 17:04:00,0.0,,United Kingdom,,True,False,False,True,True,-0.0,2011,8,2011-08,2011Q3,17,4,17:04:00,Afternoon
565047,21257,VICTORIAN SEWING BOX MEDIUM,7,2011-08-31 17:04:00,0.0,,United Kingdom,,True,False,False,False,True,0.0,2011,8,2011-08,2011Q3,17,4,17:04:00,Afternoon
565048,84976,RECTANGULAR SHAPED MIRROR,-66,2011-08-31 17:06:00,0.0,,United Kingdom,,True,False,False,True,True,-0.0,2011,8,2011-08,2011Q3,17,6,17:06:00,Afternoon
565049,21907,I'M ON HOLIDAY METAL SIGN,-77,2011-08-31 17:09:00,0.0,,United Kingdom,,True,False,False,True,True,-0.0,2011,8,2011-08,2011Q3,17,9,17:09:00,Afternoon
565052,21179,NO JUNK MAIL METAL SIGN,-60,2011-08-31 17:11:00,0.0,,United Kingdom,,True,False,False,True,True,-0.0,2011,8,2011-08,2011Q3,17,11,17:11:00,Afternoon
565055,21172,PARTY METAL SIGN ,-10,2011-08-31 17:11:00,0.0,,United Kingdom,,True,False,False,True,True,-0.0,2011,8,2011-08,2011Q3,17,11,17:11:00,Afternoon
565057,82551,LAUNDRY 15C METAL SIGN,-110,2011-08-31 17:12:00,0.0,,United Kingdom,,True,False,False,True,True,-0.0,2011,8,2011-08,2011Q3,17,12,17:12:00,Afternoon
565060,21165,BEWARE OF THE CAT METAL SIGN ,-46,2011-08-31 17:15:00,0.0,,United Kingdom,,True,False,False,True,True,-0.0,2011,8,2011-08,2011Q3,17,15,17:15:00,Afternoon
565063,21175,GIN + TONIC DIET METAL SIGN,-18,2011-08-31 17:15:00,0.0,,United Kingdom,,True,False,False,True,True,-0.0,2011,8,2011-08,2011Q3,17,15,17:15:00,Afternoon
565069,20665,RED RETROSPOT PURSE ,-49,2011-08-31 17:18:00,0.0,,United Kingdom,,True,False,False,True,True,-0.0,2011,8,2011-08,2011Q3,17,18,17:18:00,Afternoon
565070,85032D,YULETIDE IMAGES GIFT WRAP SET,171,2011-08-31 17:18:00,0.0,,United Kingdom,,True,False,False,False,True,0.0,2011,8,2011-08,2011Q3,17,18,17:18:00,Afternoon
565071,84754,S/15 SILVER GLASS BAUBLES IN BAG,-242,2011-08-31 17:21:00,0.0,,United Kingdom,,True,False,False,True,True,-0.0,2011,8,2011-08,2011Q3,17,21,17:21:00,Afternoon
565072,21820,GLITTER HEART GARLAND WITH BELLS ,-210,2011-08-31 17:22:00,0.0,,United Kingdom,,True,False,False,True,True,-0.0,2011,8,2011-08,2011Q3,17,22,17:22:00,Afternoon
565081,21067,VINTAGE RED TEATIME MUG,1,2011-09-01 09:03:00,0.0,,United Kingdom,,True,False,False,False,True,0.0,2011,9,2011-09,2011Q3,9,3,09:03:00,Morning
565275,90209C,PINK ENAMEL+GLASS HAIR COMB,-72,2011-09-02 11:08:00,0.0,,United Kingdom,,True,False,False,True,True,-0.0,2011,9,2011-09,2011Q3,11,8,11:08:00,Morning
565288,23135,SMALL ZINC HEART WALL ORGANISER,101,2011-09-02 11:43:00,0.0,,United Kingdom,?,True,False,False,False,True,0.0,2011,9,2011-09,2011Q3,11,43,11:43:00,Morning
565296,84929,ASSTD FRUIT+FLOWERS FRIDGE MAGNETS,-967,2011-09-02 12:04:00,0.0,,United Kingdom,code mix up? 84930,True,False,False,True,True,-0.0,2011,9,2011-09,2011Q3,12,4,12:04:00,Morning
565297,84877D,BLUE ROUND COMPACT MIRROR,-203,2011-09-02 12:06:00,0.0,,United Kingdom,?,True,False,False,True,True,-0.0,2011,9,2011-09,2011Q3,12,6,12:06:00,Morning
565302,21682,LARGE MEDINA STAMPED METAL BOWL ,-156,2011-09-02 12:16:00,0.0,,United Kingdom,?display?,True,False,False,True,True,-0.0,2011,9,2011-09,2011Q3,12,16,12:16:00,Morning
565304,16259,PIECE OF CAMO STATIONERY SET,-3167,2011-09-02 12:18:00,0.0,,United Kingdom,,True,False,False,True,True,-0.0,2011,9,2011-09,2011Q3,12,18,12:18:00,Morning
565306,21830,ASSORTED CREEPY CRAWLIES,-252,2011-09-02 12:20:00,0.0,,United Kingdom,sold as 1,True,False,False,True,True,-0.0,2011,9,2011-09,2011Q3,12,20,12:20:00,Morning
565307,21830,ASSORTED CREEPY CRAWLIES,-443,2011-09-02 12:20:00,0.0,,United Kingdom,?,True,False,False,True,True,-0.0,2011,9,2011-09,2011Q3,12,20,12:20:00,Morning
565308,21829,DINOSAUR KEYRINGS ASSORTED,-432,2011-09-02 12:22:00,0.0,,United Kingdom,sold as 1,True,False,False,True,True,-0.0,2011,9,2011-09,2011Q3,12,22,12:22:00,Morning
565310,21829,DINOSAUR KEYRINGS ASSORTED,-1897,2011-09-02 12:26:00,0.0,,United Kingdom,?missing,True,False,False,True,True,-0.0,2011,9,2011-09,2011Q3,12,26,12:26:00,Morning
565314,84660C,PINK STITCHED WALL CLOCK,-21,2011-09-02 12:43:00,0.0,,United Kingdom,,True,False,False,True,True,-0.0,2011,9,2011-09,2011Q3,12,43,12:43:00,Morning
565319,23348,CHILDRENS TOY COOKING UTENSIL SET,225,2011-09-02 13:07:00,0.0,,United Kingdom,,True,False,False,False,True,0.0,2011,9,2011-09,2011Q3,13,7,13:07:00,Afternoon
565368,21784,SHOE SHINE BOX ,1,2011-09-02 14:59:00,0.0,,United Kingdom,,True,False,False,False,True,0.0,2011,9,2011-09,2011Q3,14,59,14:59:00,Afternoon
565369,37342,POLKADOT COFFEE CUP & SAUCER PINK,1,2011-09-02 15:02:00,0.0,,United Kingdom,,True,False,False,False,True,0.0,2011,9,2011-09,2011Q3,15,2,15:02:00,Afternoon
565370,82494L,WOODEN FRAME ANTIQUE WHITE ,-33,2011-09-02 15:04:00,0.0,,United Kingdom,crushed ctn,True,False,False,True,True,-0.0,2011,9,2011-09,2011Q3,15,4,15:04:00,Afternoon
565371,82483,WOOD 2 DRAWER CABINET WHITE FINISH,-13,2011-09-02 15:04:00,0.0,,United Kingdom,crushed,True,False,False,True,True,-0.0,2011,9,2011-09,2011Q3,15,4,15:04:00,Afternoon
565376,21682,LARGE MEDINA STAMPED METAL BOWL ,144,2011-09-02 15:10:00,0.0,,United Kingdom,,True,False,False,False,True,0.0,2011,9,2011-09,2011Q3,15,10,15:10:00,Afternoon
565385,22435,SET OF 9 HEART SHAPED BALLOONS,-434,2011-09-02 15:46:00,0.0,,United Kingdom,?missing,True,False,False,True,True,-0.0,2011,9,2011-09,2011Q3,15,46,15:46:00,Afternoon
565389,47343A,FUSCHIA FLOWER PURSE WITH BEADS,-16,2011-09-02 16:19:00,0.0,,United Kingdom,,True,False,False,True,True,-0.0,2011,9,2011-09,2011Q3,16,19,16:19:00,Afternoon
565543,22502,PICNIC BASKET WICKER SMALL,8,2011-09-05 12:07:00,0.0,,United Kingdom,,True,False,False,False,True,0.0,2011,9,2011-09,2011Q3,12,7,12:07:00,Morning
565544,84989A,75 GREEN FAIRY CAKE CASES,1,2011-09-05 12:09:00,0.0,,United Kingdom,,True,False,False,False,True,0.0,2011,9,2011-09,2011Q3,12,9,12:09:00,Morning
565545,20973,12 PENCIL SMALL TUBE WOODLAND,1,2011-09-05 12:09:00,0.0,,United Kingdom,,True,False,False,False,True,0.0,2011,9,2011-09,2011Q3,12,9,12:09:00,Morning
565556,POST,POSTAGE,750,2011-09-05 12:14:00,0.0,,United Kingdom,,True,False,False,False,True,0.0,2011,9,2011-09,2011Q3,12,14,12:14:00,Morning
565797,47570B,TEA TIME TABLE CLOTH,1,2011-09-07 10:15:00,0.0,,United Kingdom,,True,False,False,False,True,0.0,2011,9,2011-09,2011Q3,10,15,10:15:00,Morning
565798,85232D,SET/3 DECOUPAGE STACKING TINS,1,2011-09-07 10:15:00,0.0,,United Kingdom,,True,False,False,False,True,0.0,2011,9,2011-09,2011Q3,10,15,10:15:00,Morning
565935,23064,CINDERELLA CHANDELIER ,-8,2011-09-08 10:46:00,0.0,,United Kingdom,Crushed,True,False,False,True,True,-0.0,2011,9,2011-09,2011Q3,10,46,10:46:00,Morning
565938,23066,SMALL DECO JEWELLERY STAND,-13,2011-09-08 10:54:00,0.0,,United Kingdom,,True,False,False,True,True,-0.0,2011,9,2011-09,2011Q3,10,54,10:54:00,Morning
566064,22355,CHARLOTTE BAG SUKI DESIGN,1,2011-09-08 15:53:00,0.0,,United Kingdom,test,True,False,False,False,True,0.0,2011,9,2011-09,2011Q3,15,53,15:53:00,Afternoon
566065,84660C,PINK STITCHED WALL CLOCK,1,2011-09-08 16:14:00,0.0,,United Kingdom,,True,False,False,False,True,0.0,2011,9,2011-09,2011Q3,16,14,16:14:00,Afternoon
566066,15060B,FAIRY CAKE DESIGN UMBRELLA,-52,2011-09-08 16:36:00,0.0,,United Kingdom,,True,False,False,True,True,-0.0,2011,9,2011-09,2011Q3,16,36,16:36:00,Afternoon
566067,20686,DOLLY MIXTURE CHILDREN'S UMBRELLA,-95,2011-09-08 16:36:00,0.0,,United Kingdom,,True,False,False,True,True,-0.0,2011,9,2011-09,2011Q3,16,36,16:36:00,Afternoon
566068,22268,DECORATION SITTING BUNNY,-86,2011-09-08 16:37:00,0.0,,United Kingdom,,True,False,False,True,True,-0.0,2011,9,2011-09,2011Q3,16,37,16:37:00,Afternoon
566121,23306,SET OF 36 DOILIES PANTRY DESIGN,-682,2011-09-09 10:56:00,0.0,,United Kingdom,,True,False,False,True,True,-0.0,2011,9,2011-09,2011Q3,10,56,10:56:00,Morning
566122,23084,RABBIT NIGHT LIGHT,-484,2011-09-09 10:57:00,0.0,,United Kingdom,temp adjustment,True,False,False,True,True,-0.0,2011,9,2011-09,2011Q3,10,57,10:57:00,Morning
566316,23306,SET OF 36 DOILIES PANTRY DESIGN,682,2011-09-12 10:07:00,0.0,,United Kingdom,,True,False,False,False,True,0.0,2011,9,2011-09,2011Q3,10,7,10:07:00,Morning
566323,22035,VINTAGE CARAVAN GREETING CARD ,1,2011-09-12 12:02:00,0.0,,United Kingdom,,True,False,False,False,True,0.0,2011,9,2011-09,2011Q3,12,2,12:02:00,Morning
566324,22035,VINTAGE CARAVAN GREETING CARD ,1,2011-09-12 12:03:00,0.0,,United Kingdom,taig adjust,True,False,False,False,True,0.0,2011,9,2011-09,2011Q3,12,3,12:03:00,Morning
566325,22035,VINTAGE CARAVAN GREETING CARD ,36,2011-09-12 12:03:00,0.0,,United Kingdom,taig adjust,True,False,False,False,True,0.0,2011,9,2011-09,2011Q3,12,3,12:03:00,Morning
566327,23084,RABBIT NIGHT LIGHT,4,2011-09-12 12:13:00,0.0,,United Kingdom,allocate stock for dotcom orders ta,True,False,False,False,True,0.0,2011,9,2011-09,2011Q3,12,13,12:13:00,Morning
566449,20856,DENIM PATCH PURSE PINK BUTTERFLY,-140,2011-09-12 16:07:00,0.0,,United Kingdom,??,True,False,False,True,True,-0.0,2011,9,2011-09,2011Q3,16,7,16:07:00,Afternoon
566476,23084,RABBIT NIGHT LIGHT,2,2011-09-13 09:01:00,0.0,,United Kingdom,add stock to allocate online orders,True,False,False,False,True,0.0,2011,9,2011-09,2011Q3,9,1,09:01:00,Morning
566478,23084,RABBIT NIGHT LIGHT,1,2011-09-13 09:03:00,0.0,,United Kingdom,for online retail orders,True,False,False,False,True,0.0,2011,9,2011-09,2011Q3,9,3,09:03:00,Morning
566493,23284,DOORMAT KEEP CALM AND COME IN,1,2011-09-13 10:52:00,0.0,,United Kingdom,,True,False,False,False,True,0.0,2011,9,2011-09,2011Q3,10,52,10:52:00,Morning
566573,22823,CHEST NATURAL WOOD 20 DRAWERS,-22,2011-09-13 13:10:00,0.0,,United Kingdom,test,True,False,False,True,True,-0.0,2011,9,2011-09,2011Q3,13,10,13:10:00,Afternoon
566574,22823,CHEST NATURAL WOOD 20 DRAWERS,22,2011-09-13 13:14:00,0.0,,United Kingdom,test,True,False,False,False,True,0.0,2011,9,2011-09,2011Q3,13,14,13:14:00,Afternoon
566593,22035,VINTAGE CARAVAN GREETING CARD ,18,2011-09-13 14:59:00,0.0,,United Kingdom,,True,False,False,False,True,0.0,2011,9,2011-09,2011Q3,14,59,14:59:00,Afternoon
566615,23084,RABBIT NIGHT LIGHT,344,2011-09-13 17:30:00,0.0,,United Kingdom,,True,False,False,False,True,0.0,2011,9,2011-09,2011Q3,17,30,17:30:00,Afternoon
566710,16207B,PINK HEART RED HANDBAG,-4,2011-09-14 12:03:00,0.0,,United Kingdom,,True,False,False,True,True,-0.0,2011,9,2011-09,2011Q3,12,3,12:03:00,Morning
566711,21578,WOODLAND DESIGN  COTTON TOTE BAG,-31,2011-09-14 12:03:00,0.0,,United Kingdom,,True,False,False,True,True,-0.0,2011,9,2011-09,2011Q3,12,3,12:03:00,Morning
566712,22030,SWALLOWS GREETING CARD,-635,2011-09-14 12:04:00,0.0,,United Kingdom,??,True,False,False,True,True,-0.0,2011,9,2011-09,2011Q3,12,4,12:04:00,Morning
566762,85232D,SET/3 DECOUPAGE STACKING TINS,143,2011-09-14 17:35:00,0.0,,United Kingdom,,True,False,False,False,True,0.0,2011,9,2011-09,2011Q3,17,35,17:35:00,Afternoon
566763,84708B,PINK JEWELLED PHOTO FRAME ,-5,2011-09-14 17:48:00,0.0,,United Kingdom,,True,False,False,True,True,-0.0,2011,9,2011-09,2011Q3,17,48,17:48:00,Afternoon
566764,23065,LARGE DECO JEWELLERY STAND,-13,2011-09-14 17:49:00,0.0,,United Kingdom,,True,False,False,True,True,-0.0,2011,9,2011-09,2011Q3,17,49,17:49:00,Afternoon
566765,22244,3 HOOK HANGER MAGIC GARDEN,-9,2011-09-14 17:50:00,0.0,,United Kingdom,,True,False,False,True,True,-0.0,2011,9,2011-09,2011Q3,17,50,17:50:00,Afternoon
566766,21311,SET/4 BIRD MIRROR MAGNETS ,-117,2011-09-14 17:51:00,0.0,,United Kingdom,,True,False,False,True,True,-0.0,2011,9,2011-09,2011Q3,17,51,17:51:00,Afternoon
566767,20977,36 PENCILS TUBE WOODLAND,-188,2011-09-14 17:52:00,0.0,,United Kingdom,,True,False,False,True,True,-0.0,2011,9,2011-09,2011Q3,17,52,17:52:00,Afternoon
566768,16045,POPART WOODEN PENCILS ASST,-3667,2011-09-14 17:53:00,0.0,,United Kingdom,,True,False,False,True,True,-0.0,2011,9,2011-09,2011Q3,17,53,17:53:00,Afternoon
566924,79163,BLACK CHAMPAGNE GLASS,15,2011-09-15 15:17:00,0.0,,United Kingdom,,True,False,False,False,True,0.0,2011,9,2011-09,2011Q3,15,17,15:17:00,Afternoon
566977,48173C,DOORMAT BLACK FLOCK ,-54,2011-09-16 09:47:00,0.0,,United Kingdom,,True,False,False,True,True,-0.0,2011,9,2011-09,2011Q3,9,47,09:47:00,Morning
566982,85049B,LUSH GREENS RIBBONS,1,2011-09-16 10:15:00,0.0,,United Kingdom,Amazon,True,False,False,False,True,0.0,2011,9,2011-09,2011Q3,10,15,10:15:00,Morning
566983,23084,RABBIT NIGHT LIGHT,1,2011-09-16 10:16:00,0.0,,United Kingdom,Amazon,True,False,False,False,True,0.0,2011,9,2011-09,2011Q3,10,16,10:16:00,Morning
567056,22050,PINK PAISLEY ROSE GIFT WRAP,25,2011-09-16 11:39:00,0.0,,United Kingdom,,True,False,False,False,True,0.0,2011,9,2011-09,2011Q3,11,39,11:39:00,Morning
567057,84725,FREESTYLE CANVAS ART PICTURE,-8,2011-09-16 11:39:00,0.0,,United Kingdom,,True,False,False,True,True,-0.0,2011,9,2011-09,2011Q3,11,39,11:39:00,Morning
567058,22453,MEASURING TAPE BABUSHKA BLUE,-12,2011-09-16 11:40:00,0.0,,United Kingdom,,True,False,False,True,True,-0.0,2011,9,2011-09,2011Q3,11,40,11:40:00,Morning
567059,22452,MEASURING TAPE BABUSHKA PINK,-63,2011-09-16 11:41:00,0.0,,United Kingdom,,True,False,False,True,True,-0.0,2011,9,2011-09,2011Q3,11,41,11:41:00,Morning
567060,22445,PENCIL CASE LIFE IS BEAUTIFUL,-62,2011-09-16 11:41:00,0.0,,United Kingdom,,True,False,False,True,True,-0.0,2011,9,2011-09,2011Q3,11,41,11:41:00,Morning
567061,84877B,GREEN ROUND COMPACT MIRROR,-27,2011-09-16 11:42:00,0.0,,United Kingdom,,True,False,False,True,True,-0.0,2011,9,2011-09,2011Q3,11,42,11:42:00,Morning
567063,23135,SMALL ZINC HEART WALL ORGANISER,-27,2011-09-16 11:50:00,0.0,,United Kingdom,,True,False,False,True,True,-0.0,2011,9,2011-09,2011Q3,11,50,11:50:00,Morning
567064,23135,SMALL ZINC HEART WALL ORGANISER,27,2011-09-16 11:51:00,0.0,,United Kingdom,,True,False,False,False,True,0.0,2011,9,2011-09,2011Q3,11,51,11:51:00,Morning
567113,85215,ASSORTED CHEESE FRIDGE MAGNETS,-29,2011-09-16 13:39:00,0.0,,United Kingdom,Damaged,True,False,False,True,True,-0.0,2011,9,2011-09,2011Q3,13,39,13:39:00,Afternoon
567125,21246,RED RETROSPOT BIG BOWL,-2,2011-09-16 13:49:00,0.0,,United Kingdom,damaged,True,False,False,True,True,-0.0,2011,9,2011-09,2011Q3,13,49,13:49:00,Afternoon
567127,85230E,STRAWBRY SCENTED VOTIVE CANDLE,-48,2011-09-16 14:01:00,0.0,,United Kingdom,Damaged,True,False,False,True,True,-0.0,2011,9,2011-09,2011Q3,14,1,14:01:00,Afternoon
567129,72127,COLUMBIAN CANDLE ROUND ,24,2011-09-16 14:05:00,0.0,,United Kingdom,found box,True,False,False,False,True,0.0,2011,9,2011-09,2011Q3,14,5,14:05:00,Afternoon
567131,21830,ASSORTED CREEPY CRAWLIES,192,2011-09-16 14:13:00,0.0,,United Kingdom,damaged,True,False,False,False,True,0.0,2011,9,2011-09,2011Q3,14,13,14:13:00,Afternoon
567132,21830,ASSORTED CREEPY CRAWLIES,-384,2011-09-16 14:14:00,0.0,,United Kingdom,OOPS ! adjustment,True,False,False,True,True,-0.0,2011,9,2011-09,2011Q3,14,14,14:14:00,Afternoon
567133,85185B,PINK HORSE SOCK PUPPET,50,2011-09-16 14:17:00,0.0,,United Kingdom,Found in w/hse,True,False,False,False,True,0.0,2011,9,2011-09,2011Q3,14,17,14:17:00,Afternoon
567137,84929,ASSTD FRUIT+FLOWERS FRIDGE MAGNETS,600,2011-09-16 14:39:00,0.0,,United Kingdom,found,True,False,False,False,True,0.0,2011,9,2011-09,2011Q3,14,39,14:39:00,Afternoon
567143,21179,NO JUNK MAIL METAL SIGN,-14,2011-09-16 15:02:00,0.0,,United Kingdom,damaged,True,False,False,True,True,-0.0,2011,9,2011-09,2011Q3,15,2,15:02:00,Afternoon
567149,35607B,BLACK FEATHER CHRISTMAS DECORATION,-9,2011-09-16 15:29:00,0.0,,United Kingdom,thrown away,True,False,False,True,True,-0.0,2011,9,2011-09,2011Q3,15,29,15:29:00,Afternoon
567150,35817P,"ACRYLIC JEWEL SNOWFLAKE,PINK",-44,2011-09-16 15:29:00,0.0,,United Kingdom,thrown away,True,False,False,True,True,-0.0,2011,9,2011-09,2011Q3,15,29,15:29:00,Afternoon
567151,35815P,"ACRYLIC JEWEL SNOWFLAKE, PINK",34,2011-09-16 15:51:00,0.0,,United Kingdom,,True,False,False,False,True,0.0,2011,9,2011-09,2011Q3,15,51,15:51:00,Afternoon
567152,35598C,WHITE CHRISTMAS TREE 60CM,3,2011-09-16 15:58:00,0.0,,United Kingdom,found,True,False,False,False,True,0.0,2011,9,2011-09,2011Q3,15,58,15:58:00,Afternoon
567201,23084,RABBIT NIGHT LIGHT,110,2011-09-19 10:28:00,0.0,,United Kingdom,website fixed,True,False,False,False,True,0.0,2011,9,2011-09,2011Q3,10,28,10:28:00,Morning
567207,35592T,,4,2011-09-19 11:01:00,0.0,,United Kingdom,,True,True,False,False,True,0.0,2011,9,2011-09,2011Q3,11,1,11:01:00,Morning
567208,35597D,,2,2011-09-19 11:01:00,0.0,,United Kingdom,,True,True,False,False,True,0.0,2011,9,2011-09,2011Q3,11,1,11:01:00,Morning
567335,35965,FOLKART HEART NAPKIN RINGS,6,2011-09-19 14:55:00,0.0,,United Kingdom,,True,False,False,False,True,0.0,2011,9,2011-09,2011Q3,14,55,14:55:00,Afternoon
567337,35965,FOLKART HEART NAPKIN RINGS,5,2011-09-19 14:56:00,0.0,,United Kingdom,,True,False,False,False,True,0.0,2011,9,2011-09,2011Q3,14,56,14:56:00,Afternoon
567363,23028,DRAWER KNOB CRACKLE GLAZE BLUE,-49,2011-09-19 16:58:00,0.0,,United Kingdom,,True,False,False,True,True,-0.0,2011,9,2011-09,2011Q3,16,58,16:58:00,Afternoon
567364,22925,BLUE GIANT GARDEN THERMOMETER,-20,2011-09-19 16:58:00,0.0,,United Kingdom,,True,False,False,True,True,-0.0,2011,9,2011-09,2011Q3,16,58,16:58:00,Afternoon
567366,21174,POTTERING IN THE SHED METAL SIGN,-138,2011-09-19 16:59:00,0.0,,United Kingdom,,True,False,False,True,True,-0.0,2011,9,2011-09,2011Q3,16,59,16:59:00,Afternoon
567367,17012A,ORIGAMI VANILLA INCENSE/CANDLE SET ,-86,2011-09-19 17:15:00,0.0,,United Kingdom,,True,False,False,True,True,-0.0,2011,9,2011-09,2011Q3,17,15,17:15:00,Afternoon
567371,22084,PAPER CHAIN KIT EMPIRE,7,2011-09-20 09:24:00,0.0,,United Kingdom,,True,False,False,False,True,0.0,2011,9,2011-09,2011Q3,9,24,09:24:00,Morning
567629,40016,CHINESE DRAGON PAPER LANTERNS,-752,2011-09-21 13:21:00,0.0,,United Kingdom,?,True,False,False,True,True,-0.0,2011,9,2011-09,2011Q3,13,21,13:21:00,Afternoon
567645,21447,12 IVORY ROSE PEG PLACE SETTINGS,-53,2011-09-21 14:27:00,0.0,,United Kingdom,,True,False,False,True,True,-0.0,2011,9,2011-09,2011Q3,14,27,14:27:00,Afternoon
567680,23284,DOORMAT KEEP CALM AND COME IN,4,2011-09-21 16:17:00,0.0,,United Kingdom,,True,False,False,False,True,0.0,2011,9,2011-09,2011Q3,16,17,16:17:00,Afternoon
567693,85199L,LARGE HANGING IVORY & RED WOOD BIRD,-250,2011-09-21 17:26:00,0.0,,United Kingdom,?,True,False,False,True,True,-0.0,2011,9,2011-09,2011Q3,17,26,17:26:00,Afternoon
567694,22665,RECIPE BOX BLUE SKETCHBOOK DESIGN,-24,2011-09-21 17:30:00,0.0,,United Kingdom,,True,False,False,True,True,-0.0,2011,9,2011-09,2011Q3,17,30,17:30:00,Afternoon
567695,22688,DOORMAT PEACE ON EARTH BLUE,-42,2011-09-21 17:31:00,0.0,,United Kingdom,,True,False,False,True,True,-0.0,2011,9,2011-09,2011Q3,17,31,17:31:00,Afternoon
567696,23091,ZINC HERB GARDEN CONTAINER,-15,2011-09-21 17:32:00,0.0,,United Kingdom,,True,False,False,True,True,-0.0,2011,9,2011-09,2011Q3,17,32,17:32:00,Afternoon
567719,20980,36 PENCILS TUBE POSY,-7,2011-09-22 10:32:00,0.0,,United Kingdom,,True,False,False,True,True,-0.0,2011,9,2011-09,2011Q3,10,32,10:32:00,Morning
567861,35597A,DUSTY PINK CHRISTMAS TREE 30CM,-14,2011-09-22 14:01:00,0.0,,United Kingdom,,True,False,False,True,True,-0.0,2011,9,2011-09,2011Q3,14,1,14:01:00,Afternoon
567862,35591T,TURQUOISE CHRISTMAS TREE ,-4,2011-09-22 14:02:00,0.0,,United Kingdom,,True,False,False,True,True,-0.0,2011,9,2011-09,2011Q3,14,2,14:02:00,Afternoon
567863,35598A,DUSTY PINK CHRISTMAS TREE 60CM,8,2011-09-22 14:03:00,0.0,,United Kingdom,,True,False,False,False,True,0.0,2011,9,2011-09,2011Q3,14,3,14:03:00,Afternoon
567918,79163,BLACK CHAMPAGNE GLASS,-1,2011-09-22 17:20:00,0.0,,United Kingdom,damaged,True,False,False,True,True,-0.0,2011,9,2011-09,2011Q3,17,20,17:20:00,Afternoon
567920,84875D,BLUE SQUARE COMPACT MIRROR,5,2011-09-22 17:21:00,0.0,,United Kingdom,found,True,False,False,False,True,0.0,2011,9,2011-09,2011Q3,17,21,17:21:00,Afternoon
567921,21089,SET/6 GREEN SPRING PAPER CUPS,-7,2011-09-22 17:24:00,0.0,,United Kingdom,damaged,True,False,False,True,True,-0.0,2011,9,2011-09,2011Q3,17,24,17:24:00,Afternoon
567923,37343,POLKADOT MUG PINK ,-2,2011-09-22 17:24:00,0.0,,United Kingdom,damaged,True,False,False,True,True,-0.0,2011,9,2011-09,2011Q3,17,24,17:24:00,Afternoon
567925,84876D,BLUE HEART COMPACT MIRROR,-2,2011-09-22 17:26:00,0.0,,United Kingdom,damaged,True,False,False,True,True,-0.0,2011,9,2011-09,2011Q3,17,26,17:26:00,Afternoon
567926,84877D,BLUE ROUND COMPACT MIRROR,1,2011-09-22 17:27:00,0.0,,United Kingdom,found,True,False,False,False,True,0.0,2011,9,2011-09,2011Q3,17,27,17:27:00,Afternoon
567927,21654,RIDGED GLASS FINGER BOWL,-3,2011-09-22 17:28:00,0.0,,United Kingdom,Damaged,True,False,False,True,True,-0.0,2011,9,2011-09,2011Q3,17,28,17:28:00,Afternoon
567931,84563B,BLUE & WHITE BREAKFAST TRAY,-11,2011-09-22 17:38:00,0.0,,United Kingdom,damaged,True,False,False,True,True,-0.0,2011,9,2011-09,2011Q3,17,38,17:38:00,Afternoon
567932,85213,MINI  ZINC GARDEN DECORATIONS ,-12,2011-09-22 17:39:00,0.0,,United Kingdom,,True,False,False,True,True,-0.0,2011,9,2011-09,2011Q3,17,39,17:39:00,Afternoon
567933,84422,PINK/BLUE DISC/MIRROR STRING,-30,2011-09-22 17:49:00,0.0,,United Kingdom,Dagamed,True,False,False,True,True,-0.0,2011,9,2011-09,2011Q3,17,49,17:49:00,Afternoon
568052,90209C,PINK ENAMEL+GLASS HAIR COMB,-3,2011-09-23 12:42:00,0.0,,United Kingdom,,True,False,False,True,True,-0.0,2011,9,2011-09,2011Q3,12,42,12:42:00,Morning
568053,90209C,PINK ENAMEL+GLASS HAIR COMB,3,2011-09-23 12:44:00,0.0,,United Kingdom,,True,False,False,False,True,0.0,2011,9,2011-09,2011Q3,12,44,12:44:00,Morning
568079,85197,SET OF 12 MINI BUNNIES IN A BUCKET,-1,2011-09-23 14:35:00,0.0,,United Kingdom,,True,False,False,True,True,-0.0,2011,9,2011-09,2011Q3,14,35,14:35:00,Afternoon
568080,44236,PINK/PURPLE CIRCLE CURTAIN,-2,2011-09-23 14:35:00,0.0,,United Kingdom,,True,False,False,True,True,-0.0,2011,9,2011-09,2011Q3,14,35,14:35:00,Afternoon
568081,84663A,GRASS HOPPER WOODEN WALL CLOCK ,-9,2011-09-23 14:36:00,0.0,,United Kingdom,,True,False,False,True,True,-0.0,2011,9,2011-09,2011Q3,14,36,14:36:00,Afternoon
568084,84927A,WAKE UP COCKEREL TILE HOOK,-7,2011-09-23 14:38:00,0.0,,United Kingdom,,True,False,False,True,True,-0.0,2011,9,2011-09,2011Q3,14,38,14:38:00,Afternoon
568085,84912A,PINK ROSE WASHBAG,2,2011-09-23 14:39:00,0.0,,United Kingdom,,True,False,False,False,True,0.0,2011,9,2011-09,2011Q3,14,39,14:39:00,Afternoon
568087,85049D,BRIGHT BLUES RIBBONS ,-8,2011-09-23 14:40:00,0.0,,United Kingdom,,True,False,False,True,True,-0.0,2011,9,2011-09,2011Q3,14,40,14:40:00,Afternoon
568088,21641,ASSORTED TUTTI FRUTTI KEYRING BALL,-49,2011-09-23 14:40:00,0.0,,United Kingdom,,True,False,False,True,True,-0.0,2011,9,2011-09,2011Q3,14,40,14:40:00,Afternoon
568089,22245,"HOOK, 1 HANGER ,MAGIC GARDEN",-37,2011-09-23 14:41:00,0.0,,United Kingdom,,True,False,False,True,True,-0.0,2011,9,2011-09,2011Q3,14,41,14:41:00,Afternoon
568090,20793,BLUE TILED TRAY,-5,2011-09-23 14:41:00,0.0,,United Kingdom,,True,False,False,True,True,-0.0,2011,9,2011-09,2011Q3,14,41,14:41:00,Afternoon
568091,85211,S/4 GROOVY CAT MAGNETS,-3,2011-09-23 14:41:00,0.0,,United Kingdom,,True,False,False,True,True,-0.0,2011,9,2011-09,2011Q3,14,41,14:41:00,Afternoon
568092,23134,LARGE ZINC HEART WALL ORGANISER,1,2011-09-23 14:42:00,0.0,,United Kingdom,,True,False,False,False,True,0.0,2011,9,2011-09,2011Q3,14,42,14:42:00,Afternoon
568093,20773,BLUE PAISLEY NOTEBOOK,-9,2011-09-23 14:42:00,0.0,,United Kingdom,,True,False,False,True,True,-0.0,2011,9,2011-09,2011Q3,14,42,14:42:00,Afternoon
568102,35911A,MULTICOLOUR RABBIT EGG WARMER,20,2011-09-23 15:34:00,0.0,,United Kingdom,,True,False,False,False,True,0.0,2011,9,2011-09,2011Q3,15,34,15:34:00,Afternoon
568158,PADS,PADS TO MATCH ALL CUSHIONS,1,2011-09-25 12:22:00,0.0,16133,United Kingdom,PADS TO MATCH ALL CUSHIONS,False,False,False,False,True,0.0,2011,9,2011-09,2011Q3,12,22,12:22:00,Morning
568233,21586,KINGS CHOICE GIANT TUBE MATCHES,-147,2011-09-26 11:37:00,0.0,,United Kingdom,,True,False,False,True,True,-0.0,2011,9,2011-09,2011Q3,11,37,11:37:00,Morning
568302,20700,GREEN CAT FLORAL CUSHION COVER ,-121,2011-09-26 12:46:00,0.0,,United Kingdom,?,True,False,False,True,True,-0.0,2011,9,2011-09,2011Q3,12,46,12:46:00,Morning
568365,84663A,GRASS HOPPER WOODEN WALL CLOCK ,30,2011-09-26 15:45:00,0.0,,United Kingdom,,True,False,False,False,True,0.0,2011,9,2011-09,2011Q3,15,45,15:45:00,Afternoon
568371,22687,DOORMAT CHRISTMAS VILLAGE,-41,2011-09-26 16:48:00,0.0,,United Kingdom,,True,False,False,True,True,-0.0,2011,9,2011-09,2011Q3,16,48,16:48:00,Afternoon
568372,90082D,DIAMANTE BOW BROOCH BLACK COLOUR,-19,2011-09-26 16:54:00,0.0,,United Kingdom,,True,False,False,True,True,-0.0,2011,9,2011-09,2011Q3,16,54,16:54:00,Afternoon
568384,M,Manual,1,2011-09-27 09:46:00,0.0,12748,United Kingdom,Manual,False,False,False,False,True,0.0,2011,9,2011-09,2011Q3,9,46,09:46:00,Morning
568401,21394,RED POLKADOT BEAKER ,-35,2011-09-27 10:30:00,0.0,,United Kingdom,damages,True,False,False,True,True,-0.0,2011,9,2011-09,2011Q3,10,30,10:30:00,Morning
568403,84905,PINK BUTTERFLY CUSHION COVER ,-3,2011-09-27 10:35:00,0.0,,United Kingdom,,True,False,False,True,True,-0.0,2011,9,2011-09,2011Q3,10,35,10:35:00,Morning
568404,22497,SET OF 2 TINS VINTAGE BATHROOM ,-17,2011-09-27 10:36:00,0.0,,United Kingdom,,True,False,False,True,True,-0.0,2011,9,2011-09,2011Q3,10,36,10:36:00,Morning
568405,22893,MINI CAKE STAND T-LIGHT HOLDER,-42,2011-09-27 10:36:00,0.0,,United Kingdom,,True,False,False,True,True,-0.0,2011,9,2011-09,2011Q3,10,36,10:36:00,Morning
568406,18094C,WHITE AND BLUE CERAMIC OIL BURNER,-67,2011-09-27 10:37:00,0.0,,United Kingdom,,True,False,False,True,True,-0.0,2011,9,2011-09,2011Q3,10,37,10:37:00,Morning
568407,84660A,WHITE STITCHED WALL CLOCK,-8,2011-09-27 10:38:00,0.0,,United Kingdom,,True,False,False,True,True,-0.0,2011,9,2011-09,2011Q3,10,38,10:38:00,Morning
568442,37327,ASSTD MULTICOLOUR CIRCLES MUG,-131,2011-09-27 11:31:00,0.0,,United Kingdom,damages,True,False,False,True,True,-0.0,2011,9,2011-09,2011Q3,11,31,11:31:00,Morning
568543,84920,PINK FLOWER FABRIC PONY,-21,2011-09-27 14:33:00,0.0,,United Kingdom,,True,False,False,True,True,-0.0,2011,9,2011-09,2011Q3,14,33,14:33:00,Afternoon
568544,84921,CREAM AND PINK FLOWERS PONY ,5,2011-09-27 14:33:00,0.0,,United Kingdom,,True,False,False,False,True,0.0,2011,9,2011-09,2011Q3,14,33,14:33:00,Afternoon
568545,22548,HEADS AND TAILS SPORTING FUN,-70,2011-09-27 14:34:00,0.0,,United Kingdom,,True,False,False,True,True,-0.0,2011,9,2011-09,2011Q3,14,34,14:34:00,Afternoon
568546,22409,MONEY BOX BISCUITS DESIGN,-20,2011-09-27 14:35:00,0.0,,United Kingdom,,True,False,False,True,True,-0.0,2011,9,2011-09,2011Q3,14,35,14:35:00,Afternoon
568548,21830,ASSORTED CREEPY CRAWLIES,240,2011-09-27 14:40:00,0.0,,United Kingdom,,True,False,False,False,True,0.0,2011,9,2011-09,2011Q3,14,40,14:40:00,Afternoon
568567,46000S,POLYESTER FILLER PAD 40x40cm,320,2011-09-27 18:41:00,0.0,,United Kingdom,POLYESTER FILLER PAD 40x40cm,True,False,False,False,True,0.0,2011,9,2011-09,2011Q3,18,41,18:41:00,Afternoon
568567,46000M,POLYESTER FILLER PAD 45x45cm,140,2011-09-27 18:41:00,0.0,,United Kingdom,POLYESTER FILLER PAD 45x45cm,True,False,False,False,True,0.0,2011,9,2011-09,2011Q3,18,41,18:41:00,Afternoon
568724,84816,DANISH ROSE BEDSIDE CABINET,-21,2011-09-28 16:27:00,0.0,,United Kingdom,damages,True,False,False,True,True,-0.0,2011,9,2011-09,2011Q3,16,27,16:27:00,Afternoon
568725,79000,MOROCCAN TEA GLASS,-209,2011-09-28 16:28:00,0.0,,United Kingdom,,True,False,False,True,True,-0.0,2011,9,2011-09,2011Q3,16,28,16:28:00,Afternoon
568946,22740,POLKADOT PEN,89,2011-09-29 15:01:00,0.0,,United Kingdom,adjustment,True,False,False,False,True,0.0,2011,9,2011-09,2011Q3,15,1,15:01:00,Afternoon
568948,20984,12 PENCILS TALL TUBE POSY,120,2011-09-29 15:13:00,0.0,,United Kingdom,found,True,False,False,False,True,0.0,2011,9,2011-09,2011Q3,15,13,15:13:00,Afternoon
569083,23084,RABBIT NIGHT LIGHT,3,2011-09-30 11:56:00,0.0,,United Kingdom,,True,False,False,False,True,0.0,2011,9,2011-09,2011Q3,11,56,11:56:00,Morning
569098,21098,CHRISTMAS TOILET ROLL,-231,2011-09-30 12:09:00,0.0,,United Kingdom,damages?,True,False,False,True,True,-0.0,2011,9,2011-09,2011Q3,12,9,12:09:00,Morning
569102,21098,CHRISTMAS TOILET ROLL,-129,2011-09-30 12:25:00,0.0,,United Kingdom,,True,False,False,True,True,-0.0,2011,9,2011-09,2011Q3,12,25,12:25:00,Morning
569121,21244,BLUE POLKADOT PLATE ,-38,2011-09-30 13:03:00,0.0,,United Kingdom,,True,False,False,True,True,-0.0,2011,9,2011-09,2011Q3,13,3,13:03:00,Afternoon
569131,22927,GREEN GIANT GARDEN THERMOMETER,-5,2011-09-30 13:49:00,0.0,,United Kingdom,damaged,True,False,False,True,True,-0.0,2011,9,2011-09,2011Q3,13,49,13:49:00,Afternoon
569135,21349,IVY HEART WREATH,5,2011-09-30 14:20:00,0.0,,United Kingdom,,True,False,False,False,True,0.0,2011,9,2011-09,2011Q3,14,20,14:20:00,Afternoon
569256,20774,GREEN FERN NOTEBOOK,-14,2011-10-03 11:15:00,0.0,,United Kingdom,damaged,True,False,False,True,True,-0.0,2011,10,2011-10,2011Q4,11,15,11:15:00,Morning
569335,84660A,WHITE STITCHED WALL CLOCK,-15,2011-10-03 13:57:00,0.0,,United Kingdom,damaged,True,False,False,True,True,-0.0,2011,10,2011-10,2011Q4,13,57,13:57:00,Afternoon
569341,82600,NO SINGING METAL SIGN,-458,2011-10-03 14:19:00,0.0,,United Kingdom,historic computer difference?....se,True,False,False,True,True,-0.0,2011,10,2011-10,2011Q4,14,19,14:19:00,Afternoon
569347,85086A,CANDY SPOT HEART DECORATION,-6,2011-10-03 14:38:00,0.0,,United Kingdom,,True,False,False,True,True,-0.0,2011,10,2011-10,2011Q4,14,38,14:38:00,Afternoon
569375,22829,SWEETHEART WIRE WALL TIDY,3,2011-10-03 16:29:00,0.0,,United Kingdom,,True,False,False,False,True,0.0,2011,10,2011-10,2011Q4,16,29,16:29:00,Afternoon
569376,85106,CUT GLASS HEXAGON T-LIGHT HOLDER,-9,2011-10-03 16:29:00,0.0,,United Kingdom,,True,False,False,True,True,-0.0,2011,10,2011-10,2011Q4,16,29,16:29:00,Afternoon
569377,22784,LANTERN CREAM GAZEBO ,-14,2011-10-03 16:30:00,0.0,,United Kingdom,,True,False,False,True,True,-0.0,2011,10,2011-10,2011Q4,16,30,16:30:00,Afternoon
569378,72799F,IVORY PILLAR CANDLE GOLD FLOCK,-5,2011-10-03 16:31:00,0.0,,United Kingdom,,True,False,False,True,True,-0.0,2011,10,2011-10,2011Q4,16,31,16:31:00,Afternoon
569379,16015,MEDIUM CHINESE STYLE SCISSOR,-69,2011-10-03 16:33:00,0.0,,United Kingdom,,True,False,False,True,True,-0.0,2011,10,2011-10,2011Q4,16,33,16:33:00,Afternoon
569380,21809,CHRISTMAS HANGING TREE WITH BELL,-140,2011-10-03 16:40:00,0.0,,United Kingdom,,True,False,False,True,True,-0.0,2011,10,2011-10,2011Q4,16,40,16:40:00,Afternoon
569381,84660A,WHITE STITCHED WALL CLOCK,15,2011-10-03 16:44:00,0.0,,United Kingdom,,True,False,False,False,True,0.0,2011,10,2011-10,2011Q4,16,44,16:44:00,Afternoon
569391,84625C,BLUE NEW BAROQUE CANDLESTICK CANDLE,-32,2011-10-03 17:13:00,0.0,,United Kingdom,,True,False,False,True,True,-0.0,2011,10,2011-10,2011Q4,17,13,17:13:00,Afternoon
569392,47504K,ENGLISH ROSE GARDEN SECATEURS,-275,2011-10-03 17:15:00,0.0,,United Kingdom,,True,False,False,True,True,-0.0,2011,10,2011-10,2011Q4,17,15,17:15:00,Afternoon
569393,23152,IVORY SWEETHEART WIRE LETTER RACK ,-23,2011-10-03 17:15:00,0.0,,United Kingdom,,True,False,False,True,True,-0.0,2011,10,2011-10,2011Q4,17,15,17:15:00,Afternoon
569394,21163,DO NOT TOUCH MY STUFF DOOR HANGER ,-70,2011-10-03 17:16:00,0.0,,United Kingdom,,True,False,False,True,True,-0.0,2011,10,2011-10,2011Q4,17,16,17:16:00,Afternoon
569458,20984,12 PENCILS TALL TUBE POSY,58,2011-10-04 11:31:00,0.0,,United Kingdom,,True,False,False,False,True,0.0,2011,10,2011-10,2011Q4,11,31,11:31:00,Morning
569463,23268,SET OF 2 CERAMIC CHRISTMAS REINDEER,192,2011-10-04 11:39:00,0.0,,United Kingdom,Lighthouse Trading zero invc incorr,True,False,False,False,True,0.0,2011,10,2011-10,2011Q4,11,39,11:39:00,Morning
569464,23268,SET OF 2 CERAMIC CHRISTMAS REINDEER,-1440,2011-10-04 11:40:00,0.0,,United Kingdom,Incorrect stock entry.,True,False,False,True,True,-0.0,2011,10,2011-10,2011Q4,11,40,11:40:00,Morning
569465,23269,SET OF 2 CERAMIC CHRISTMAS TREES,-1440,2011-10-04 11:41:00,0.0,,United Kingdom,incorrect stock entry.,True,False,False,True,True,-0.0,2011,10,2011-10,2011Q4,11,41,11:41:00,Morning
569466,23270,SET OF 2 CERAMIC PAINTED HEARTS ,-2880,2011-10-04 11:42:00,0.0,,United Kingdom,incorrect stock entry.,True,False,False,True,True,-0.0,2011,10,2011-10,2011Q4,11,42,11:42:00,Morning
569517,23084,RABBIT NIGHT LIGHT,14,2011-10-04 14:14:00,0.0,,United Kingdom,,True,False,False,False,True,0.0,2011,10,2011-10,2011Q4,14,14,14:14:00,Afternoon
569540,21586,KINGS CHOICE GIANT TUBE MATCHES,96,2011-10-04 16:05:00,0.0,,United Kingdom,,True,False,False,False,True,0.0,2011,10,2011-10,2011Q4,16,5,16:05:00,Afternoon
569541,21587,COSY HOUR GIANT TUBE MATCHES,48,2011-10-04 16:06:00,0.0,,United Kingdom,,True,False,False,False,True,0.0,2011,10,2011-10,2011Q4,16,6,16:06:00,Afternoon
569578,23084,RABBIT NIGHT LIGHT,5,2011-10-05 11:06:00,0.0,,United Kingdom,,True,False,False,False,True,0.0,2011,10,2011-10,2011Q4,11,6,11:06:00,Morning
569657,84944,SET OF 6 KASHMIR FOLKART BAUBLES,22,2011-10-05 12:59:00,0.0,,United Kingdom,michel oops,True,False,False,False,True,0.0,2011,10,2011-10,2011Q4,12,59,12:59:00,Morning
569681,84944,SET OF 6 KASHMIR FOLKART BAUBLES,25,2011-10-05 14:31:00,0.0,,United Kingdom,,True,False,False,False,True,0.0,2011,10,2011-10,2011Q4,14,31,14:31:00,Afternoon
569716,22778,GLASS CLOCHE SMALL,2,2011-10-06 08:17:00,0.0,15804,United Kingdom,GLASS CLOCHE SMALL,False,False,False,False,True,0.0,2011,10,2011-10,2011Q4,8,17,08:17:00,Morning
569817,21870,I CAN ONLY PLEASE ONE PERSON MUG,-26,2011-10-06 12:09:00,0.0,,United Kingdom,,True,False,False,True,True,-0.0,2011,10,2011-10,2011Q4,12,9,12:09:00,Morning
569830,23343,JUMBO BAG VINTAGE CHRISTMAS ,800,2011-10-06 12:38:00,0.0,,United Kingdom,wrongly coded 20713,True,False,False,False,True,0.0,2011,10,2011-10,2011Q4,12,38,12:38:00,Morning
569831,20713,JUMBO BAG OWLS,-800,2011-10-06 12:38:00,0.0,,United Kingdom,wrongly coded-23343,True,False,False,True,True,-0.0,2011,10,2011-10,2011Q4,12,38,12:38:00,Morning
569854,35954,SMALL FOLKART STAR CHRISTMAS DEC,-430,2011-10-06 14:26:00,0.0,,United Kingdom,counted,True,False,False,True,True,-0.0,2011,10,2011-10,2011Q4,14,26,14:26:00,Afternoon
569855,23412,HEART MIRROR ANTIQUE WHITE,-30,2011-10-06 14:27:00,0.0,,United Kingdom,?,True,False,False,True,True,-0.0,2011,10,2011-10,2011Q4,14,27,14:27:00,Afternoon
569874,90180A,BLACK+WHITE NECKLACE W TASSEL,-32,2011-10-06 15:06:00,0.0,,United Kingdom,stock check,True,False,False,True,True,-0.0,2011,10,2011-10,2011Q4,15,6,15:06:00,Afternoon
569875,90195A,PURPLE GEMSTONE BRACELET,-45,2011-10-06 15:07:00,0.0,,United Kingdom,check,True,False,False,True,True,-0.0,2011,10,2011-10,2011Q4,15,7,15:07:00,Afternoon
569876,90210D,PURPLE ACRYLIC FACETED BANGLE,-28,2011-10-06 15:08:00,0.0,,United Kingdom,check,True,False,False,True,True,-0.0,2011,10,2011-10,2011Q4,15,8,15:08:00,Afternoon
569877,90210C,RED   ACRYLIC FACETED BANGLE,-10,2011-10-06 15:09:00,0.0,,United Kingdom,,True,False,False,True,True,-0.0,2011,10,2011-10,2011Q4,15,9,15:09:00,Afternoon
569878,90057,DIAMANTE RING ASSORTED IN BOX.,-380,2011-10-06 15:12:00,0.0,,United Kingdom,crushed boxes,True,False,False,True,True,-0.0,2011,10,2011-10,2011Q4,15,12,15:12:00,Afternoon
569879,90012B,BLACK DROP CRYSTAL NECKLACE,-5,2011-10-06 15:13:00,0.0,,United Kingdom,check,True,False,False,True,True,-0.0,2011,10,2011-10,2011Q4,15,13,15:13:00,Afternoon
569880,90012A,MIDNIGHT BLUE DROP CRYSTAL NECKLACE,-18,2011-10-06 15:14:00,0.0,,United Kingdom,stock check,True,False,False,True,True,-0.0,2011,10,2011-10,2011Q4,15,14,15:14:00,Afternoon
569881,90014C,SILVER AND BLACK ORBIT NECKLACE,-8,2011-10-06 15:14:00,0.0,,United Kingdom,,True,False,False,True,True,-0.0,2011,10,2011-10,2011Q4,15,14,15:14:00,Afternoon
569882,90014B,GOLD M PEARL  ORBIT NECKLACE,-1,2011-10-06 15:15:00,0.0,,United Kingdom,,True,False,False,True,True,-0.0,2011,10,2011-10,2011Q4,15,15,15:15:00,Afternoon
569883,90014A,SILVER/MOP ORBIT NECKLACE,-12,2011-10-06 15:16:00,0.0,,United Kingdom,check,True,False,False,True,True,-0.0,2011,10,2011-10,2011Q4,15,16,15:16:00,Afternoon
569884,90164B,WHITE  ROSEBUD PEARL BRACELET,-14,2011-10-06 15:16:00,0.0,,United Kingdom,,True,False,False,True,True,-0.0,2011,10,2011-10,2011Q4,15,16,15:16:00,Afternoon
569885,90164A,PINK ROSEBUD PEARL BRACELET,-15,2011-10-06 15:17:00,0.0,,United Kingdom,,True,False,False,True,True,-0.0,2011,10,2011-10,2011Q4,15,17,15:17:00,Afternoon
569886,90191,SILVER LARIAT 40CM,-60,2011-10-06 15:24:00,0.0,,United Kingdom,??,True,False,False,True,True,-0.0,2011,10,2011-10,2011Q4,15,24,15:24:00,Afternoon
569895,23348,CHILDRENS TOY COOKING UTENSIL SET,420,2011-10-06 15:55:00,0.0,,United Kingdom,,True,False,False,False,True,0.0,2011,10,2011-10,2011Q4,15,55,15:55:00,Afternoon
569924,22837,HOT WATER BOTTLE BABUSHKA ,9,2011-10-06 17:44:00,0.0,,United Kingdom,,True,False,False,False,True,0.0,2011,10,2011-10,2011Q4,17,44,17:44:00,Afternoon
569925,21067,VINTAGE RED TEATIME MUG,6,2011-10-06 17:45:00,0.0,,United Kingdom,,True,False,False,False,True,0.0,2011,10,2011-10,2011Q4,17,45,17:45:00,Afternoon
569926,35815P,"ACRYLIC JEWEL SNOWFLAKE, PINK",6,2011-10-06 17:45:00,0.0,,United Kingdom,,True,False,False,False,True,0.0,2011,10,2011-10,2011Q4,17,45,17:45:00,Afternoon
569927,22171,3 HOOK PHOTO SHELF ANTIQUE WHITE,9,2011-10-06 17:45:00,0.0,,United Kingdom,,True,False,False,False,True,0.0,2011,10,2011-10,2011Q4,17,45,17:45:00,Afternoon
569928,22062,CERAMIC BOWL WITH LOVE HEART DESIGN,16,2011-10-06 17:49:00,0.0,,United Kingdom,,True,False,False,False,True,0.0,2011,10,2011-10,2011Q4,17,49,17:49:00,Afternoon
569929,22084,PAPER CHAIN KIT EMPIRE,2,2011-10-06 17:50:00,0.0,,United Kingdom,,True,False,False,False,True,0.0,2011,10,2011-10,2011Q4,17,50,17:50:00,Afternoon
569930,35914,PINK CHICK EGG WARMER + EGG CUP,2,2011-10-06 17:50:00,0.0,,United Kingdom,,True,False,False,False,True,0.0,2011,10,2011-10,2011Q4,17,50,17:50:00,Afternoon
569931,37370,RETRO COFFEE MUGS ASSORTED,18,2011-10-06 17:50:00,0.0,,United Kingdom,,True,False,False,False,True,0.0,2011,10,2011-10,2011Q4,17,50,17:50:00,Afternoon
569933,84849D,HOT BATHS SOAP HOLDER,101,2011-10-06 17:51:00,0.0,,United Kingdom,,True,False,False,False,True,0.0,2011,10,2011-10,2011Q4,17,51,17:51:00,Afternoon
569934,85049D,BRIGHT BLUES RIBBONS ,1,2011-10-06 17:51:00,0.0,,United Kingdom,,True,False,False,False,True,0.0,2011,10,2011-10,2011Q4,17,51,17:51:00,Afternoon
569935,90209B,GREEN ENAMEL+GLASS HAIR COMB,1,2011-10-06 17:52:00,0.0,,United Kingdom,,True,False,False,False,True,0.0,2011,10,2011-10,2011Q4,17,52,17:52:00,Afternoon
569937,90209C,PINK ENAMEL+GLASS HAIR COMB,1,2011-10-06 17:52:00,0.0,,United Kingdom,,True,False,False,False,True,0.0,2011,10,2011-10,2011Q4,17,52,17:52:00,Afternoon
569947,22062,CERAMIC BOWL WITH LOVE HEART DESIGN,20,2011-10-06 18:20:00,0.0,,United Kingdom,,True,False,False,False,True,0.0,2011,10,2011-10,2011Q4,18,20,18:20:00,Afternoon
570013,21395,BLUE POLKADOT BEAKER ,-38,2011-10-07 09:55:00,0.0,,United Kingdom,,True,False,False,True,True,-0.0,2011,10,2011-10,2011Q4,9,55,09:55:00,Morning
570015,21394,RED POLKADOT BEAKER ,42,2011-10-07 09:56:00,0.0,,United Kingdom,,True,False,False,False,True,0.0,2011,10,2011-10,2011Q4,9,56,09:56:00,Morning
570065,22688,DOORMAT PEACE ON EARTH BLUE,2,2011-10-07 11:07:00,0.0,,United Kingdom,,True,False,False,False,True,0.0,2011,10,2011-10,2011Q4,11,7,11:07:00,Morning
570110,22570,FELTCRAFT CUSHION RABBIT,-74,2011-10-07 12:27:00,0.0,,United Kingdom,?,True,False,False,True,True,-0.0,2011,10,2011-10,2011Q4,12,27,12:27:00,Morning
570112,22569,FELTCRAFT CUSHION BUTTERFLY,-84,2011-10-07 12:29:00,0.0,,United Kingdom,?,True,False,False,True,True,-0.0,2011,10,2011-10,2011Q4,12,29,12:29:00,Morning
570120,22570,FELTCRAFT CUSHION RABBIT,6,2011-10-07 12:49:00,0.0,,United Kingdom,,True,False,False,False,True,0.0,2011,10,2011-10,2011Q4,12,49,12:49:00,Morning
570185,21090,SET/6 COLLAGE PAPER PLATES,-192,2011-10-07 14:56:00,0.0,,United Kingdom,WET/MOULDY,True,False,False,True,True,-0.0,2011,10,2011-10,2011Q4,14,56,14:56:00,Afternoon
570193,22449,SILK PURSE BABUSHKA PINK,-125,2011-10-07 15:32:00,0.0,,United Kingdom,can't find,True,False,False,True,True,-0.0,2011,10,2011-10,2011Q4,15,32,15:32:00,Afternoon
570198,47504K,ENGLISH ROSE GARDEN SECATEURS,72,2011-10-07 15:50:00,0.0,,United Kingdom,,True,False,False,False,True,0.0,2011,10,2011-10,2011Q4,15,50,15:50:00,Afternoon
570259,22336,DOVE DECORATION PAINTED ZINC ,-114,2011-10-10 09:59:00,0.0,,United Kingdom,,True,False,False,True,True,-0.0,2011,10,2011-10,2011Q4,9,59,09:59:00,Morning
570260,35933,PINK STOCKING CHRISTMAS DECORATION,-34,2011-10-10 10:00:00,0.0,,United Kingdom,,True,False,False,True,True,-0.0,2011,10,2011-10,2011Q4,10,0,10:00:00,Morning
570261,35933,PINK STOCKING CHRISTMAS DECORATION,10,2011-10-10 10:00:00,0.0,,United Kingdom,,True,False,False,False,True,0.0,2011,10,2011-10,2011Q4,10,0,10:00:00,Morning
570262,35954,SMALL FOLKART STAR CHRISTMAS DEC,-80,2011-10-10 10:00:00,0.0,,United Kingdom,,True,False,False,True,True,-0.0,2011,10,2011-10,2011Q4,10,0,10:00:00,Morning
570263,23412,HEART MIRROR ANTIQUE WHITE,2,2011-10-10 10:00:00,0.0,,United Kingdom,,True,False,False,False,True,0.0,2011,10,2011-10,2011Q4,10,0,10:00:00,Morning
570264,21288,STRIPEY CHOCOLATE NESTING BOXES,-22,2011-10-10 10:03:00,0.0,,United Kingdom,,True,False,False,True,True,-0.0,2011,10,2011-10,2011Q4,10,3,10:03:00,Morning
570294,84249A,"GREETING CARD,SQUARE, DOUGHNUTS",-25,2011-10-10 12:00:00,0.0,,United Kingdom,damaged,True,False,False,True,True,-0.0,2011,10,2011-10,2011Q4,12,0,12:00:00,Morning
570403,47574A,ENGLISH ROSE SCENTED HANGING FLOWER,-61,2011-10-10 12:45:00,0.0,,United Kingdom,check,True,False,False,True,True,-0.0,2011,10,2011-10,2011Q4,12,45,12:45:00,Morning
570440,21424,WOODLAND STORAGE BOX LARGE ,-40,2011-10-10 14:31:00,0.0,,United Kingdom,damages,True,False,False,True,True,-0.0,2011,10,2011-10,2011Q4,14,31,14:31:00,Afternoon
570451,37467,PIG MUG IN TWO COLOUR DESIGNS,15,2011-10-10 15:15:00,0.0,,United Kingdom,,True,False,False,False,True,0.0,2011,10,2011-10,2011Q4,15,15,15:15:00,Afternoon
570518,23268,SET OF 2 CERAMIC CHRISTMAS REINDEER,4,2011-10-11 10:41:00,0.0,,United Kingdom,,True,False,False,False,True,0.0,2011,10,2011-10,2011Q4,10,41,10:41:00,Morning
570519,21244,BLUE POLKADOT PLATE ,5,2011-10-11 10:42:00,0.0,,United Kingdom,,True,False,False,False,True,0.0,2011,10,2011-10,2011Q4,10,42,10:42:00,Morning
570520,23412,HEART MIRROR ANTIQUE WHITE,2,2011-10-11 10:43:00,0.0,,United Kingdom,,True,False,False,False,True,0.0,2011,10,2011-10,2011Q4,10,43,10:43:00,Morning
570595,21823,PAINTED METAL HEART WITH HOLLY BELL,-94,2011-10-11 11:47:00,0.0,,United Kingdom,check,True,False,False,True,True,-0.0,2011,10,2011-10,2011Q4,11,47,11:47:00,Morning
570596,21803,CHRISTMAS TREE STAR DECORATION,-38,2011-10-11 11:48:00,0.0,,United Kingdom,check,True,False,False,True,True,-0.0,2011,10,2011-10,2011Q4,11,48,11:48:00,Morning
570599,84596G,SMALL CHOCOLATES PINK BOWL,-365,2011-10-11 12:00:00,0.0,,United Kingdom,??,True,False,False,True,True,-0.0,2011,10,2011-10,2011Q4,12,0,12:00:00,Morning
570645,84247E,PACK OF 12 CHRISTMAS FUN CARDS,24,2011-10-11 12:44:00,0.0,,United Kingdom,,True,False,False,False,True,0.0,2011,10,2011-10,2011Q4,12,44,12:44:00,Morning
570691,85231G,ORANGE SCENTED SET/9 T-LIGHTS,-110,2011-10-11 16:44:00,0.0,,United Kingdom,check,True,False,False,True,True,-0.0,2011,10,2011-10,2011Q4,16,44,16:44:00,Afternoon
570709,21098,CHRISTMAS TOILET ROLL,19,2011-10-12 10:13:00,0.0,,United Kingdom,,True,False,False,False,True,0.0,2011,10,2011-10,2011Q4,10,13,10:13:00,Morning
570710,21918,SET 12 KIDS COLOUR  CHALK STICKS,10,2011-10-12 10:13:00,0.0,,United Kingdom,,True,False,False,False,True,0.0,2011,10,2011-10,2011Q4,10,13,10:13:00,Morning
570711,21622,VINTAGE UNION JACK CUSHION COVER,-45,2011-10-12 10:14:00,0.0,,United Kingdom,damages,True,False,False,True,True,-0.0,2011,10,2011-10,2011Q4,10,14,10:14:00,Morning
570712,22121,NOEL WOODEN BLOCK LETTERS ,-90,2011-10-12 10:15:00,0.0,,United Kingdom,?,True,False,False,True,True,-0.0,2011,10,2011-10,2011Q4,10,15,10:15:00,Morning
570822,22501,PICNIC BASKET WICKER LARGE,24,2011-10-12 12:52:00,0.0,,United Kingdom,Found,True,False,False,False,True,0.0,2011,10,2011-10,2011Q4,12,52,12:52:00,Morning
570860,16168M,FUNKY MONKEY GIFT BAG MEDIUM,44,2011-10-12 15:25:00,0.0,,United Kingdom,found,True,False,False,False,True,0.0,2011,10,2011-10,2011Q4,15,25,15:25:00,Afternoon
570868,21311,SET/4 BIRD MIRROR MAGNETS ,96,2011-10-12 16:18:00,0.0,,United Kingdom,,True,False,False,False,True,0.0,2011,10,2011-10,2011Q4,16,18,16:18:00,Afternoon
570869,79164,BLACK WINE GLASS,36,2011-10-12 16:21:00,0.0,,United Kingdom,,True,False,False,False,True,0.0,2011,10,2011-10,2011Q4,16,21,16:21:00,Afternoon
570873,23322,LARGE WHITE HEART OF WICKER,-40,2011-10-12 16:41:00,0.0,,United Kingdom,mouldy,True,False,False,True,True,-0.0,2011,10,2011-10,2011Q4,16,41,16:41:00,Afternoon
570874,23020,GLASS  SONGBIRD STORAGE JAR,-4,2011-10-12 16:42:00,0.0,,United Kingdom,smashed,True,False,False,True,True,-0.0,2011,10,2011-10,2011Q4,16,42,16:42:00,Afternoon
571010,22848,BREAD BIN DINER STYLE PINK,-16,2011-10-13 12:13:00,0.0,,United Kingdom,,True,False,False,True,True,-0.0,2011,10,2011-10,2011Q4,12,13,12:13:00,Morning
571011,21078,SET/20 STRAWBERRY PAPER NAPKINS ,-207,2011-10-13 12:13:00,0.0,,United Kingdom,,True,False,False,True,True,-0.0,2011,10,2011-10,2011Q4,12,13,12:13:00,Morning
571012,21402,RED  EGG  SPOON,-147,2011-10-13 12:15:00,0.0,,United Kingdom,,True,False,False,True,True,-0.0,2011,10,2011-10,2011Q4,12,15,12:15:00,Morning
571013,23306,SET OF 36 DOILIES PANTRY DESIGN,-104,2011-10-13 12:16:00,0.0,,United Kingdom,,True,False,False,True,True,-0.0,2011,10,2011-10,2011Q4,12,16,12:16:00,Morning
571016,84596G,SMALL CHOCOLATES PINK BOWL,288,2011-10-13 12:17:00,0.0,,United Kingdom,,True,False,False,False,True,0.0,2011,10,2011-10,2011Q4,12,17,12:17:00,Morning
571024,22812,PACK 3 BOXES CHRISTMAS PANNETONE,-270,2011-10-13 12:18:00,0.0,,United Kingdom,?,True,False,False,True,True,-0.0,2011,10,2011-10,2011Q4,12,18,12:18:00,Morning
571027,72816,SET/3 CHRISTMAS DECOUPAGE CANDLES,-36,2011-10-13 12:19:00,0.0,,United Kingdom,,True,False,False,True,True,-0.0,2011,10,2011-10,2011Q4,12,19,12:19:00,Morning
571035,M,Manual,1,2011-10-13 12:50:00,0.0,12446,RSA,Manual,False,False,False,False,True,0.0,2011,10,2011-10,2011Q4,12,50,12:50:00,Morning
571037,20669,RED HEART LUGGAGE TAG,-25,2011-10-13 12:58:00,0.0,,United Kingdom,,True,False,False,True,True,-0.0,2011,10,2011-10,2011Q4,12,58,12:58:00,Morning
571042,23306,SET OF 36 DOILIES PANTRY DESIGN,48,2011-10-13 13:04:00,0.0,,United Kingdom,,True,False,False,False,True,0.0,2011,10,2011-10,2011Q4,13,4,13:04:00,Afternoon
571112,22637,PIGGY BANK RETROSPOT ,-65,2011-10-13 17:36:00,0.0,,United Kingdom,damages,True,False,False,True,True,-0.0,2011,10,2011-10,2011Q4,17,36,17:36:00,Afternoon
571113,21407,BROWN CHECK CAT DOORSTOP ,-19,2011-10-13 17:37:00,0.0,,United Kingdom,,True,False,False,True,True,-0.0,2011,10,2011-10,2011Q4,17,37,17:37:00,Afternoon
571114,23159,SET OF 5 PANCAKE DAY MAGNETS,-99,2011-10-13 17:40:00,0.0,,United Kingdom,,True,False,False,True,True,-0.0,2011,10,2011-10,2011Q4,17,40,17:40:00,Afternoon
571115,82567,"AIRLINE LOUNGE,METAL SIGN",-73,2011-10-13 17:40:00,0.0,,United Kingdom,,True,False,False,True,True,-0.0,2011,10,2011-10,2011Q4,17,40,17:40:00,Afternoon
571116,23131,MISTLETOE HEART WREATH CREAM,-49,2011-10-13 17:46:00,0.0,,United Kingdom,?,True,False,False,True,True,-0.0,2011,10,2011-10,2011Q4,17,46,17:46:00,Afternoon
571124,72802A,ROSE SCENT CANDLE IN JEWELLED BOX,-306,2011-10-14 09:36:00,0.0,,United Kingdom,Wet pallet-thrown away,True,False,False,True,True,-0.0,2011,10,2011-10,2011Q4,9,36,09:36:00,Morning
571126,72802A,ROSE SCENT CANDLE IN JEWELLED BOX,-50,2011-10-14 09:53:00,0.0,,United Kingdom,?,True,False,False,True,True,-0.0,2011,10,2011-10,2011Q4,9,53,09:53:00,Morning
571128,72802A,ROSE SCENT CANDLE IN JEWELLED BOX,54,2011-10-14 10:03:00,0.0,,United Kingdom,Had been put aside.,True,False,False,False,True,0.0,2011,10,2011-10,2011Q4,10,3,10:03:00,Morning
571130,72802C,VANILLA SCENT CANDLE JEWELLED BOX,-37,2011-10-14 10:05:00,0.0,,United Kingdom,check,True,False,False,True,True,-0.0,2011,10,2011-10,2011Q4,10,5,10:05:00,Morning
571131,72802B,OCEAN SCENT CANDLE IN JEWELLED BOX,-51,2011-10-14 10:13:00,0.0,,United Kingdom,check,True,False,False,True,True,-0.0,2011,10,2011-10,2011Q4,10,13,10:13:00,Morning
571198,21190,PINK HEARTS PAPER GARLAND,48,2011-10-14 12:16:00,0.0,,United Kingdom,,True,False,False,False,True,0.0,2011,10,2011-10,2011Q4,12,16,12:16:00,Morning
571249,23084,RABBIT NIGHT LIGHT,6,2011-10-14 16:25:00,0.0,,United Kingdom,,True,False,False,False,True,0.0,2011,10,2011-10,2011Q4,16,25,16:25:00,Afternoon
571254,23427,STOOL HOME SWEET HOME ,-2,2011-10-14 17:07:00,0.0,,United Kingdom,damaged,True,False,False,True,True,-0.0,2011,10,2011-10,2011Q4,17,7,17:07:00,Afternoon
571458,21761,WOOD AND GLASS MEDICINE CABINET,-2,2011-10-17 14:02:00,0.0,,United Kingdom,damaged,True,False,False,True,True,-0.0,2011,10,2011-10,2011Q4,14,2,14:02:00,Afternoon
571459,20839,FRENCH PAISLEY CUSHION COVER ,-80,2011-10-17 14:03:00,0.0,,United Kingdom,damages,True,False,False,True,True,-0.0,2011,10,2011-10,2011Q4,14,3,14:03:00,Afternoon
571460,46775D,SUNSET COLOUR CHUNKY KNITTED THROW,6,2011-10-17 14:06:00,0.0,,United Kingdom,,True,False,False,False,True,0.0,2011,10,2011-10,2011Q4,14,6,14:06:00,Afternoon
571633,20713,JUMBO BAG OWLS,100,2011-10-18 11:27:00,0.0,,United Kingdom,found,True,False,False,False,True,0.0,2011,10,2011-10,2011Q4,11,27,11:27:00,Morning
571674,23702,High Resolution Image,100,2011-10-18 13:22:00,0.0,,United Kingdom,,True,False,False,False,True,0.0,2011,10,2011-10,2011Q4,13,22,13:22:00,Afternoon
571686,22149,FELTCRAFT 6 FLOWER FRIENDS,-40,2011-10-18 14:22:00,0.0,,United Kingdom,damages,True,False,False,True,True,-0.0,2011,10,2011-10,2011Q4,14,22,14:22:00,Afternoon
571687,22149,FELTCRAFT 6 FLOWER FRIENDS,-46,2011-10-18 14:23:00,0.0,,United Kingdom,check,True,False,False,True,True,-0.0,2011,10,2011-10,2011Q4,14,23,14:23:00,Afternoon
571688,22149,FELTCRAFT 6 FLOWER FRIENDS,46,2011-10-18 14:24:00,0.0,,United Kingdom,,True,False,False,False,True,0.0,2011,10,2011-10,2011Q4,14,24,14:24:00,Afternoon
571689,85135B,BLUE DRAGONFLY HELICOPTER,-27,2011-10-18 14:28:00,0.0,,United Kingdom,,True,False,False,True,True,-0.0,2011,10,2011-10,2011Q4,14,28,14:28:00,Afternoon
571704,23579,SNACK TRAY I LOVE LONDON,4,2011-10-18 15:15:00,0.0,,United Kingdom,Sale error,True,False,False,False,True,0.0,2011,10,2011-10,2011Q4,15,15,15:15:00,Afternoon
571718,21801,CHRISTMAS TREE DECORATION WITH BELL,5,2011-10-18 17:29:00,0.0,,United Kingdom,,True,False,False,False,True,0.0,2011,10,2011-10,2011Q4,17,29,17:29:00,Afternoon
571719,22729,ALARM CLOCK BAKELIKE ORANGE,7,2011-10-18 17:29:00,0.0,,United Kingdom,,True,False,False,False,True,0.0,2011,10,2011-10,2011Q4,17,29,17:29:00,Afternoon
571720,85211,S/4 GROOVY CAT MAGNETS,3,2011-10-18 17:29:00,0.0,,United Kingdom,,True,False,False,False,True,0.0,2011,10,2011-10,2011Q4,17,29,17:29:00,Afternoon
571721,21738,COSY SLIPPER SHOES SMALL  RED ,2,2011-10-18 17:30:00,0.0,,United Kingdom,,True,False,False,False,True,0.0,2011,10,2011-10,2011Q4,17,30,17:30:00,Afternoon
571722,22062,CERAMIC BOWL WITH LOVE HEART DESIGN,1,2011-10-18 17:30:00,0.0,,United Kingdom,,True,False,False,False,True,0.0,2011,10,2011-10,2011Q4,17,30,17:30:00,Afternoon
571723,85211,S/4 GROOVY CAT MAGNETS,-1,2011-10-18 17:30:00,0.0,,United Kingdom,,True,False,False,True,True,-0.0,2011,10,2011-10,2011Q4,17,30,17:30:00,Afternoon
571731,21911,GARDEN METAL SIGN ,1,2011-10-19 09:51:00,0.0,,United Kingdom,,True,False,False,False,True,0.0,2011,10,2011-10,2011Q4,9,51,09:51:00,Morning
571915,21627,ELEPHANT CARNIVAL POUFFE,-32,2011-10-19 15:34:00,0.0,,United Kingdom,check,True,False,False,True,True,-0.0,2011,10,2011-10,2011Q4,15,34,15:34:00,Afternoon
572239,84247E,PACK OF 12 CHRISTMAS FUN CARDS,1,2011-10-21 15:15:00,0.0,,United Kingdom,,True,False,False,False,True,0.0,2011,10,2011-10,2011Q4,15,15,15:15:00,Afternoon
572341,85036A,GARDENIA 1 WICK MORRIS BOXED CANDLE,-82,2011-10-24 10:36:00,0.0,,United Kingdom,,True,False,False,True,True,-0.0,2011,10,2011-10,2011Q4,10,36,10:36:00,Morning
572345,20713,JUMBO BAG OWLS,100,2011-10-24 10:53:00,0.0,,United Kingdom,Found,True,False,False,False,True,0.0,2011,10,2011-10,2011Q4,10,53,10:53:00,Morning
572468,72803A,ROSE SCENT CANDLE JEWELLED DRAWER,-160,2011-10-24 13:30:00,0.0,,United Kingdom,damages,True,False,False,True,True,-0.0,2011,10,2011-10,2011Q4,13,30,13:30:00,Afternoon
572476,20665,RED RETROSPOT PURSE ,21,2011-10-24 13:39:00,0.0,,United Kingdom,dotcom,True,False,False,False,True,0.0,2011,10,2011-10,2011Q4,13,39,13:39:00,Afternoon
572477,20665,RED RETROSPOT PURSE ,-15,2011-10-24 13:39:00,0.0,,United Kingdom,adjustment,True,False,False,True,True,-0.0,2011,10,2011-10,2011Q4,13,39,13:39:00,Afternoon
572480,22049,WRAP CHRISTMAS SCREEN PRINT,-100,2011-10-24 13:44:00,0.0,,United Kingdom,damaged,True,False,False,True,True,-0.0,2011,10,2011-10,2011Q4,13,44,13:44:00,Afternoon
572510,20967,GREY FLORAL FELTCRAFT SHOULDER BAG,1,2011-10-24 14:27:00,0.0,,United Kingdom,Amazon Adjustment,True,False,False,False,True,0.0,2011,10,2011-10,2011Q4,14,27,14:27:00,Afternoon
572514,20774,GREEN FERN NOTEBOOK,-4,2011-10-24 14:36:00,0.0,,United Kingdom,,True,False,False,True,True,-0.0,2011,10,2011-10,2011Q4,14,36,14:36:00,Afternoon
572516,22336,DOVE DECORATION PAINTED ZINC ,-71,2011-10-24 14:45:00,0.0,,United Kingdom,damaged,True,False,False,True,True,-0.0,2011,10,2011-10,2011Q4,14,45,14:45:00,Afternoon
572527,20984,12 PENCILS TALL TUBE POSY,-46,2011-10-24 15:35:00,0.0,,United Kingdom,damaged,True,False,False,True,True,-0.0,2011,10,2011-10,2011Q4,15,35,15:35:00,Afternoon
572533,84877D,BLUE ROUND COMPACT MIRROR,-1,2011-10-24 16:06:00,0.0,,United Kingdom,,True,False,False,True,True,-0.0,2011,10,2011-10,2011Q4,16,6,16:06:00,Afternoon
572534,35597D,,-2,2011-10-24 16:07:00,0.0,,United Kingdom,,True,True,False,True,True,-0.0,2011,10,2011-10,2011Q4,16,7,16:07:00,Afternoon
572536,21294,ETCHED GLASS COASTER,-8,2011-10-24 16:08:00,0.0,,United Kingdom,,True,False,False,True,True,-0.0,2011,10,2011-10,2011Q4,16,8,16:08:00,Afternoon
572537,37327,ASSTD MULTICOLOUR CIRCLES MUG,2,2011-10-24 16:09:00,0.0,,United Kingdom,,True,False,False,False,True,0.0,2011,10,2011-10,2011Q4,16,9,16:09:00,Afternoon
572539,79030D,TUMBLER BAROQUE,13,2011-10-24 16:10:00,0.0,,United Kingdom,,True,False,False,False,True,0.0,2011,10,2011-10,2011Q4,16,10,16:10:00,Afternoon
572543,22570,FELTCRAFT CUSHION RABBIT,-32,2011-10-24 16:24:00,0.0,,United Kingdom,,True,False,False,True,True,-0.0,2011,10,2011-10,2011Q4,16,24,16:24:00,Afternoon
572547,20713,JUMBO BAG OWLS,200,2011-10-24 17:01:00,0.0,,United Kingdom,wrongly marked 23343,True,False,False,False,True,0.0,2011,10,2011-10,2011Q4,17,1,17:01:00,Afternoon
572548,23343,JUMBO BAG VINTAGE CHRISTMAS ,-200,2011-10-24 17:01:00,0.0,,United Kingdom,20713 wrongly marked,True,False,False,True,True,-0.0,2011,10,2011-10,2011Q4,17,1,17:01:00,Afternoon
572557,22427,ENAMEL FLOWER JUG CREAM,-29,2011-10-24 17:44:00,0.0,,United Kingdom,damages,True,False,False,True,True,-0.0,2011,10,2011-10,2011Q4,17,44,17:44:00,Afternoon
572564,40016,CHINESE DRAGON PAPER LANTERNS,-108,2011-10-25 09:56:00,0.0,,United Kingdom,,True,False,False,True,True,-0.0,2011,10,2011-10,2011Q4,9,56,09:56:00,Morning
572614,23595,adjustment,5,2011-10-25 11:38:00,0.0,,United Kingdom,adjustment,True,False,False,False,True,0.0,2011,10,2011-10,2011Q4,11,38,11:38:00,Morning
572615,23595,adjustment,-5,2011-10-25 11:39:00,0.0,,United Kingdom,re-adjustment,True,False,False,True,True,-0.0,2011,10,2011-10,2011Q4,11,39,11:39:00,Morning
572684,23029,DRAWER KNOB CRACKLE GLAZE GREEN,-20,2011-10-25 14:00:00,0.0,,United Kingdom,damages,True,False,False,True,True,-0.0,2011,10,2011-10,2011Q4,14,0,14:00:00,Afternoon
572685,23032,DRAWER KNOB CRACKLE GLAZE IVORY,-60,2011-10-25 14:01:00,0.0,,United Kingdom,damages,True,False,False,True,True,-0.0,2011,10,2011-10,2011Q4,14,1,14:01:00,Afternoon
572686,23118,PARISIENNE JEWELLERY DRAWER ,-30,2011-10-25 14:03:00,0.0,,United Kingdom,Breakages,True,False,False,True,True,-0.0,2011,10,2011-10,2011Q4,14,3,14:03:00,Afternoon
572687,20840,FRENCH FLORAL CUSHION COVER ,-30,2011-10-25 14:05:00,0.0,,United Kingdom,damages,True,False,False,True,True,-0.0,2011,10,2011-10,2011Q4,14,5,14:05:00,Afternoon
572689,84969,BOX OF 6 ASSORTED COLOUR TEASPOONS,-50,2011-10-25 14:13:00,0.0,,United Kingdom,check,True,False,False,True,True,-0.0,2011,10,2011-10,2011Q4,14,13,14:13:00,Afternoon
572690,21539,RED RETROSPOT BUTTER DISH,-111,2011-10-25 14:14:00,0.0,,United Kingdom,damages?,True,False,False,True,True,-0.0,2011,10,2011-10,2011Q4,14,14,14:14:00,Afternoon
572691,22426,ENAMEL WASH BOWL CREAM,-15,2011-10-25 14:15:00,0.0,,United Kingdom,check,True,False,False,True,True,-0.0,2011,10,2011-10,2011Q4,14,15,14:15:00,Afternoon
572692,21071,VINTAGE BILLBOARD DRINK ME MUG,-82,2011-10-25 14:16:00,0.0,,United Kingdom,check,True,False,False,True,True,-0.0,2011,10,2011-10,2011Q4,14,16,14:16:00,Afternoon
572693,35810A,ENAMEL PINK COFFEE CONTAINER,-78,2011-10-25 14:20:00,0.0,,United Kingdom,check,True,False,False,True,True,-0.0,2011,10,2011-10,2011Q4,14,20,14:20:00,Afternoon
572694,35810B,ENAMEL BLUE RIM COFFEE CONTAINER,12,2011-10-25 14:21:00,0.0,,United Kingdom,,True,False,False,False,True,0.0,2011,10,2011-10,2011Q4,14,21,14:21:00,Afternoon
572697,22087,PAPER BUNTING WHITE LACE,6,2011-10-25 14:24:00,0.0,,United Kingdom,Amazon,True,False,False,False,True,0.0,2011,10,2011-10,2011Q4,14,24,14:24:00,Afternoon
572698,82613A,"METAL SIGN,CUPCAKE SINGLE HOOK",1,2011-10-25 14:25:00,0.0,,United Kingdom,Amazon,True,False,False,False,True,0.0,2011,10,2011-10,2011Q4,14,25,14:25:00,Afternoon
572699,72818,CHRISTMAS DECOUPAGE CANDLE,-48,2011-10-25 14:26:00,0.0,,United Kingdom,,True,False,False,True,True,-0.0,2011,10,2011-10,2011Q4,14,26,14:26:00,Afternoon
572700,72818,CHRISTMAS DECOUPAGE CANDLE,1,2011-10-25 14:26:00,0.0,,United Kingdom,,True,False,False,False,True,0.0,2011,10,2011-10,2011Q4,14,26,14:26:00,Afternoon
572701,85078,SCANDINAVIAN 3 HEARTS NAPKIN RING,-840,2011-10-25 14:31:00,0.0,,United Kingdom,missing,True,False,False,True,True,-0.0,2011,10,2011-10,2011Q4,14,31,14:31:00,Afternoon
572702,37479P,CUBIC MUG FLOCK PINK ON BROWN,-184,2011-10-25 14:33:00,0.0,,United Kingdom,??,True,False,False,True,True,-0.0,2011,10,2011-10,2011Q4,14,33,14:33:00,Afternoon
572716,22829,SWEETHEART WIRE WALL TIDY,2,2011-10-25 14:46:00,0.0,,United Kingdom,,True,False,False,False,True,0.0,2011,10,2011-10,2011Q4,14,46,14:46:00,Afternoon
572723,21829,DINOSAUR KEYRINGS ASSORTED,12,2011-10-25 15:13:00,0.0,,United Kingdom,adjustment,True,False,False,False,True,0.0,2011,10,2011-10,2011Q4,15,13,15:13:00,Afternoon
572724,84507C,BLUE CIRCLES DESIGN MONKEY DOLL,4,2011-10-25 15:14:00,0.0,,United Kingdom,adjustment,True,False,False,False,True,0.0,2011,10,2011-10,2011Q4,15,14,15:14:00,Afternoon
572725,20754,RETROSPOT RED WASHING UP GLOVES,57,2011-10-25 15:14:00,0.0,,United Kingdom,Found,True,False,False,False,True,0.0,2011,10,2011-10,2011Q4,15,14,15:14:00,Afternoon
572731,35914,PINK CHICK EGG WARMER + EGG CUP,2,2011-10-25 15:20:00,0.0,,United Kingdom,,True,False,False,False,True,0.0,2011,10,2011-10,2011Q4,15,20,15:20:00,Afternoon
572739,21578,WOODLAND DESIGN  COTTON TOTE BAG,16,2011-10-25 15:44:00,0.0,,United Kingdom,found,True,False,False,False,True,0.0,2011,10,2011-10,2011Q4,15,44,15:44:00,Afternoon
572740,22687,DOORMAT CHRISTMAS VILLAGE,1,2011-10-25 15:45:00,0.0,,United Kingdom,adjustment,True,False,False,False,True,0.0,2011,10,2011-10,2011Q4,15,45,15:45:00,Afternoon
572748,21824,PAINTED METAL STAR WITH HOLLY BELLS,-103,2011-10-25 16:50:00,0.0,,United Kingdom,check,True,False,False,True,True,-0.0,2011,10,2011-10,2011Q4,16,50,16:50:00,Afternoon
572749,22572,ROCKING HORSE GREEN CHRISTMAS ,-335,2011-10-25 16:52:00,0.0,,United Kingdom,??,True,False,False,True,True,-0.0,2011,10,2011-10,2011Q4,16,52,16:52:00,Afternoon
572759,37468,HARDMAN MUG 3 ASSORTED,-2,2011-10-25 18:45:00,0.0,,United Kingdom,,True,False,False,True,True,-0.0,2011,10,2011-10,2011Q4,18,45,18:45:00,Afternoon
572890,20713,JUMBO BAG OWLS,400,2011-10-26 14:14:00,0.0,,United Kingdom,Marked as 23343,True,False,False,False,True,0.0,2011,10,2011-10,2011Q4,14,14,14:14:00,Afternoon
572891,23343,JUMBO BAG VINTAGE CHRISTMAS ,-400,2011-10-26 14:14:00,0.0,,United Kingdom,20713,True,False,False,True,True,-0.0,2011,10,2011-10,2011Q4,14,14,14:14:00,Afternoon
572893,21208,PASTEL COLOUR HONEYCOMB FAN,5,2011-10-26 14:36:00,0.0,18059,United Kingdom,PASTEL COLOUR HONEYCOMB FAN,False,False,False,False,True,0.0,2011,10,2011-10,2011Q4,14,36,14:36:00,Afternoon
572898,22180,RETROSPOT LAMP,-15,2011-10-26 14:50:00,0.0,,United Kingdom,,True,False,False,True,True,-0.0,2011,10,2011-10,2011Q4,14,50,14:50:00,Afternoon
572919,72802C,VANILLA SCENT CANDLE JEWELLED BOX,-17,2011-10-26 16:49:00,0.0,,United Kingdom,check,True,False,False,True,True,-0.0,2011,10,2011-10,2011Q4,16,49,16:49:00,Afternoon
572920,72803A,ROSE SCENT CANDLE JEWELLED DRAWER,117,2011-10-26 16:52:00,0.0,,United Kingdom,?,True,False,False,False,True,0.0,2011,10,2011-10,2011Q4,16,52,16:52:00,Afternoon
572996,23462,ROCOCO WALL MIRROR WHITE,-34,2011-10-27 11:22:00,0.0,,United Kingdom,damages,True,False,False,True,True,-0.0,2011,10,2011-10,2011Q4,11,22,11:22:00,Morning
573107,21794,CLASSIC FRENCH STYLE BASKET NATURAL,10,2011-10-27 15:06:00,0.0,,United Kingdom,adjustment,True,False,False,False,True,0.0,2011,10,2011-10,2011Q4,15,6,15:06:00,Afternoon
573114,20713,JUMBO BAG OWLS,1000,2011-10-27 15:36:00,0.0,,United Kingdom,wrongly coded 23343,True,False,False,False,True,0.0,2011,10,2011-10,2011Q4,15,36,15:36:00,Afternoon
573115,23343,JUMBO BAG VINTAGE CHRISTMAS ,-1000,2011-10-27 15:37:00,0.0,,United Kingdom,wrongly coded 20713,True,False,False,True,True,-0.0,2011,10,2011-10,2011Q4,15,37,15:37:00,Afternoon
573118,85032D,YULETIDE IMAGES GIFT WRAP SET,-1,2011-10-27 16:19:00,0.0,,United Kingdom,damaged,True,False,False,True,True,-0.0,2011,10,2011-10,2011Q4,16,19,16:19:00,Afternoon
573120,72816,SET/3 CHRISTMAS DECOUPAGE CANDLES,-1,2011-10-27 16:21:00,0.0,,United Kingdom,,True,False,False,True,True,-0.0,2011,10,2011-10,2011Q4,16,21,16:21:00,Afternoon
573169,35600A,Found by jackie,1,2011-10-28 09:56:00,0.0,,United Kingdom,Found by jackie,True,False,False,False,True,0.0,2011,10,2011-10,2011Q4,9,56,09:56:00,Morning
573170,21174,POTTERING IN THE SHED METAL SIGN,71,2011-10-28 09:59:00,0.0,,United Kingdom,found,True,False,False,False,True,0.0,2011,10,2011-10,2011Q4,9,59,09:59:00,Morning
573254,85135C,RED DRAGONFLY HELICOPTER,-49,2011-10-28 12:18:00,0.0,,United Kingdom,Damages,True,False,False,True,True,-0.0,2011,10,2011-10,2011Q4,12,18,12:18:00,Morning
573255,85135B,BLUE DRAGONFLY HELICOPTER,3,2011-10-28 12:18:00,0.0,,United Kingdom,check,True,False,False,False,True,0.0,2011,10,2011-10,2011Q4,12,18,12:18:00,Morning
573256,85135A,YELLOW DRAGONFLY HELICOPTER,12,2011-10-28 12:19:00,0.0,,United Kingdom,,True,False,False,False,True,0.0,2011,10,2011-10,2011Q4,12,19,12:19:00,Morning
573258,85136C,RED SHARK HELICOPTER,-36,2011-10-28 12:19:00,0.0,,United Kingdom,damages,True,False,False,True,True,-0.0,2011,10,2011-10,2011Q4,12,19,12:19:00,Morning
573259,85136A,YELLOW SHARK HELICOPTER,-77,2011-10-28 12:20:00,0.0,,United Kingdom,damages,True,False,False,True,True,-0.0,2011,10,2011-10,2011Q4,12,20,12:20:00,Morning
573293,21181,PLEASE ONE PERSON METAL SIGN,10,2011-10-28 15:14:00,0.0,,United Kingdom,adjustment,True,False,False,False,True,0.0,2011,10,2011-10,2011Q4,15,14,15:14:00,Afternoon
573317,21804,WHITE CHRISTMAS GARLAND STARS TREES,-84,2011-10-28 18:09:00,0.0,,United Kingdom,,True,False,False,True,True,-0.0,2011,10,2011-10,2011Q4,18,9,18:09:00,Afternoon
573318,84944,SET OF 6 KASHMIR FOLKART BAUBLES,-47,2011-10-28 18:11:00,0.0,,United Kingdom,,True,False,False,True,True,-0.0,2011,10,2011-10,2011Q4,18,11,18:11:00,Afternoon
573463,17012B,ORIGAMI JASMINE INCENSE/CANDLE SET,-70,2011-10-31 10:56:00,0.0,,United Kingdom,check,True,False,False,True,True,-0.0,2011,10,2011-10,2011Q4,10,56,10:56:00,Morning
573482,21181,PLEASE ONE PERSON METAL SIGN,-54,2011-10-31 11:20:00,0.0,,United Kingdom,check,True,False,False,True,True,-0.0,2011,10,2011-10,2011Q4,11,20,11:20:00,Morning
573487,23400,SHELF WITH 4 HOOKS HOME SWEET HOME,-19,2011-10-31 11:46:00,0.0,,United Kingdom,check,True,False,False,True,True,-0.0,2011,10,2011-10,2011Q4,11,46,11:46:00,Morning
573488,23400,SHELF WITH 4 HOOKS HOME SWEET HOME,1,2011-10-31 11:47:00,0.0,,United Kingdom,,True,False,False,False,True,0.0,2011,10,2011-10,2011Q4,11,47,11:47:00,Morning
573489,85035B,CHOCOLATE 3 WICK MORRIS BOX CANDLE,-36,2011-10-31 11:48:00,0.0,,United Kingdom,check,True,False,False,True,True,-0.0,2011,10,2011-10,2011Q4,11,48,11:48:00,Morning
573490,85035A,GARDENIA 3 WICK MORRIS BOXED CANDLE,-59,2011-10-31 11:55:00,0.0,,United Kingdom,CHECK,True,False,False,True,True,-0.0,2011,10,2011-10,2011Q4,11,55,11:55:00,Morning
573491,21618,4 WILDFLOWER BOTANICAL CANDLES,-54,2011-10-31 11:56:00,0.0,,United Kingdom,CHECK,True,False,False,True,True,-0.0,2011,10,2011-10,2011Q4,11,56,11:56:00,Morning
573493,21619,4 VANILLA BOTANICAL CANDLES,-94,2011-10-31 11:57:00,0.0,,United Kingdom,check,True,False,False,True,True,-0.0,2011,10,2011-10,2011Q4,11,57,11:57:00,Morning
573494,47503H,ASS FLORAL PRINT SPIRIT LEVEL ,-24,2011-10-31 11:57:00,0.0,,United Kingdom,check,True,False,False,True,True,-0.0,2011,10,2011-10,2011Q4,11,57,11:57:00,Morning
573495,22117,METAL SIGN HER DINNER IS SERVED ,184,2011-10-31 11:58:00,0.0,,United Kingdom,check,True,False,False,False,True,0.0,2011,10,2011-10,2011Q4,11,58,11:58:00,Morning
573497,21642,ASSORTED TUTTI FRUTTI PEN,-138,2011-10-31 12:00:00,0.0,,United Kingdom,check,True,False,False,True,True,-0.0,2011,10,2011-10,2011Q4,12,0,12:00:00,Morning
573498,21636,MADRAS NOTEBOOK MEDIUM,-22,2011-10-31 12:00:00,0.0,,United Kingdom,check,True,False,False,True,True,-0.0,2011,10,2011-10,2011Q4,12,0,12:00:00,Morning
573499,21192,WHITE BELL HONEYCOMB PAPER ,-164,2011-10-31 12:01:00,0.0,,United Kingdom,check,True,False,False,True,True,-0.0,2011,10,2011-10,2011Q4,12,1,12:01:00,Morning
573503,22595,GINGHAM HEART DECORATION,-80,2011-10-31 12:03:00,0.0,,United Kingdom,check,True,False,False,True,True,-0.0,2011,10,2011-10,2011Q4,12,3,12:03:00,Morning
573505,85208,SET/12 FUNKY FELT FLOWER PEG IN BAG,-22,2011-10-31 12:09:00,0.0,,United Kingdom,check,True,False,False,True,True,-0.0,2011,10,2011-10,2011Q4,12,9,12:09:00,Morning
573547,84818,DANISH ROSE PHOTO FRAME,-70,2011-10-31 13:21:00,0.0,,United Kingdom,damages,True,False,False,True,True,-0.0,2011,10,2011-10,2011Q4,13,21,13:21:00,Afternoon
573590,79323G,"Unsaleable, destroyed.",-657,2011-10-31 15:15:00,0.0,,United Kingdom,"Unsaleable, destroyed.",True,False,False,True,True,-0.0,2011,10,2011-10,2011Q4,15,15,15:15:00,Afternoon
573591,79323B,BLACK CHERRY LIGHTS,-1671,2011-10-31 15:15:00,0.0,,United Kingdom,"Unsaleable, destroyed.",True,False,False,True,True,-0.0,2011,10,2011-10,2011Q4,15,15,15:15:00,Afternoon
573592,79323GR,"Unsaleable, destroyed.",-1158,2011-10-31 15:16:00,0.0,,United Kingdom,"Unsaleable, destroyed.",True,False,False,True,True,-0.0,2011,10,2011-10,2011Q4,15,16,15:16:00,Afternoon
573593,79323LP,"Unsaleable, destroyed.",-2618,2011-10-31 15:16:00,0.0,,United Kingdom,"Unsaleable, destroyed.",True,False,False,True,True,-0.0,2011,10,2011-10,2011Q4,15,16,15:16:00,Afternoon
573594,79323P,PINK CHERRY LIGHTS,-2003,2011-10-31 15:16:00,0.0,,United Kingdom,"Unsaleable, destroyed.",True,False,False,True,True,-0.0,2011,10,2011-10,2011Q4,15,16,15:16:00,Afternoon
573595,79323S,"Unsaleable, destroyed.",-674,2011-10-31 15:17:00,0.0,,United Kingdom,"Unsaleable, destroyed.",True,False,False,True,True,-0.0,2011,10,2011-10,2011Q4,15,17,15:17:00,Afternoon
573596,79323W,"Unsaleable, destroyed.",-4830,2011-10-31 15:17:00,0.0,,United Kingdom,"Unsaleable, destroyed.",True,False,False,True,True,-0.0,2011,10,2011-10,2011Q4,15,17,15:17:00,Afternoon
573597,79341,"Unsaleable, destroyed.",-905,2011-10-31 15:18:00,0.0,,United Kingdom,"Unsaleable, destroyed.",True,False,False,True,True,-0.0,2011,10,2011-10,2011Q4,15,18,15:18:00,Afternoon
573598,79342B,"Unsaleable, destroyed.",-1128,2011-10-31 15:18:00,0.0,,United Kingdom,"Unsaleable, destroyed.",True,False,False,True,True,-0.0,2011,10,2011-10,2011Q4,15,18,15:18:00,Afternoon
573664,21192,WHITE BELL HONEYCOMB PAPER ,48,2011-10-31 16:07:00,0.0,,United Kingdom,wrongly marked,True,False,False,False,True,0.0,2011,10,2011-10,2011Q4,16,7,16:07:00,Afternoon
573670,22176,BLUE OWL SOFT TOY,-28,2011-10-31 17:02:00,0.0,,United Kingdom,check,True,False,False,True,True,-0.0,2011,10,2011-10,2011Q4,17,2,17:02:00,Afternoon
573672,22522,CHILDS GARDEN FORK BLUE ,-126,2011-10-31 17:04:00,0.0,,United Kingdom,check,True,False,False,True,True,-0.0,2011,10,2011-10,2011Q4,17,4,17:04:00,Afternoon
573726,72817,SET OF 2 CHRISTMAS DECOUPAGE CANDLE,-67,2011-10-31 17:18:00,0.0,,United Kingdom,check,True,False,False,True,True,-0.0,2011,10,2011-10,2011Q4,17,18,17:18:00,Afternoon
573734,72818,CHRISTMAS DECOUPAGE CANDLE,-26,2011-10-31 17:19:00,0.0,,United Kingdom,check,True,False,False,True,True,-0.0,2011,10,2011-10,2011Q4,17,19,17:19:00,Afternoon
573751,46000U,POLYESTER FILLER PAD 30CMx30CM,10,2011-11-01 09:33:00,0.0,,United Kingdom,check,True,False,False,False,True,0.0,2011,11,2011-11,2011Q4,9,33,09:33:00,Morning
573752,46000S,POLYESTER FILLER PAD 40x40cm,-90,2011-11-01 09:34:00,0.0,,United Kingdom,dotcom sales,True,False,False,True,True,-0.0,2011,11,2011-11,2011Q4,9,34,09:34:00,Morning
573815,20902,VINTAGE KEEPSAKE BOX PARIS DAYS,-3,2011-11-01 11:31:00,0.0,,United Kingdom,check,True,False,False,True,True,-0.0,2011,11,2011-11,2011Q4,11,31,11:31:00,Morning
573816,20898,VINTAGE NOTEBOOK TRAVELOGUE,-10,2011-11-01 11:32:00,0.0,,United Kingdom,check,True,False,False,True,True,-0.0,2011,11,2011-11,2011Q4,11,32,11:32:00,Morning
573880,22812,PACK 3 BOXES CHRISTMAS PANNETONE,48,2011-11-01 13:21:00,0.0,,United Kingdom,check,True,False,False,False,True,0.0,2011,11,2011-11,2011Q4,13,21,13:21:00,Afternoon
573881,21098,CHRISTMAS TOILET ROLL,108,2011-11-01 13:22:00,0.0,,United Kingdom,had been put aside,True,False,False,False,True,0.0,2011,11,2011-11,2011Q4,13,22,13:22:00,Afternoon
573882,23131,MISTLETOE HEART WREATH CREAM,48,2011-11-01 13:23:00,0.0,,United Kingdom,had been put aside,True,False,False,False,True,0.0,2011,11,2011-11,2011Q4,13,23,13:23:00,Afternoon
573883,22121,NOEL WOODEN BLOCK LETTERS ,32,2011-11-01 13:24:00,0.0,,United Kingdom,had been put aside,True,False,False,False,True,0.0,2011,11,2011-11,2011Q4,13,24,13:24:00,Afternoon
573884,22687,DOORMAT CHRISTMAS VILLAGE,20,2011-11-01 13:25:00,0.0,,United Kingdom,had been put aside,True,False,False,False,True,0.0,2011,11,2011-11,2011Q4,13,25,13:25:00,Afternoon
573885,22689,DOORMAT MERRY CHRISTMAS RED ,40,2011-11-01 13:26:00,0.0,,United Kingdom,had been put aside,True,False,False,False,True,0.0,2011,11,2011-11,2011Q4,13,26,13:26:00,Afternoon
573919,21352,EUCALYPTUS & PINECONE  WREATH,-23,2011-11-01 17:39:00,0.0,,United Kingdom,check,True,False,False,True,True,-0.0,2011,11,2011-11,2011Q4,17,39,17:39:00,Afternoon
573920,84050,PINK HEART SHAPE EGG FRYING PAN,14,2011-11-01 18:00:00,0.0,,United Kingdom,check,True,False,False,False,True,0.0,2011,11,2011-11,2011Q4,18,0,18:00:00,Afternoon
573926,47503A,ASS FLORAL PRINT MULTI SCREWDRIVER,65,2011-11-02 09:52:00,0.0,,United Kingdom,check,True,False,False,False,True,0.0,2011,11,2011-11,2011Q4,9,52,09:52:00,Morning
573978,21644,ASSORTED TUTTI FRUTTI HEART BOX,27,2011-11-02 11:02:00,0.0,,United Kingdom,check,True,False,False,False,True,0.0,2011,11,2011-11,2011Q4,11,2,11:02:00,Morning
573979,35968,FOLK ART METAL HEART T-LIGHT HOLDER,9,2011-11-02 11:02:00,0.0,,United Kingdom,check,True,False,False,False,True,0.0,2011,11,2011-11,2011Q4,11,2,11:02:00,Morning
573980,21539,RED RETROSPOT BUTTER DISH,4,2011-11-02 11:03:00,0.0,,United Kingdom,check,True,False,False,False,True,0.0,2011,11,2011-11,2011Q4,11,3,11:03:00,Morning
573981,21700,BIG DOUGHNUT FRIDGE MAGNETS,26,2011-11-02 11:05:00,0.0,,United Kingdom,check,True,False,False,False,True,0.0,2011,11,2011-11,2011Q4,11,5,11:05:00,Morning
573983,82600,NO SINGING METAL SIGN,3,2011-11-02 11:08:00,0.0,,United Kingdom,check,True,False,False,False,True,0.0,2011,11,2011-11,2011Q4,11,8,11:08:00,Morning
573984,16207A,PINK STRAWBERRY HANDBAG ,2,2011-11-02 11:09:00,0.0,,United Kingdom,check,True,False,False,False,True,0.0,2011,11,2011-11,2011Q4,11,9,11:09:00,Morning
573985,22848,BREAD BIN DINER STYLE PINK,2,2011-11-02 11:09:00,0.0,,United Kingdom,check,True,False,False,False,True,0.0,2011,11,2011-11,2011Q4,11,9,11:09:00,Morning
573986,84659A,WHITE TRAVEL ALARM CLOCK,19,2011-11-02 11:13:00,0.0,,United Kingdom,check,True,False,False,False,True,0.0,2011,11,2011-11,2011Q4,11,13,11:13:00,Morning
573987,21349,IVY HEART WREATH,1,2011-11-02 11:14:00,0.0,,United Kingdom,check,True,False,False,False,True,0.0,2011,11,2011-11,2011Q4,11,14,11:14:00,Morning
573988,22925,BLUE GIANT GARDEN THERMOMETER,1,2011-11-02 11:14:00,0.0,,United Kingdom,check,True,False,False,False,True,0.0,2011,11,2011-11,2011Q4,11,14,11:14:00,Morning
573989,23091,ZINC HERB GARDEN CONTAINER,2,2011-11-02 11:14:00,0.0,,United Kingdom,check,True,False,False,False,True,0.0,2011,11,2011-11,2011Q4,11,14,11:14:00,Morning
573990,22606,WOODEN SKITTLES GARDEN SET,1,2011-11-02 11:18:00,0.0,,United Kingdom,check,True,False,False,False,True,0.0,2011,11,2011-11,2011Q4,11,18,11:18:00,Morning
573991,21804,WHITE CHRISTMAS GARLAND STARS TREES,36,2011-11-02 11:19:00,0.0,,United Kingdom,check,True,False,False,False,True,0.0,2011,11,2011-11,2011Q4,11,19,11:19:00,Morning
574073,23579,SNACK TRAY I LOVE LONDON,3,2011-11-02 15:15:00,0.0,,United Kingdom,,True,False,False,False,True,0.0,2011,11,2011-11,2011Q4,15,15,15:15:00,Afternoon
574094,22147,FELTCRAFT BUTTERFLY HEARTS,-80,2011-11-03 09:46:00,0.0,,United Kingdom,check,True,False,False,True,True,-0.0,2011,11,2011-11,2011Q4,9,46,09:46:00,Morning
574101,22180,RETROSPOT LAMP,1,2011-11-03 10:27:00,0.0,,United Kingdom,,True,False,False,False,True,0.0,2011,11,2011-11,2011Q4,10,27,10:27:00,Morning
574123,22652,TRAVEL SEWING KIT,-111,2011-11-03 10:55:00,0.0,,United Kingdom,check,True,False,False,True,True,-0.0,2011,11,2011-11,2011Q4,10,55,10:55:00,Morning
574133,21071,VINTAGE BILLBOARD DRINK ME MUG,1,2011-11-03 11:00:00,0.0,,United Kingdom,,True,False,False,False,True,0.0,2011,11,2011-11,2011Q4,11,0,11:00:00,Morning
574138,23234,BISCUIT TIN VINTAGE CHRISTMAS,216,2011-11-03 11:26:00,0.0,12415,Australia,BISCUIT TIN VINTAGE CHRISTMAS,False,False,False,False,True,0.0,2011,11,2011-11,2011Q4,11,26,11:26:00,Morning
574171,21818,GLITTER HEART DECORATION,-130,2011-11-03 11:45:00,0.0,,United Kingdom,check,True,False,False,True,True,-0.0,2011,11,2011-11,2011Q4,11,45,11:45:00,Morning
574173,35923,CANDY HEART HANGING DECORATION,-42,2011-11-03 11:46:00,0.0,,United Kingdom,check,True,False,False,True,True,-0.0,2011,11,2011-11,2011Q4,11,46,11:46:00,Morning
574175,22065,CHRISTMAS PUDDING TRINKET POT ,12,2011-11-03 11:47:00,0.0,14110,United Kingdom,CHRISTMAS PUDDING TRINKET POT ,False,False,False,False,True,0.0,2011,11,2011-11,2011Q4,11,47,11:47:00,Morning
574176,85054,FRENCH ENAMEL POT W LID,-39,2011-11-03 11:48:00,0.0,,United Kingdom,check,True,False,False,True,True,-0.0,2011,11,2011-11,2011Q4,11,48,11:48:00,Morning
574198,21159,MOODY BOY  DOOR HANGER ,-40,2011-11-03 12:00:00,0.0,,United Kingdom,damaged,True,False,False,True,True,-0.0,2011,11,2011-11,2011Q4,12,0,12:00:00,Morning
574252,M,Manual,1,2011-11-03 13:24:00,0.0,12437,France,Manual,False,False,False,False,True,0.0,2011,11,2011-11,2011Q4,13,24,13:24:00,Afternoon
574257,72818,CHRISTMAS DECOUPAGE CANDLE,-3,2011-11-03 13:46:00,0.0,,United Kingdom,,True,False,False,True,True,-0.0,2011,11,2011-11,2011Q4,13,46,13:46:00,Afternoon
574438,85054,FRENCH ENAMEL POT W LID,27,2011-11-04 11:35:00,0.0,,United Kingdom,found,True,False,False,False,True,0.0,2011,11,2011-11,2011Q4,11,35,11:35:00,Morning
574469,22385,JUMBO BAG SPACEBOY DESIGN,12,2011-11-04 11:55:00,0.0,12431,Australia,JUMBO BAG SPACEBOY DESIGN,False,False,False,False,True,0.0,2011,11,2011-11,2011Q4,11,55,11:55:00,Morning
574516,22162,HEART GARLAND RUSTIC PADDED,-24,2011-11-04 13:38:00,0.0,,United Kingdom,,True,False,False,True,True,-0.0,2011,11,2011-11,2011Q4,13,38,13:38:00,Afternoon
574518,21174,POTTERING IN THE SHED METAL SIGN,63,2011-11-04 13:42:00,0.0,,United Kingdom,,True,False,False,False,True,0.0,2011,11,2011-11,2011Q4,13,42,13:42:00,Afternoon
574520,21181,PLEASE ONE PERSON METAL SIGN,-6,2011-11-04 13:44:00,0.0,,United Kingdom,,True,False,False,True,True,-0.0,2011,11,2011-11,2011Q4,13,44,13:44:00,Afternoon
574577,21519,GIN & TONIC DIET GREETING CARD ,-80,2011-11-04 17:09:00,0.0,,United Kingdom,check,True,False,False,True,True,-0.0,2011,11,2011-11,2011Q4,17,9,17:09:00,Afternoon
574578,40001,WHITE BAMBOO RIBS LAMPSHADE,-240,2011-11-04 17:09:00,0.0,,United Kingdom,check,True,False,False,True,True,-0.0,2011,11,2011-11,2011Q4,17,9,17:09:00,Afternoon
574579,72802B,OCEAN SCENT CANDLE IN JEWELLED BOX,-203,2011-11-04 17:14:00,0.0,,United Kingdom,check,True,False,False,True,True,-0.0,2011,11,2011-11,2011Q4,17,14,17:14:00,Afternoon
574580,20751,FUNKY WASHING UP GLOVES ASSORTED,-35,2011-11-04 17:44:00,0.0,,United Kingdom,check,True,False,False,True,True,-0.0,2011,11,2011-11,2011Q4,17,44,17:44:00,Afternoon
574581,23187,FRENCH STYLE STORAGE JAR BONBONS,-62,2011-11-04 17:45:00,0.0,,United Kingdom,check,True,False,False,True,True,-0.0,2011,11,2011-11,2011Q4,17,45,17:45:00,Afternoon
574582,84279P,CHERRY BLOSSOM  DECORATIVE FLASK,-104,2011-11-04 17:46:00,0.0,,United Kingdom,check,True,False,False,True,True,-0.0,2011,11,2011-11,2011Q4,17,46,17:46:00,Afternoon
574583,22892,SET OF SALT AND PEPPER TOADSTOOLS,-62,2011-11-04 17:46:00,0.0,,United Kingdom,check,True,False,False,True,True,-0.0,2011,11,2011-11,2011Q4,17,46,17:46:00,Afternoon
574757,72802C,VANILLA SCENT CANDLE JEWELLED BOX,-54,2011-11-07 10:08:00,0.0,,United Kingdom,damages,True,False,False,True,True,-0.0,2011,11,2011-11,2011Q4,10,8,10:08:00,Morning
574816,85036C,ROSE 1 WICK MORRIS BOXED CANDLE,-1560,2011-11-07 10:37:00,0.0,,United Kingdom,damages wax,True,False,False,True,True,-0.0,2011,11,2011-11,2011Q4,10,37,10:37:00,Morning
574822,85036B,CHOCOLATE 1 WICK MORRIS BOX CANDLE,-1284,2011-11-07 10:38:00,0.0,,United Kingdom,damages wax,True,False,False,True,True,-0.0,2011,11,2011-11,2011Q4,10,38,10:38:00,Morning
574879,22625,RED KITCHEN SCALES,2,2011-11-07 13:22:00,0.0,13014,United Kingdom,RED KITCHEN SCALES,False,False,False,False,True,0.0,2011,11,2011-11,2011Q4,13,22,13:22:00,Afternoon
574904,85017B,ENVELOPE 50 BLOSSOM IMAGES,11,2011-11-07 15:28:00,0.0,,United Kingdom,,True,False,False,False,True,0.0,2011,11,2011-11,2011Q4,15,28,15:28:00,Afternoon
574905,85017B,ENVELOPE 50 BLOSSOM IMAGES,-22,2011-11-07 15:28:00,0.0,,United Kingdom,,True,False,False,True,True,-0.0,2011,11,2011-11,2011Q4,15,28,15:28:00,Afternoon
574906,85034A,3 GARDENIA MORRIS BOXED CANDLES,-81,2011-11-07 15:30:00,0.0,,United Kingdom,damaged,True,False,False,True,True,-0.0,2011,11,2011-11,2011Q4,15,30,15:30:00,Afternoon
574920,22899,CHILDREN'S APRON DOLLY GIRL ,1,2011-11-07 16:34:00,0.0,13985,United Kingdom,CHILDREN'S APRON DOLLY GIRL ,False,False,False,False,True,0.0,2011,11,2011-11,2011Q4,16,34,16:34:00,Afternoon
574920,23480,MINI LIGHTS WOODLAND MUSHROOMS,1,2011-11-07 16:34:00,0.0,13985,United Kingdom,MINI LIGHTS WOODLAND MUSHROOMS,False,False,False,False,True,0.0,2011,11,2011-11,2011Q4,16,34,16:34:00,Afternoon
575048,84665,SQUARE CHERRY BLOSSOM CABINET,-15,2011-11-08 12:12:00,0.0,,United Kingdom,water damaged,True,False,False,True,True,-0.0,2011,11,2011-11,2011Q4,12,12,12:12:00,Morning
575175,84279P,CHERRY BLOSSOM  DECORATIVE FLASK,84,2011-11-08 18:07:00,0.0,,United Kingdom,found,True,False,False,False,True,0.0,2011,11,2011-11,2011Q4,18,7,18:07:00,Afternoon
575287,84508A,CAMOUFLAGE DESIGN TEDDY,-39,2011-11-09 12:15:00,0.0,,United Kingdom,check,True,False,False,True,True,-0.0,2011,11,2011-11,2011Q4,12,15,12:15:00,Morning
575386,20977,36 PENCILS TUBE WOODLAND,-16,2011-11-09 15:22:00,0.0,,United Kingdom,,True,False,False,True,True,-0.0,2011,11,2011-11,2011Q4,15,22,15:22:00,Afternoon
575503,35933,PINK STOCKING CHRISTMAS DECORATION,-2,2011-11-10 10:19:00,0.0,,United Kingdom,,True,False,False,True,True,-0.0,2011,11,2011-11,2011Q4,10,19,10:19:00,Morning
575505,POST,POSTAGE,800,2011-11-10 10:29:00,0.0,,United Kingdom,,True,False,False,False,True,0.0,2011,11,2011-11,2011Q4,10,29,10:29:00,Morning
575506,C2,CARRIAGE,150,2011-11-10 10:30:00,0.0,,United Kingdom,,True,False,False,False,True,0.0,2011,11,2011-11,2011Q4,10,30,10:30:00,Morning
575513,35965,FOLKART HEART NAPKIN RINGS,7,2011-11-10 10:39:00,0.0,,United Kingdom,,True,False,False,False,True,0.0,2011,11,2011-11,2011Q4,10,39,10:39:00,Morning
575518,10080,GROOVY CACTUS INFLATABLE,22,2011-11-10 10:53:00,0.0,,United Kingdom,check,True,False,False,False,True,0.0,2011,11,2011-11,2011Q4,10,53,10:53:00,Morning
575579,22437,SET OF 9 BLACK SKULL BALLOONS,20,2011-11-10 11:49:00,0.0,13081,United Kingdom,SET OF 9 BLACK SKULL BALLOONS,False,False,False,False,True,0.0,2011,11,2011-11,2011Q4,11,49,11:49:00,Morning
575579,22089,PAPER BUNTING VINTAGE PAISLEY,24,2011-11-10 11:49:00,0.0,13081,United Kingdom,PAPER BUNTING VINTAGE PAISLEY,False,False,False,False,True,0.0,2011,11,2011-11,2011Q4,11,49,11:49:00,Morning
575613,23118,PARISIENNE JEWELLERY DRAWER ,-6,2011-11-10 12:47:00,0.0,,United Kingdom,check,True,False,False,True,True,-0.0,2011,11,2011-11,2011Q4,12,47,12:47:00,Morning
575614,22121,NOEL WOODEN BLOCK LETTERS ,-10,2011-11-10 12:48:00,0.0,,United Kingdom,check,True,False,False,True,True,-0.0,2011,11,2011-11,2011Q4,12,48,12:48:00,Morning
575615,82582,AREA PATROLLED METAL SIGN,-130,2011-11-10 12:51:00,0.0,,United Kingdom,??,True,False,False,True,True,-0.0,2011,11,2011-11,2011Q4,12,51,12:51:00,Morning
575617,21014,SWISS CHALET TREE DECORATION ,-90,2011-11-10 12:53:00,0.0,,United Kingdom,check,True,False,False,True,True,-0.0,2011,11,2011-11,2011Q4,12,53,12:53:00,Morning
575625,35972,DAISY FOLKART HEART DECORATION,-3,2011-11-10 13:20:00,0.0,,United Kingdom,check,True,False,False,True,True,-0.0,2011,11,2011-11,2011Q4,13,20,13:20:00,Afternoon
575704,21843,RED RETROSPOT CAKE STAND,-63,2011-11-10 17:00:00,0.0,,United Kingdom,smashed,True,False,False,True,True,-0.0,2011,11,2011-11,2011Q4,17,0,17:00:00,Afternoon
575714,85125,SMALL ROUND CUT GLASS CANDLESTICK,-64,2011-11-10 17:55:00,0.0,,United Kingdom,check,True,False,False,True,True,-0.0,2011,11,2011-11,2011Q4,17,55,17:55:00,Afternoon
575715,72802B,OCEAN SCENT CANDLE IN JEWELLED BOX,-36,2011-11-10 17:58:00,0.0,,United Kingdom,check,True,False,False,True,True,-0.0,2011,11,2011-11,2011Q4,17,58,17:58:00,Afternoon
575716,72802C,VANILLA SCENT CANDLE JEWELLED BOX,-21,2011-11-10 18:00:00,0.0,,United Kingdom,check,True,False,False,True,True,-0.0,2011,11,2011-11,2011Q4,18,0,18:00:00,Afternoon
575717,85175,CACTI T-LIGHT CANDLES,-42,2011-11-10 18:02:00,0.0,,United Kingdom,check,True,False,False,True,True,-0.0,2011,11,2011-11,2011Q4,18,2,18:02:00,Afternoon
575719,35954,SMALL FOLKART STAR CHRISTMAS DEC,24,2011-11-10 18:08:00,0.0,,United Kingdom,check,True,False,False,False,True,0.0,2011,11,2011-11,2011Q4,18,8,18:08:00,Afternoon
575720,21817,GLITTER CHRISTMAS TREE,-8,2011-11-10 18:09:00,0.0,,United Kingdom,check,True,False,False,True,True,-0.0,2011,11,2011-11,2011Q4,18,9,18:09:00,Afternoon
575721,22804,CANDLEHOLDER PINK HANGING HEART,-256,2011-11-10 18:19:00,0.0,,United Kingdom,Wrongly mrked had 85123a in box,True,False,False,True,True,-0.0,2011,11,2011-11,2011Q4,18,19,18:19:00,Afternoon
575722,85123A,WHITE HANGING HEART T-LIGHT HOLDER,-256,2011-11-10 18:20:00,0.0,,United Kingdom,wrongly marked carton 22804,True,False,False,True,True,-0.0,2011,11,2011-11,2011Q4,18,20,18:20:00,Afternoon
575748,23298,SPOTTY BUNTING,1,2011-11-11 10:21:00,0.0,,United Kingdom,SPOTTY BUNTING,True,False,False,False,True,0.0,2011,11,2011-11,2011Q4,10,21,10:21:00,Morning
575907,22268,DECORATION SITTING BUNNY,-10,2011-11-11 15:52:00,0.0,,United Kingdom,check,True,False,False,True,True,-0.0,2011,11,2011-11,2011Q4,15,52,15:52:00,Afternoon
575909,20711,JUMBO BAG TOYS ,-220,2011-11-11 16:02:00,0.0,,United Kingdom,check,True,False,False,True,True,-0.0,2011,11,2011-11,2011Q4,16,2,16:02:00,Afternoon
575912,22943,CHRISTMAS LIGHTS 10 VINTAGE BAUBLES,-7,2011-11-11 16:20:00,0.0,,United Kingdom,check,True,False,False,True,True,-0.0,2011,11,2011-11,2011Q4,16,20,16:20:00,Afternoon
576109,21181,PLEASE ONE PERSON METAL SIGN,180,2011-11-14 10:33:00,0.0,,United Kingdom,adjustment,True,False,False,False,True,0.0,2011,11,2011-11,2011Q4,10,33,10:33:00,Morning
576110,35965,FOLKART HEART NAPKIN RINGS,5,2011-11-14 10:33:00,0.0,,United Kingdom,,True,False,False,False,True,0.0,2011,11,2011-11,2011Q4,10,33,10:33:00,Morning
576185,22575,METAL MERRY CHRISTMAS WREATH,-130,2011-11-14 11:25:00,0.0,,United Kingdom,missing?,True,False,False,True,True,-0.0,2011,11,2011-11,2011Q4,11,25,11:25:00,Morning
576192,22827,RUSTIC  SEVENTEEN DRAWER SIDEBOARD,4,2011-11-14 11:57:00,0.0,,United Kingdom,,True,False,False,False,True,0.0,2011,11,2011-11,2011Q4,11,57,11:57:00,Morning
576193,22827,RUSTIC  SEVENTEEN DRAWER SIDEBOARD,-8,2011-11-14 11:57:00,0.0,,United Kingdom,,True,False,False,True,True,-0.0,2011,11,2011-11,2011Q4,11,57,11:57:00,Morning
576250,71279,PINK GLASS CANDLEHOLDER,-74,2011-11-14 13:50:00,0.0,,United Kingdom,damages,True,False,False,True,True,-0.0,2011,11,2011-11,2011Q4,13,50,13:50:00,Afternoon
576258,22812,PACK 3 BOXES CHRISTMAS PANNETONE,11,2011-11-14 14:17:00,0.0,,United Kingdom,,True,False,False,False,True,0.0,2011,11,2011-11,2011Q4,14,17,14:17:00,Afternoon
576299,21181,PLEASE ONE PERSON METAL SIGN,16,2011-11-14 14:38:00,0.0,,United Kingdom,,True,False,False,False,True,0.0,2011,11,2011-11,2011Q4,14,38,14:38:00,Afternoon
576302,22812,PACK 3 BOXES CHRISTMAS PANNETONE,46,2011-11-14 14:41:00,0.0,,United Kingdom,,True,False,False,False,True,0.0,2011,11,2011-11,2011Q4,14,41,14:41:00,Afternoon
576336,21809,CHRISTMAS HANGING TREE WITH BELL,16,2011-11-14 15:26:00,0.0,,United Kingdom,,True,False,False,False,True,0.0,2011,11,2011-11,2011Q4,15,26,15:26:00,Afternoon
576366,23072,MARIE ANTOINETTE TRINKET BOX SILVER,-50,2011-11-14 18:30:00,0.0,,United Kingdom,damages,True,False,False,True,True,-0.0,2011,11,2011-11,2011Q4,18,30,18:30:00,Afternoon
576367,23071,MARIE ANTOINETTE TRINKET BOX GOLD,-65,2011-11-14 18:31:00,0.0,,United Kingdom,damages,True,False,False,True,True,-0.0,2011,11,2011-11,2011Q4,18,31,18:31:00,Afternoon
576368,21135,VICTORIAN  METAL POSTCARD SPRING,-864,2011-11-14 18:33:00,0.0,,United Kingdom,wet rusty,True,False,False,True,True,-0.0,2011,11,2011-11,2011Q4,18,33,18:33:00,Afternoon
576369,21135,VICTORIAN  METAL POSTCARD SPRING,-288,2011-11-14 18:35:00,0.0,,United Kingdom,wet rusty,True,False,False,True,True,-0.0,2011,11,2011-11,2011Q4,18,35,18:35:00,Afternoon
576404,22687,DOORMAT CHRISTMAS VILLAGE,18,2011-11-15 11:09:00,0.0,,United Kingdom,,True,False,False,False,True,0.0,2011,11,2011-11,2011Q4,11,9,11:09:00,Morning
576407,47590B,PINK HAPPY BIRTHDAY BUNTING,-57,2011-11-15 11:18:00,0.0,,United Kingdom,check,True,False,False,True,True,-0.0,2011,11,2011-11,2011Q4,11,18,11:18:00,Morning
576410,71038,WHITE HANGING BEADS CANDLE HOLDER,-16,2011-11-15 11:20:00,0.0,,United Kingdom,check,True,False,False,True,True,-0.0,2011,11,2011-11,2011Q4,11,20,11:20:00,Morning
576411,85111,SILVER GLITTER FLOWER VOTIVE HOLDER,-117,2011-11-15 11:20:00,0.0,,United Kingdom,check,True,False,False,True,True,-0.0,2011,11,2011-11,2011Q4,11,20,11:20:00,Morning
576413,17012C,ORIGAMI LAVENDER INCENSE/CANDL SET ,-22,2011-11-15 11:21:00,0.0,,United Kingdom,check,True,False,False,True,True,-0.0,2011,11,2011-11,2011Q4,11,21,11:21:00,Morning
576414,17012F,ORIGAMI SANDLEWOOD INCENSE/CAND SET,14,2011-11-15 11:21:00,0.0,,United Kingdom,check,True,False,False,False,True,0.0,2011,11,2011-11,2011Q4,11,21,11:21:00,Morning
576415,17012B,ORIGAMI JASMINE INCENSE/CANDLE SET,-2,2011-11-15 11:22:00,0.0,,United Kingdom,,True,False,False,True,True,-0.0,2011,11,2011-11,2011Q4,11,22,11:22:00,Morning
576419,85036B,CHOCOLATE 1 WICK MORRIS BOX CANDLE,-23,2011-11-15 11:23:00,0.0,,United Kingdom,check,True,False,False,True,True,-0.0,2011,11,2011-11,2011Q4,11,23,11:23:00,Morning
576424,85036C,ROSE 1 WICK MORRIS BOXED CANDLE,-4,2011-11-15 11:24:00,0.0,,United Kingdom,check,True,False,False,True,True,-0.0,2011,11,2011-11,2011Q4,11,24,11:24:00,Morning
576426,21051,RIBBONS PURSE ,240,2011-11-15 11:24:00,0.0,,United Kingdom,found,True,False,False,False,True,0.0,2011,11,2011-11,2011Q4,11,24,11:24:00,Morning
576431,22688,DOORMAT PEACE ON EARTH BLUE,15,2011-11-15 11:26:00,0.0,,United Kingdom,,True,False,False,False,True,0.0,2011,11,2011-11,2011Q4,11,26,11:26:00,Morning
576436,22943,CHRISTMAS LIGHTS 10 VINTAGE BAUBLES,-26,2011-11-15 11:27:00,0.0,,United Kingdom,check,True,False,False,True,True,-0.0,2011,11,2011-11,2011Q4,11,27,11:27:00,Morning
576473,21868,POTTING SHED TEA MUG,-108,2011-11-15 11:40:00,0.0,,United Kingdom,,True,False,False,True,True,-0.0,2011,11,2011-11,2011Q4,11,40,11:40:00,Morning
576509,21868,POTTING SHED TEA MUG,144,2011-11-15 12:03:00,0.0,,United Kingdom,,True,False,False,False,True,0.0,2011,11,2011-11,2011Q4,12,3,12:03:00,Morning
576517,22121,NOEL WOODEN BLOCK LETTERS ,17,2011-11-15 12:25:00,0.0,,United Kingdom,,True,False,False,False,True,0.0,2011,11,2011-11,2011Q4,12,25,12:25:00,Morning
576547,21809,CHRISTMAS HANGING TREE WITH BELL,56,2011-11-15 12:54:00,0.0,,United Kingdom,,True,False,False,False,True,0.0,2011,11,2011-11,2011Q4,12,54,12:54:00,Morning
576566,21830,ASSORTED CREEPY CRAWLIES,-186,2011-11-15 13:39:00,0.0,,United Kingdom,,True,False,False,True,True,-0.0,2011,11,2011-11,2011Q4,13,39,13:39:00,Afternoon
576569,47504K,ENGLISH ROSE GARDEN SECATEURS,-21,2011-11-15 13:45:00,0.0,,United Kingdom,,True,False,False,True,True,-0.0,2011,11,2011-11,2011Q4,13,45,13:45:00,Afternoon
576578,22412,METAL SIGN NEIGHBOURHOOD WITCH ,-37,2011-11-15 14:05:00,0.0,,United Kingdom,,True,False,False,True,True,-0.0,2011,11,2011-11,2011Q4,14,5,14:05:00,Afternoon
576580,22034,ROBIN CHRISTMAS CARD,-5,2011-11-15 14:15:00,0.0,,United Kingdom,,True,False,False,True,True,-0.0,2011,11,2011-11,2011Q4,14,15,14:15:00,Afternoon
576585,84247E,PACK OF 12 CHRISTMAS FUN CARDS,22,2011-11-15 14:17:00,0.0,,United Kingdom,,True,False,False,False,True,0.0,2011,11,2011-11,2011Q4,14,17,14:17:00,Afternoon
576594,21394,RED POLKADOT BEAKER ,1,2011-11-15 14:55:00,0.0,,United Kingdom,,True,False,False,False,True,0.0,2011,11,2011-11,2011Q4,14,55,14:55:00,Afternoon
576619,21054,NURSE'S BAG SOFT TOY,1,2011-11-15 17:01:00,0.0,,United Kingdom,,True,False,False,False,True,0.0,2011,11,2011-11,2011Q4,17,1,17:01:00,Afternoon
576620,16207A,PINK STRAWBERRY HANDBAG ,1,2011-11-15 17:02:00,0.0,,United Kingdom,,True,False,False,False,True,0.0,2011,11,2011-11,2011Q4,17,2,17:02:00,Afternoon
576632,21823,PAINTED METAL HEART WITH HOLLY BELL,10,2011-11-16 08:55:00,0.0,,United Kingdom,amazon adjust,True,False,False,False,True,0.0,2011,11,2011-11,2011Q4,8,55,08:55:00,Morning
576643,85127,SMALL SQUARE CUT GLASS CANDLESTICK,6,2011-11-16 10:00:00,0.0,,United Kingdom,found,True,False,False,False,True,0.0,2011,11,2011-11,2011Q4,10,0,10:00:00,Morning
576662,22570,FELTCRAFT CUSHION RABBIT,1,2011-11-16 11:19:00,0.0,,United Kingdom,,True,False,False,False,True,0.0,2011,11,2011-11,2011Q4,11,19,11:19:00,Morning
576673,22548,HEADS AND TAILS SPORTING FUN,4,2011-11-16 11:59:00,0.0,,United Kingdom,adjustment,True,False,False,False,True,0.0,2011,11,2011-11,2011Q4,11,59,11:59:00,Morning
576674,21823,PAINTED METAL HEART WITH HOLLY BELL,-6,2011-11-16 12:00:00,0.0,,United Kingdom,damaged,True,False,False,True,True,-0.0,2011,11,2011-11,2011Q4,12,0,12:00:00,Morning
576675,37327,ASSTD MULTICOLOUR CIRCLES MUG,3,2011-11-16 12:01:00,0.0,,United Kingdom,adjustment,True,False,False,False,True,0.0,2011,11,2011-11,2011Q4,12,1,12:01:00,Morning
576762,21744,SNOWFLAKE PORTABLE TABLE LIGHT ,-21,2011-11-16 13:08:00,0.0,,United Kingdom,check,True,False,False,True,True,-0.0,2011,11,2011-11,2011Q4,13,8,13:08:00,Afternoon
576763,23035,DRAWER KNOB CERAMIC IVORY,-64,2011-11-16 13:09:00,0.0,,United Kingdom,check,True,False,False,True,True,-0.0,2011,11,2011-11,2011Q4,13,9,13:09:00,Afternoon
576764,16008,SMALL FOLDING SCISSOR(POINTED EDGE),-1510,2011-11-16 13:10:00,0.0,,United Kingdom,check,True,False,False,True,True,-0.0,2011,11,2011-11,2011Q4,13,10,13:10:00,Afternoon
576765,22219,LOVEBIRD HANGING DECORATION WHITE ,-550,2011-11-16 13:11:00,0.0,,United Kingdom,???lost,True,False,False,True,True,-0.0,2011,11,2011-11,2011Q4,13,11,13:11:00,Afternoon
576766,85019B,BLOSSOM  IMAGES NOTEBOOK SET,15,2011-11-16 13:11:00,0.0,,United Kingdom,check,True,False,False,False,True,0.0,2011,11,2011-11,2011Q4,13,11,13:11:00,Afternoon
576767,22339,CHRISTMAS TREE PAINTED ZINC ,-60,2011-11-16 13:12:00,0.0,,United Kingdom,check,True,False,False,True,True,-0.0,2011,11,2011-11,2011Q4,13,12,13:12:00,Afternoon
576773,22181,SNOWSTORM PHOTO FRAME FRIDGE MAGNET,-92,2011-11-16 13:21:00,0.0,,United Kingdom,check,True,False,False,True,True,-0.0,2011,11,2011-11,2011Q4,13,21,13:21:00,Afternoon
576776,21811,HANGING HEART WITH BELL,-240,2011-11-16 13:22:00,0.0,,United Kingdom,check,True,False,False,True,True,-0.0,2011,11,2011-11,2011Q4,13,22,13:22:00,Afternoon
576777,22121,NOEL WOODEN BLOCK LETTERS ,4,2011-11-16 13:23:00,0.0,,United Kingdom,,True,False,False,False,True,0.0,2011,11,2011-11,2011Q4,13,23,13:23:00,Afternoon
576835,21618,4 WILDFLOWER BOTANICAL CANDLES,-2,2011-11-16 15:10:00,0.0,,United Kingdom,,True,False,False,True,True,-0.0,2011,11,2011-11,2011Q4,15,10,15:10:00,Afternoon
576839,35818B,"ACRYLIC JEWEL ICICLE, BLUE",-22,2011-11-16 15:21:00,0.0,,United Kingdom,adjustment,True,False,False,True,True,-0.0,2011,11,2011-11,2011Q4,15,21,15:21:00,Afternoon
576843,10133,COLOURING PENCILS BROWN TUBE,-82,2011-11-16 15:32:00,0.0,,United Kingdom,damaged,True,False,False,True,True,-0.0,2011,11,2011-11,2011Q4,15,32,15:32:00,Afternoon
577037,72817,SET OF 2 CHRISTMAS DECOUPAGE CANDLE,4,2011-11-17 13:27:00,0.0,,United Kingdom,dotcomstock,True,False,False,False,True,0.0,2011,11,2011-11,2011Q4,13,27,13:27:00,Afternoon
577102,21915,RED  HARMONICA IN BOX ,200,2011-11-17 17:01:00,0.0,,United Kingdom,John Lewis,True,False,False,False,True,0.0,2011,11,2011-11,2011Q4,17,1,17:01:00,Afternoon
577111,22587,FELTCRAFT HAIRBAND RED AND BLUE,-41,2011-11-17 17:55:00,0.0,,United Kingdom,check,True,False,False,True,True,-0.0,2011,11,2011-11,2011Q4,17,55,17:55:00,Afternoon
577112,22586,FELTCRAFT HAIRBAND PINK AND BLUE,-30,2011-11-17 17:55:00,0.0,,United Kingdom,check,True,False,False,True,True,-0.0,2011,11,2011-11,2011Q4,17,55,17:55:00,Afternoon
577113,22271,FELTCRAFT DOLL ROSIE,-43,2011-11-17 17:58:00,0.0,,United Kingdom,check,True,False,False,True,True,-0.0,2011,11,2011-11,2011Q4,17,58,17:58:00,Afternoon
577114,21786,POLKADOT RAIN HAT ,-209,2011-11-17 17:59:00,0.0,,United Kingdom,check,True,False,False,True,True,-0.0,2011,11,2011-11,2011Q4,17,59,17:59:00,Afternoon
577115,85035C,ROSE 3 WICK MORRIS BOX CANDLE,-24,2011-11-17 18:02:00,0.0,,United Kingdom,check,True,False,False,True,True,-0.0,2011,11,2011-11,2011Q4,18,2,18:02:00,Afternoon
577116,21165,BEWARE OF THE CAT METAL SIGN ,-28,2011-11-17 18:04:00,0.0,,United Kingdom,check,True,False,False,True,True,-0.0,2011,11,2011-11,2011Q4,18,4,18:04:00,Afternoon
577117,22149,FELTCRAFT 6 FLOWER FRIENDS,34,2011-11-17 18:04:00,0.0,,United Kingdom,check,True,False,False,False,True,0.0,2011,11,2011-11,2011Q4,18,4,18:04:00,Afternoon
577118,22286,DECORATION WOBBLY RABBIT METAL ,-47,2011-11-17 18:05:00,0.0,,United Kingdom,check,True,False,False,True,True,-0.0,2011,11,2011-11,2011Q4,18,5,18:05:00,Afternoon
577119,22778,GLASS CLOCHE SMALL,-10,2011-11-17 18:08:00,0.0,,United Kingdom,check,True,False,False,True,True,-0.0,2011,11,2011-11,2011Q4,18,8,18:08:00,Afternoon
577120,20752,BLUE POLKADOT WASHING UP GLOVES,-10,2011-11-17 18:09:00,0.0,,United Kingdom,check,True,False,False,True,True,-0.0,2011,11,2011-11,2011Q4,18,9,18:09:00,Afternoon
577122,23348,CHILDRENS TOY COOKING UTENSIL SET,-57,2011-11-17 18:33:00,0.0,,United Kingdom,sold with wrong barcode,True,False,False,True,True,-0.0,2011,11,2011-11,2011Q4,18,33,18:33:00,Afternoon
577123,23288,GREEN VINTAGE SPOT BEAKER,-63,2011-11-17 18:34:00,0.0,,United Kingdom,check,True,False,False,True,True,-0.0,2011,11,2011-11,2011Q4,18,34,18:34:00,Afternoon
577124,22759,SET OF 3 NOTEBOOKS IN PARCEL,-327,2011-11-17 18:41:00,0.0,,United Kingdom,check,True,False,False,True,True,-0.0,2011,11,2011-11,2011Q4,18,41,18:41:00,Afternoon
577129,22464,HANGING METAL HEART LANTERN,4,2011-11-17 19:52:00,0.0,15602,United Kingdom,HANGING METAL HEART LANTERN,False,False,False,False,True,0.0,2011,11,2011-11,2011Q4,19,52,19:52:00,Evening
577144,22759,SET OF 3 NOTEBOOKS IN PARCEL,96,2011-11-18 09:35:00,0.0,,United Kingdom,found,True,False,False,False,True,0.0,2011,11,2011-11,2011Q4,9,35,09:35:00,Morning
577145,20832,RED FLOCK LOVE HEART PHOTO FRAME,110,2011-11-18 09:35:00,0.0,,United Kingdom,check,True,False,False,False,True,0.0,2011,11,2011-11,2011Q4,9,35,09:35:00,Morning
577168,M,Manual,1,2011-11-18 10:42:00,0.0,12603,Germany,Manual,False,False,False,False,True,0.0,2011,11,2011-11,2011Q4,10,42,10:42:00,Morning
577251,72802C,VANILLA SCENT CANDLE JEWELLED BOX,1,2011-11-18 12:18:00,0.0,,United Kingdom,,True,False,False,False,True,0.0,2011,11,2011-11,2011Q4,12,18,12:18:00,Morning
577263,47503H,ASS FLORAL PRINT SPIRIT LEVEL ,66,2011-11-18 12:31:00,0.0,,United Kingdom,found,True,False,False,False,True,0.0,2011,11,2011-11,2011Q4,12,31,12:31:00,Morning
577264,85125,SMALL ROUND CUT GLASS CANDLESTICK,3,2011-11-18 12:32:00,0.0,,United Kingdom,,True,False,False,False,True,0.0,2011,11,2011-11,2011Q4,12,32,12:32:00,Morning
577265,23268,SET OF 2 CERAMIC CHRISTMAS REINDEER,2,2011-11-18 12:33:00,0.0,,United Kingdom,,True,False,False,False,True,0.0,2011,11,2011-11,2011Q4,12,33,12:33:00,Morning
577304,20956,PORCELAIN T-LIGHT HOLDERS ASSORTED,-152,2011-11-18 13:04:00,0.0,,United Kingdom,check,True,False,False,True,True,-0.0,2011,11,2011-11,2011Q4,13,4,13:04:00,Afternoon
577305,22946,WOODEN ADVENT CALENDAR CREAM,-21,2011-11-18 13:06:00,0.0,,United Kingdom,check,True,False,False,True,True,-0.0,2011,11,2011-11,2011Q4,13,6,13:06:00,Afternoon
577306,72817,SET OF 2 CHRISTMAS DECOUPAGE CANDLE,12,2011-11-18 13:06:00,0.0,,United Kingdom,,True,False,False,False,True,0.0,2011,11,2011-11,2011Q4,13,6,13:06:00,Afternoon
577307,16169E,WRAP 50'S  CHRISTMAS,-313,2011-11-18 13:06:00,0.0,,United Kingdom,check,True,False,False,True,True,-0.0,2011,11,2011-11,2011Q4,13,6,13:06:00,Afternoon
577314,23407,SET OF 2 TRAYS HOME SWEET HOME,2,2011-11-18 13:23:00,0.0,12444,Norway,SET OF 2 TRAYS HOME SWEET HOME,False,False,False,False,True,0.0,2011,11,2011-11,2011Q4,13,23,13:23:00,Afternoon
577339,15060B,FAIRY CAKE DESIGN UMBRELLA,9,2011-11-18 14:57:00,0.0,,United Kingdom,,True,False,False,False,True,0.0,2011,11,2011-11,2011Q4,14,57,14:57:00,Afternoon
577340,22570,FELTCRAFT CUSHION RABBIT,40,2011-11-18 14:57:00,0.0,,United Kingdom,,True,False,False,False,True,0.0,2011,11,2011-11,2011Q4,14,57,14:57:00,Afternoon
577608,35400,WOODEN BOX ADVENT CALENDAR ,5,2011-11-21 09:22:00,0.0,,United Kingdom,,True,False,False,False,True,0.0,2011,11,2011-11,2011Q4,9,22,09:22:00,Morning
577611,23118,PARISIENNE JEWELLERY DRAWER ,10,2011-11-21 09:59:00,0.0,,United Kingdom,dotcom adjust,True,False,False,False,True,0.0,2011,11,2011-11,2011Q4,9,59,09:59:00,Morning
577612,21181,PLEASE ONE PERSON METAL SIGN,20,2011-11-21 09:59:00,0.0,,United Kingdom,dotcom,True,False,False,False,True,0.0,2011,11,2011-11,2011Q4,9,59,09:59:00,Morning
577696,M,Manual,1,2011-11-21 11:57:00,0.0,16406,United Kingdom,Manual,False,False,False,False,True,0.0,2011,11,2011-11,2011Q4,11,57,11:57:00,Morning
577787,23055,IVORY CHANDELIER T-LIGHT HOLDER,-398,2011-11-21 16:28:00,0.0,,United Kingdom,rusty thrown away,True,False,False,True,True,-0.0,2011,11,2011-11,2011Q4,16,28,16:28:00,Afternoon
577788,23056,FLOWERS CHANDELIER T-LIGHT HOLDER,-210,2011-11-21 16:28:00,0.0,,United Kingdom,rusty throw away,True,False,False,True,True,-0.0,2011,11,2011-11,2011Q4,16,28,16:28:00,Afternoon
577789,23057,BEADED CHANDELIER T-LIGHT HOLDER,-280,2011-11-21 16:28:00,0.0,,United Kingdom,rusty throw away,True,False,False,True,True,-0.0,2011,11,2011-11,2011Q4,16,28,16:28:00,Afternoon
577829,85231G,ORANGE SCENTED SET/9 T-LIGHTS,1,2011-11-22 09:55:00,0.0,,United Kingdom,amazon,True,False,False,False,True,0.0,2011,11,2011-11,2011Q4,9,55,09:55:00,Morning
577836,21888,BINGO SET,-57,2011-11-22 10:26:00,0.0,,United Kingdom,check,True,False,False,True,True,-0.0,2011,11,2011-11,2011Q4,10,26,10:26:00,Morning
577942,21811,HANGING HEART WITH BELL,26,2011-11-22 12:08:00,0.0,,United Kingdom,check,True,False,False,False,True,0.0,2011,11,2011-11,2011Q4,12,8,12:08:00,Morning
577944,47503A,ASS FLORAL PRINT MULTI SCREWDRIVER,56,2011-11-22 12:08:00,0.0,,United Kingdom,check,True,False,False,False,True,0.0,2011,11,2011-11,2011Q4,12,8,12:08:00,Morning
577947,21992,VINTAGE PAISLEY STATIONERY SET,13,2011-11-22 12:08:00,0.0,,United Kingdom,check,True,False,False,False,True,0.0,2011,11,2011-11,2011Q4,12,8,12:08:00,Morning
577949,21804,WHITE CHRISTMAS GARLAND STARS TREES,44,2011-11-22 12:09:00,0.0,,United Kingdom,check,True,False,False,False,True,0.0,2011,11,2011-11,2011Q4,12,9,12:09:00,Morning
577953,23348,CHILDRENS TOY COOKING UTENSIL SET,5,2011-11-22 12:09:00,0.0,,United Kingdom,check,True,False,False,False,True,0.0,2011,11,2011-11,2011Q4,12,9,12:09:00,Morning
577954,17136A,BLUE STONES ON WIRE FOR CANDLE,3,2011-11-22 12:10:00,0.0,,United Kingdom,check,True,False,False,False,True,0.0,2011,11,2011-11,2011Q4,12,10,12:10:00,Morning
577956,21145,ANTIQUE GLASS PLACE SETTING,3,2011-11-22 12:10:00,0.0,,United Kingdom,,True,False,False,False,True,0.0,2011,11,2011-11,2011Q4,12,10,12:10:00,Morning
577959,85107,CUT GLASS T-LIGHT HOLDER OCTAGON,374,2011-11-22 12:11:00,0.0,,United Kingdom,check?,True,False,False,False,True,0.0,2011,11,2011-11,2011Q4,12,11,12:11:00,Morning
577961,23268,SET OF 2 CERAMIC CHRISTMAS REINDEER,2,2011-11-22 12:11:00,0.0,,United Kingdom,,True,False,False,False,True,0.0,2011,11,2011-11,2011Q4,12,11,12:11:00,Morning
577964,37489A,YELLOW/PINK FLOWER DESIGN BIG MUG,2,2011-11-22 12:11:00,0.0,,United Kingdom,,True,False,False,False,True,0.0,2011,11,2011-11,2011Q4,12,11,12:11:00,Morning
577966,85045,GREEN CHRISTMAS TREE STRING 20LIGHT,2,2011-11-22 12:12:00,0.0,,United Kingdom,,True,False,False,False,True,0.0,2011,11,2011-11,2011Q4,12,12,12:12:00,Morning
577968,85135B,BLUE DRAGONFLY HELICOPTER,2,2011-11-22 12:12:00,0.0,,United Kingdom,,True,False,False,False,True,0.0,2011,11,2011-11,2011Q4,12,12,12:12:00,Morning
577970,85135A,YELLOW DRAGONFLY HELICOPTER,4,2011-11-22 12:12:00,0.0,,United Kingdom,,True,False,False,False,True,0.0,2011,11,2011-11,2011Q4,12,12,12:12:00,Morning
577971,22606,WOODEN SKITTLES GARDEN SET,1,2011-11-22 12:12:00,0.0,,United Kingdom,,True,False,False,False,True,0.0,2011,11,2011-11,2011Q4,12,12,12:12:00,Morning
577972,84663A,GRASS HOPPER WOODEN WALL CLOCK ,1,2011-11-22 12:13:00,0.0,,United Kingdom,,True,False,False,False,True,0.0,2011,11,2011-11,2011Q4,12,13,12:13:00,Morning
577999,21018,BIRD BOX CHRISTMAS TREE DECORATION,-63,2011-11-22 12:29:00,0.0,,United Kingdom,damaged,True,False,False,True,True,-0.0,2011,11,2011-11,2011Q4,12,29,12:29:00,Morning
578095,23397,FOOT STOOL HOME SWEET HOME ,-9,2011-11-22 17:25:00,0.0,,United Kingdom,damaged,True,False,False,True,True,-0.0,2011,11,2011-11,2011Q4,17,25,17:25:00,Afternoon
578145,22579,WOODEN TREE CHRISTMAS SCANDINAVIAN,-40,2011-11-23 11:07:00,0.0,,United Kingdom,dotcom,True,False,False,True,True,-0.0,2011,11,2011-11,2011Q4,11,7,11:07:00,Morning
578245,22568,FELTCRAFT CUSHION OWL,-170,2011-11-23 12:37:00,0.0,,United Kingdom,?? missing,True,False,False,True,True,-0.0,2011,11,2011-11,2011Q4,12,37,12:37:00,Morning
578327,72807A,SET/3 ROSE CANDLE IN JEWELLED BOX,-504,2011-11-23 17:55:00,0.0,,United Kingdom,wet pallet,True,False,False,True,True,-0.0,2011,11,2011-11,2011Q4,17,55,17:55:00,Afternoon
578328,72807B,SET/3 OCEAN SCENT CANDLE JEWEL BOX,-696,2011-11-23 17:55:00,0.0,,United Kingdom,wet pallet,True,False,False,True,True,-0.0,2011,11,2011-11,2011Q4,17,55,17:55:00,Afternoon
578329,72807C,SET/3 VANILLA SCENTED CANDLE IN BOX,-408,2011-11-23 17:56:00,0.0,,United Kingdom,wet pallet,True,False,False,True,True,-0.0,2011,11,2011-11,2011Q4,17,56,17:56:00,Afternoon
578336,23579,SNACK TRAY I LOVE LONDON,1,2011-11-24 09:06:00,0.0,,United Kingdom,,True,False,False,False,True,0.0,2011,11,2011-11,2011Q4,9,6,09:06:00,Morning
578337,23348,CHILDRENS TOY COOKING UTENSIL SET,1,2011-11-24 09:07:00,0.0,,United Kingdom,,True,False,False,False,True,0.0,2011,11,2011-11,2011Q4,9,7,09:07:00,Morning
578338,22125,UNION JACK HOT WATER BOTTLE ,1,2011-11-24 09:07:00,0.0,,United Kingdom,,True,False,False,False,True,0.0,2011,11,2011-11,2011Q4,9,7,09:07:00,Morning
578340,22568,FELTCRAFT CUSHION OWL,8,2011-11-24 09:07:00,0.0,,United Kingdom,,True,False,False,False,True,0.0,2011,11,2011-11,2011Q4,9,7,09:07:00,Morning
578360,84971L,LARGE HEART FLOWERS HOOK   ,2,2011-11-24 10:36:00,0.0,,United Kingdom,,True,False,False,False,True,0.0,2011,11,2011-11,2011Q4,10,36,10:36:00,Morning
578374,21937,STRAWBERRY   PICNIC BAG,50,2011-11-24 11:21:00,0.0,,United Kingdom,found,True,False,False,False,True,0.0,2011,11,2011-11,2011Q4,11,21,11:21:00,Morning
578426,23131,MISTLETOE HEART WREATH CREAM,-12,2011-11-24 12:03:00,0.0,,United Kingdom,,True,False,False,True,True,-0.0,2011,11,2011-11,2011Q4,12,3,12:03:00,Morning
578431,22579,WOODEN TREE CHRISTMAS SCANDINAVIAN,-18,2011-11-24 12:15:00,0.0,,United Kingdom,,True,False,False,True,True,-0.0,2011,11,2011-11,2011Q4,12,15,12:15:00,Morning
578456,22579,WOODEN TREE CHRISTMAS SCANDINAVIAN,11,2011-11-24 12:29:00,0.0,,United Kingdom,,True,False,False,False,True,0.0,2011,11,2011-11,2011Q4,12,29,12:29:00,Morning
578473,72807B,SET/3 OCEAN SCENT CANDLE JEWEL BOX,-101,2011-11-24 12:43:00,0.0,,United Kingdom,damages,True,False,False,True,True,-0.0,2011,11,2011-11,2011Q4,12,43,12:43:00,Morning
578474,72807A,SET/3 ROSE CANDLE IN JEWELLED BOX,-56,2011-11-24 12:44:00,0.0,,United Kingdom,damages,True,False,False,True,True,-0.0,2011,11,2011-11,2011Q4,12,44,12:44:00,Morning
578475,72807C,SET/3 VANILLA SCENTED CANDLE IN BOX,-149,2011-11-24 12:44:00,0.0,,United Kingdom,damages,True,False,False,True,True,-0.0,2011,11,2011-11,2011Q4,12,44,12:44:00,Morning
578476,72807B,SET/3 OCEAN SCENT CANDLE JEWEL BOX,-124,2011-11-24 12:45:00,0.0,,United Kingdom,????missing,True,False,False,True,True,-0.0,2011,11,2011-11,2011Q4,12,45,12:45:00,Morning
578477,72807A,SET/3 ROSE CANDLE IN JEWELLED BOX,-224,2011-11-24 12:45:00,0.0,,United Kingdom,???missing,True,False,False,True,True,-0.0,2011,11,2011-11,2011Q4,12,45,12:45:00,Morning
578478,72807C,SET/3 VANILLA SCENTED CANDLE IN BOX,-428,2011-11-24 12:45:00,0.0,,United Kingdom,???missing,True,False,False,True,True,-0.0,2011,11,2011-11,2011Q4,12,45,12:45:00,Morning
578524,22810,SET OF 6 T-LIGHTS SNOWMEN,-25,2011-11-24 14:20:00,0.0,,United Kingdom,check,True,False,False,True,True,-0.0,2011,11,2011-11,2011Q4,14,20,14:20:00,Afternoon
578525,22152,PLACE SETTING WHITE STAR,-179,2011-11-24 14:21:00,0.0,,United Kingdom,check,True,False,False,True,True,-0.0,2011,11,2011-11,2011Q4,14,21,14:21:00,Afternoon
578527,21819,GLITTER CHRISTMAS STAR ,-14,2011-11-24 14:24:00,0.0,,United Kingdom,check,True,False,False,True,True,-0.0,2011,11,2011-11,2011Q4,14,24,14:24:00,Afternoon
578528,22601,CHRISTMAS RETROSPOT ANGEL WOOD,-20,2011-11-24 14:24:00,0.0,,United Kingdom,check,True,False,False,True,True,-0.0,2011,11,2011-11,2011Q4,14,24,14:24:00,Afternoon
578529,22087,PAPER BUNTING WHITE LACE,-23,2011-11-24 14:29:00,0.0,,United Kingdom,,True,False,False,True,True,-0.0,2011,11,2011-11,2011Q4,14,29,14:29:00,Afternoon
578628,23541,WALL ART CLASSIC PUDDINGS ,20,2011-11-24 15:55:00,0.0,,United Kingdom,,True,False,False,False,True,0.0,2011,11,2011-11,2011Q4,15,55,15:55:00,Afternoon
578629,22943,CHRISTMAS LIGHTS 10 VINTAGE BAUBLES,24,2011-11-24 15:56:00,0.0,,United Kingdom,,True,False,False,False,True,0.0,2011,11,2011-11,2011Q4,15,56,15:56:00,Afternoon
578632,22579,WOODEN TREE CHRISTMAS SCANDINAVIAN,4,2011-11-24 16:22:00,0.0,,United Kingdom,,True,False,False,False,True,0.0,2011,11,2011-11,2011Q4,16,22,16:22:00,Afternoon
578691,85034A,3 GARDENIA MORRIS BOXED CANDLES,24,2011-11-25 09:37:00,0.0,,United Kingdom,check,True,False,False,False,True,0.0,2011,11,2011-11,2011Q4,9,37,09:37:00,Morning
578692,23157,SET OF 6 NATIVITY MAGNETS ,212,2011-11-25 09:38:00,0.0,,United Kingdom,check,True,False,False,False,True,0.0,2011,11,2011-11,2011Q4,9,38,09:38:00,Morning
578693,21811,HANGING HEART WITH BELL,1,2011-11-25 09:38:00,0.0,,United Kingdom,,True,False,False,False,True,0.0,2011,11,2011-11,2011Q4,9,38,09:38:00,Morning
578700,72807A,SET/3 ROSE CANDLE IN JEWELLED BOX,1,2011-11-25 10:49:00,0.0,,United Kingdom,AMAZON,True,False,False,False,True,0.0,2011,11,2011-11,2011Q4,10,49,10:49:00,Morning
578733,21643,ASSORTED TUTTI FRUTTI MIRROR,-9,2011-11-25 11:32:00,0.0,,United Kingdom,damaged,True,False,False,True,True,-0.0,2011,11,2011-11,2011Q4,11,32,11:32:00,Morning
578738,21638,ASSORTED TUTTI FRUTTI NOTEBOOK,-33,2011-11-25 11:33:00,0.0,,United Kingdom,,True,False,False,True,True,-0.0,2011,11,2011-11,2011Q4,11,33,11:33:00,Morning
578837,35833P,4 PINK FLOCK CHRISTMAS BALLS,-24,2011-11-25 15:51:00,0.0,,United Kingdom,check,True,False,False,True,True,-0.0,2011,11,2011-11,2011Q4,15,51,15:51:00,Afternoon
578838,21591,COSY HOUR CIGAR BOX MATCHES ,-267,2011-11-25 15:52:00,0.0,,United Kingdom,check,True,False,False,True,True,-0.0,2011,11,2011-11,2011Q4,15,52,15:52:00,Afternoon
578839,22959,WRAP CHRISTMAS VILLAGE,-175,2011-11-25 15:52:00,0.0,,United Kingdom,check,True,False,False,True,True,-0.0,2011,11,2011-11,2011Q4,15,52,15:52:00,Afternoon
578840,22142,CHRISTMAS CRAFT WHITE FAIRY ,-70,2011-11-25 15:54:00,0.0,,United Kingdom,check,True,False,False,True,True,-0.0,2011,11,2011-11,2011Q4,15,54,15:54:00,Afternoon
578841,84826,ASSTD DESIGN 3D PAPER STICKERS,12540,2011-11-25 15:57:00,0.0,13256,United Kingdom,ASSTD DESIGN 3D PAPER STICKERS,False,False,False,False,True,0.0,2011,11,2011-11,2011Q4,15,57,15:57:00,Afternoon
578930,22848,BREAD BIN DINER STYLE PINK,1,2011-11-27 12:39:00,0.0,,United Kingdom,AMAZON,True,False,False,False,True,0.0,2011,11,2011-11,2011Q4,12,39,12:39:00,Morning
579272,22812,PACK 3 BOXES CHRISTMAS PANNETONE,2,2011-11-29 10:00:00,0.0,,United Kingdom,,True,False,False,False,True,0.0,2011,11,2011-11,2011Q4,10,0,10:00:00,Morning
579275,22176,BLUE OWL SOFT TOY,1,2011-11-29 10:02:00,0.0,,United Kingdom,amazon,True,False,False,False,True,0.0,2011,11,2011-11,2011Q4,10,2,10:02:00,Morning
579429,20711,JUMBO BAG TOYS ,-98,2011-11-29 13:04:00,0.0,,United Kingdom,lost in space,True,False,False,True,True,-0.0,2011,11,2011-11,2011Q4,13,4,13:04:00,Afternoon
579460,21110,LARGE CAKE TOWEL PINK SPOTS,-151,2011-11-29 14:39:00,0.0,,United Kingdom,,True,False,False,True,True,-0.0,2011,11,2011-11,2011Q4,14,39,14:39:00,Afternoon
579500,22810,SET OF 6 T-LIGHTS SNOWMEN,33,2011-11-29 16:14:00,0.0,,United Kingdom,,True,False,False,False,True,0.0,2011,11,2011-11,2011Q4,16,14,16:14:00,Afternoon
579563,85135C,RED DRAGONFLY HELICOPTER,36,2011-11-30 11:41:00,0.0,,United Kingdom,found,True,False,False,False,True,0.0,2011,11,2011-11,2011Q4,11,41,11:41:00,Morning
579680,22533,MAGIC DRAWING SLATE BAKE A CAKE ,60,2011-11-30 13:29:00,0.0,,United Kingdom,check,True,False,False,False,True,0.0,2011,11,2011-11,2011Q4,13,29,13:29:00,Afternoon
579681,21615,4 LAVENDER BOTANICAL DINNER CANDLES,-26,2011-11-30 13:33:00,0.0,,United Kingdom,check,True,False,False,True,True,-0.0,2011,11,2011-11,2011Q4,13,33,13:33:00,Afternoon
579682,85172,HYACINTH BULB T-LIGHT CANDLES,-145,2011-11-30 13:33:00,0.0,,United Kingdom,check,True,False,False,True,True,-0.0,2011,11,2011-11,2011Q4,13,33,13:33:00,Afternoon
579683,21868,POTTING SHED TEA MUG,-28,2011-11-30 13:35:00,0.0,,United Kingdom,check,True,False,False,True,True,-0.0,2011,11,2011-11,2011Q4,13,35,13:35:00,Afternoon
579688,21116,OWL DOORSTOP,-33,2011-11-30 13:51:00,0.0,,United Kingdom,,True,False,False,True,True,-0.0,2011,11,2011-11,2011Q4,13,51,13:51:00,Afternoon
579691,47503A,ASS FLORAL PRINT MULTI SCREWDRIVER,-5,2011-11-30 14:05:00,0.0,,United Kingdom,,True,False,False,True,True,-0.0,2011,11,2011-11,2011Q4,14,5,14:05:00,Afternoon
579731,35648,VINTAGE BEAD PINK PURSE ,-46,2011-11-30 14:23:00,0.0,,United Kingdom,check,True,False,False,True,True,-0.0,2011,11,2011-11,2011Q4,14,23,14:23:00,Afternoon
579732,35648,VINTAGE BEAD PINK PURSE ,-10,2011-11-30 14:24:00,0.0,,United Kingdom,check,True,False,False,True,True,-0.0,2011,11,2011-11,2011Q4,14,24,14:24:00,Afternoon
579733,84581,DOG TOY WITH PINK CROCHET SKIRT,-41,2011-11-30 14:24:00,0.0,,United Kingdom,check,True,False,False,True,True,-0.0,2011,11,2011-11,2011Q4,14,24,14:24:00,Afternoon
579734,84859C,PINK DISCO HANDBAG,-153,2011-11-30 14:25:00,0.0,,United Kingdom,wet?,True,False,False,True,True,-0.0,2011,11,2011-11,2011Q4,14,25,14:25:00,Afternoon
579735,21793,CLASSIC FRENCH STYLE BASKET BROWN,-40,2011-11-30 14:25:00,0.0,,United Kingdom,check,True,False,False,True,True,-0.0,2011,11,2011-11,2011Q4,14,25,14:25:00,Afternoon
579738,21927,BLUE/CREAM STRIPE CUSHION COVER ,8,2011-11-30 14:26:00,0.0,,United Kingdom,,True,False,False,False,True,0.0,2011,11,2011-11,2011Q4,14,26,14:26:00,Afternoon
579742,85204,HANGING WOOD AND FELT FLOWER,-1131,2011-11-30 14:34:00,0.0,,United Kingdom,lost??,True,False,False,True,True,-0.0,2011,11,2011-11,2011Q4,14,34,14:34:00,Afternoon
579743,21810,CHRISTMAS HANGING STAR WITH BELL,-135,2011-11-30 14:36:00,0.0,,United Kingdom,check,True,False,False,True,True,-0.0,2011,11,2011-11,2011Q4,14,36,14:36:00,Afternoon
579745,22043,CHRISTMAS CARD SCREEN PRINT ,-40,2011-11-30 14:39:00,0.0,,United Kingdom,check,True,False,False,True,True,-0.0,2011,11,2011-11,2011Q4,14,39,14:39:00,Afternoon
579755,84912B,GREEN ROSE WASHBAG,-14,2011-11-30 14:54:00,0.0,,United Kingdom,damaged,True,False,False,True,True,-0.0,2011,11,2011-11,2011Q4,14,54,14:54:00,Afternoon
579873,35819B,"ACRYLIC HANGING JEWEL,BLUE",18,2011-11-30 17:00:00,0.0,,United Kingdom,check,True,False,False,False,True,0.0,2011,11,2011-11,2011Q4,17,0,17:00:00,Afternoon
579879,22759,SET OF 3 NOTEBOOKS IN PARCEL,17,2011-11-30 17:13:00,0.0,,United Kingdom,check,True,False,False,False,True,0.0,2011,11,2011-11,2011Q4,17,13,17:13:00,Afternoon
579880,22947,WOODEN ADVENT CALENDAR RED,5,2011-11-30 17:14:00,0.0,,United Kingdom,,True,False,False,False,True,0.0,2011,11,2011-11,2011Q4,17,14,17:14:00,Afternoon
580087,84341B,SMALL PINK MAGIC CHRISTMAS TREE,-2,2011-12-01 14:27:00,0.0,,United Kingdom,,True,False,False,True,True,-0.0,2011,12,2011-12,2011Q4,14,27,14:27:00,Afternoon
580145,22925,BLUE GIANT GARDEN THERMOMETER,1,2011-12-02 10:03:00,0.0,,United Kingdom,AMAZON,True,False,False,False,True,0.0,2011,12,2011-12,2011Q4,10,3,10:03:00,Morning
580197,22696,WICKER WREATH LARGE,6,2011-12-02 12:04:00,0.0,,United Kingdom,,True,False,False,False,True,0.0,2011,12,2011-12,2011Q4,12,4,12:04:00,Morning
580218,22577,WOODEN HEART CHRISTMAS SCANDINAVIAN,-300,2011-12-02 12:12:00,0.0,,United Kingdom,check,True,False,False,True,True,-0.0,2011,12,2011-12,2011Q4,12,12,12:12:00,Morning
580359,20775,DAISY NOTEBOOK ,-35,2011-12-02 16:11:00,0.0,,United Kingdom,,True,False,False,True,True,-0.0,2011,12,2011-12,2011Q4,16,11,16:11:00,Afternoon
580366,22923,FRIDGE MAGNETS LES ENFANTS ASSORTED,6,2011-12-02 16:38:00,0.0,,United Kingdom,FRIDGE MAGNETS LES ENFANTS ASSORTED,True,False,False,False,True,0.0,2011,12,2011-12,2011Q4,16,38,16:38:00,Afternoon
580366,23169,CLASSIC GLASS COOKIE JAR,6,2011-12-02 16:38:00,0.0,,United Kingdom,CLASSIC GLASS COOKIE JAR,True,False,False,False,True,0.0,2011,12,2011-12,2011Q4,16,38,16:38:00,Afternoon
580366,DOT,DOTCOM POSTAGE,1,2011-12-02 16:38:00,0.0,,United Kingdom,DOTCOM POSTAGE,True,False,False,False,True,0.0,2011,12,2011-12,2011Q4,16,38,16:38:00,Afternoon
580376,22606,WOODEN SKITTLES GARDEN SET,8,2011-12-02 17:49:00,0.0,,United Kingdom,check,True,False,False,False,True,0.0,2011,12,2011-12,2011Q4,17,49,17:49:00,Afternoon
580377,84609,TALL ROCOCO CANDLE HOLDER,-29,2011-12-02 17:52:00,0.0,,United Kingdom,damages,True,False,False,True,True,-0.0,2011,12,2011-12,2011Q4,17,52,17:52:00,Afternoon
580378,22792,FLUTED ANTIQUE CANDLE HOLDER,-73,2011-12-02 17:56:00,0.0,,United Kingdom,damages,True,False,False,True,True,-0.0,2011,12,2011-12,2011Q4,17,56,17:56:00,Afternoon
580379,72225C,LAVENDER SCENT CAKE CANDLE,-144,2011-12-02 17:57:00,0.0,,United Kingdom,,True,False,False,True,True,-0.0,2011,12,2011-12,2011Q4,17,57,17:57:00,Afternoon
580380,21620,SET OF 4 ROSE BOTANICAL CANDLES,-20,2011-12-02 17:58:00,0.0,,United Kingdom,check,True,False,False,True,True,-0.0,2011,12,2011-12,2011Q4,17,58,17:58:00,Afternoon
580381,21758,VINTAGE SHELLS PRINT,-9,2011-12-02 17:58:00,0.0,,United Kingdom,,True,False,False,True,True,-0.0,2011,12,2011-12,2011Q4,17,58,17:58:00,Afternoon
580382,16045,POPART WOODEN PENCILS ASST,-900,2011-12-02 17:59:00,0.0,,United Kingdom,check,True,False,False,True,True,-0.0,2011,12,2011-12,2011Q4,17,59,17:59:00,Afternoon
580383,20652,BLUE POLKADOT LUGGAGE TAG ,-37,2011-12-02 17:59:00,0.0,,United Kingdom,check,True,False,False,True,True,-0.0,2011,12,2011-12,2011Q4,17,59,17:59:00,Afternoon
580390,21888,BINGO SET,1,2011-12-04 10:37:00,0.0,,United Kingdom,Amazon,True,False,False,False,True,0.0,2011,12,2011-12,2011Q4,10,37,10:37:00,Morning
580391,21868,POTTING SHED TEA MUG,1,2011-12-04 10:42:00,0.0,,United Kingdom,Amazon,True,False,False,False,True,0.0,2011,12,2011-12,2011Q4,10,42,10:42:00,Morning
580546,23406,HOME SWEET HOME KEY HOLDER,-21,2011-12-05 09:27:00,0.0,,United Kingdom,CHECK,True,False,False,True,True,-0.0,2011,12,2011-12,2011Q4,9,27,09:27:00,Morning
580547,21201,TROPICAL  HONEYCOMB PAPER GARLAND ,-390,2011-12-05 09:29:00,0.0,,United Kingdom,???,True,False,False,True,True,-0.0,2011,12,2011-12,2011Q4,9,29,09:29:00,Morning
580549,84876B,GREEN HEART COMPACT MIRROR,66,2011-12-05 09:54:00,0.0,,United Kingdom,found,True,False,False,False,True,0.0,2011,12,2011-12,2011Q4,9,54,09:54:00,Morning
580561,22043,CHRISTMAS CARD SCREEN PRINT ,-9,2011-12-05 10:25:00,0.0,,United Kingdom,dotcom,True,False,False,True,True,-0.0,2011,12,2011-12,2011Q4,10,25,10:25:00,Morning
580580,21804,WHITE CHRISTMAS GARLAND STARS TREES,10,2011-12-05 10:33:00,0.0,,United Kingdom,,True,False,False,False,True,0.0,2011,12,2011-12,2011Q4,10,33,10:33:00,Morning
580586,21804,WHITE CHRISTMAS GARLAND STARS TREES,4,2011-12-05 10:34:00,0.0,,United Kingdom,dotcom,True,False,False,False,True,0.0,2011,12,2011-12,2011Q4,10,34,10:34:00,Morning
580588,21808,"CHRISTMAS GARLAND STARS,TREES",5,2011-12-05 10:35:00,0.0,,United Kingdom,,True,False,False,False,True,0.0,2011,12,2011-12,2011Q4,10,35,10:35:00,Morning
580609,22927,GREEN GIANT GARDEN THERMOMETER,1,2011-12-05 11:41:00,0.0,,United Kingdom,Amazon,True,False,False,False,True,0.0,2011,12,2011-12,2011Q4,11,41,11:41:00,Morning
580743,47591B,SCOTTIES CHILDRENS APRON,1,2011-12-06 09:30:00,0.0,,United Kingdom,,True,False,False,False,True,0.0,2011,12,2011-12,2011Q4,9,30,09:30:00,Morning
580990,21109,LARGE CAKE TOWEL CHOCOLATE SPOTS,-48,2011-12-06 16:54:00,0.0,,United Kingdom,wet,True,False,False,True,True,-0.0,2011,12,2011-12,2011Q4,16,54,16:54:00,Afternoon
580991,22481,BLACK TEA TOWEL CLASSIC DESIGN,-288,2011-12-06 16:55:00,0.0,,United Kingdom,wet boxes,True,False,False,True,True,-0.0,2011,12,2011-12,2011Q4,16,55,16:55:00,Afternoon
581102,21803,CHRISTMAS TREE STAR DECORATION,20,2011-12-07 11:57:00,0.0,,United Kingdom,,True,False,False,False,True,0.0,2011,12,2011-12,2011Q4,11,57,11:57:00,Morning
581103,22689,DOORMAT MERRY CHRISTMAS RED ,4,2011-12-07 11:58:00,0.0,,United Kingdom,,True,False,False,False,True,0.0,2011,12,2011-12,2011Q4,11,58,11:58:00,Morning
581190,84801A,PINK HYDRANGEA ART FLOWER,-102,2011-12-07 16:55:00,0.0,,United Kingdom,check,True,False,False,True,True,-0.0,2011,12,2011-12,2011Q4,16,55,16:55:00,Afternoon
581198,22025,RING OF ROSES BIRTHDAY CARD,-30,2011-12-07 18:26:00,0.0,,United Kingdom,check,True,False,False,True,True,-0.0,2011,12,2011-12,2011Q4,18,26,18:26:00,Afternoon
581199,84581,DOG TOY WITH PINK CROCHET SKIRT,-2,2011-12-07 18:26:00,0.0,,United Kingdom,,True,False,False,True,True,-0.0,2011,12,2011-12,2011Q4,18,26,18:26:00,Afternoon
581200,84508C,BLUE CIRCLES DESIGN TEDDY,-21,2011-12-07 18:27:00,0.0,,United Kingdom,check,True,False,False,True,True,-0.0,2011,12,2011-12,2011Q4,18,27,18:27:00,Afternoon
581201,22217,T-LIGHT HOLDER HANGING LACE,-155,2011-12-07 18:30:00,0.0,,United Kingdom,damages?,True,False,False,True,True,-0.0,2011,12,2011-12,2011Q4,18,30,18:30:00,Afternoon
581202,23404,HOME SWEET HOME BLACKBOARD,41,2011-12-07 18:30:00,0.0,,United Kingdom,check,True,False,False,False,True,0.0,2011,12,2011-12,2011Q4,18,30,18:30:00,Afternoon
581203,23406,HOME SWEET HOME KEY HOLDER,15,2011-12-07 18:31:00,0.0,,United Kingdom,,True,False,False,False,True,0.0,2011,12,2011-12,2011Q4,18,31,18:31:00,Afternoon
581204,85104,SILVER GLASS T-LIGHT SET,-355,2011-12-07 18:32:00,0.0,,United Kingdom,????damages????,True,False,False,True,True,-0.0,2011,12,2011-12,2011Q4,18,32,18:32:00,Afternoon
581205,20893,HANGING BAUBLE T-LIGHT HOLDER SMALL,-55,2011-12-07 18:32:00,0.0,,United Kingdom,damages,True,False,False,True,True,-0.0,2011,12,2011-12,2011Q4,18,32,18:32:00,Afternoon
581206,21693,SMALL HAMMERED SILVER CANDLEPOT ,-87,2011-12-07 18:34:00,0.0,,United Kingdom,mixed up,True,False,False,True,True,-0.0,2011,12,2011-12,2011Q4,18,34,18:34:00,Afternoon
581207,21688,SILVER PLATE CANDLE BOWL SMALL,-337,2011-12-07 18:34:00,0.0,,United Kingdom,mixed up,True,False,False,True,True,-0.0,2011,12,2011-12,2011Q4,18,34,18:34:00,Afternoon
581208,72801C,4 ROSE PINK DINNER CANDLES,-10,2011-12-07 18:35:00,0.0,,United Kingdom,check,True,False,False,True,True,-0.0,2011,12,2011-12,2011Q4,18,35,18:35:00,Afternoon
581209,21620,SET OF 4 ROSE BOTANICAL CANDLES,6,2011-12-07 18:35:00,0.0,,United Kingdom,,True,False,False,False,True,0.0,2011,12,2011-12,2011Q4,18,35,18:35:00,Afternoon
581210,23395,BELLE JARDINIERE CUSHION COVER,-26,2011-12-07 18:36:00,0.0,,United Kingdom,check,True,False,False,True,True,-0.0,2011,12,2011-12,2011Q4,18,36,18:36:00,Afternoon
581211,22142,CHRISTMAS CRAFT WHITE FAIRY ,14,2011-12-07 18:36:00,0.0,,United Kingdom,check,True,False,False,False,True,0.0,2011,12,2011-12,2011Q4,18,36,18:36:00,Afternoon
581212,22578,WOODEN STAR CHRISTMAS SCANDINAVIAN,-1050,2011-12-07 18:38:00,0.0,,United Kingdom,lost,True,False,False,True,True,-0.0,2011,12,2011-12,2011Q4,18,38,18:38:00,Afternoon
581213,22576,SWALLOW WOODEN CHRISTMAS DECORATION,-30,2011-12-07 18:38:00,0.0,,United Kingdom,check,True,False,False,True,True,-0.0,2011,12,2011-12,2011Q4,18,38,18:38:00,Afternoon
581226,23090,VINTAGE GLASS T-LIGHT HOLDER,-338,2011-12-08 09:56:00,0.0,,United Kingdom,missing,True,False,False,True,True,-0.0,2011,12,2011-12,2011Q4,9,56,09:56:00,Morning
581234,72817,SET OF 2 CHRISTMAS DECOUPAGE CANDLE,27,2011-12-08 10:33:00,0.0,,United Kingdom,,True,False,False,False,True,0.0,2011,12,2011-12,2011Q4,10,33,10:33:00,Morning
581406,46000M,POLYESTER FILLER PAD 45x45cm,240,2011-12-08 13:58:00,0.0,,United Kingdom,POLYESTER FILLER PAD 45x45cm,True,False,False,False,True,0.0,2011,12,2011-12,2011Q4,13,58,13:58:00,Afternoon
581406,46000S,POLYESTER FILLER PAD 40x40cm,300,2011-12-08 13:58:00,0.0,,United Kingdom,POLYESTER FILLER PAD 40x40cm,True,False,False,False,True,0.0,2011,12,2011-12,2011Q4,13,58,13:58:00,Afternoon
581408,85175,CACTI T-LIGHT CANDLES,20,2011-12-08 14:06:00,0.0,,United Kingdom,,True,False,False,False,True,0.0,2011,12,2011-12,2011Q4,14,6,14:06:00,Afternoon
581422,23169,CLASSIC GLASS COOKIE JAR,-235,2011-12-08 15:24:00,0.0,,United Kingdom,smashed,True,False,False,True,True,-0.0,2011,12,2011-12,2011Q4,15,24,15:24:00,Afternoon
