InvoiceNo,StockCode,Description,Quantity,InvoiceDate,UnitPrice,CustomerID,Country,OriginalDescription_x,MissingCustomerID_x,MissingDescription_x,IsCancelled_x,IsReturn_x,IsFreeItem_x,TotalPrice_x,Year_x,Month_x,MonthYear_x,YearQuarter_x,Hour_x,Minute_x,Time_x,TimeOfDay_x,OriginalDescription_y,MissingCustomerID_y,MissingDescription_y,IsCancelled_y,IsReturn_y,IsFreeItem_y,TotalPrice_y,Year_y,Month_y,MonthYear_y,YearQuarter_y,Hour_y,Minute_y,Time_y,TimeOfDay_y
536589,21777,RECIPE BOX WITH METAL HEART,-10,2010-12-01 16:50:00,0.0,,United Kingdom,,True,False,False,True,True,-0.0,2010,12,2010-12,2010Q4,16,50,16:50:00,Afternoon,,,,,,,,,,,,,,,
536764,84952C,MIRROR LOVE BIRD T-LIGHT HOLDER,-38,2010-12-02 14:42:00,0.0,,United Kingdom,,True,False,False,True,True,-0.0,2010,12,2010-12,2010Q4,14,42,14:42:00,Afternoon,,,,,,,,,,,,,,,
536996,22712,CARD DOLLY GIRL ,-20,2010-12-03 15:30:00,0.0,,United Kingdom,,True,False,False,True,True,-0.0,2010,12,2010-12,2010Q4,15,30,15:30:00,Afternoon,,,,,,,,,,,,,,,
536997,22028,PENNY FARTHING BIRTHDAY CARD,-20,2010-12-03 15:30:00,0.0,,United Kingdom,,True,False,False,True,True,-0.0,2010,12,2010-12,2010Q4,15,30,15:30:00,Afternoon,,,,,,,,,,,,,,,
536998,85067,CREAM SWEETHEART WALL CABINET,-6,2010-12-03 15:30:00,0.0,,United Kingdom,,True,False,False,True,True,-0.0,2010,12,2010-12,2010Q4,15,30,15:30:00,Afternoon,,,,,,,,,,,,,,,
537000,21414,,-22,2010-12-03 15:32:00,0.0,,United Kingdom,,True,True,False,True,True,-0.0,2010,12,2010-12,2010Q4,15,32,15:32:00,Afternoon,,,,,,,,,,,,,,,
537001,21653,,-6,2010-12-03 15:33:00,0.0,,United Kingdom,,True,True,False,True,True,-0.0,2010,12,2010-12,2010Q4,15,33,15:33:00,Afternoon,,,,,,,,,,,,,,,
537003,85126,LARGE ROUND CUTGLASS CANDLESTICK,-2,2010-12-03 15:33:00,0.0,,United Kingdom,,True,False,False,True,True,-0.0,2010,12,2010-12,2010Q4,15,33,15:33:00,Afternoon,,,,,,,,,,,,,,,
537004,21814,HEART T-LIGHT HOLDER ,-30,2010-12-03 15:34:00,0.0,,United Kingdom,,True,False,False,True,True,-0.0,2010,12,2010-12,2010Q4,15,34,15:34:00,Afternoon,,,,,,,,,,,,,,,
537005,21692,SILVER LATTICE VANILLA CANDLE POT,-70,2010-12-03 15:35:00,0.0,,United Kingdom,,True,False,False,True,True,-0.0,2010,12,2010-12,2010Q4,15,35,15:35:00,Afternoon,,,,,,,,,,,,,,,
537006,21648,ASSORTED TUTTI FRUTTI SMALL PURSE,-130,2010-12-03 15:36:00,0.0,,United Kingdom,,True,False,False,True,True,-0.0,2010,12,2010-12,2010Q4,15,36,15:36:00,Afternoon,,,,,,,,,,,,,,,
537007,21172,PARTY METAL SIGN ,-80,2010-12-03 15:36:00,0.0,,United Kingdom,,True,False,False,True,True,-0.0,2010,12,2010-12,2010Q4,15,36,15:36:00,Afternoon,,,,,,,,,,,,,,,
537008,21161,KEEP OUT BOYS DOOR HANGER ,-120,2010-12-03 15:37:00,0.0,,United Kingdom,,True,False,False,True,True,-0.0,2010,12,2010-12,2010Q4,15,37,15:37:00,Afternoon,,,,,,,,,,,,,,,
537009,84534B,FAIRY CAKE NOTEBOOK A5 SIZE,-80,2010-12-03 15:38:00,0.0,,United Kingdom,,True,False,False,True,True,-0.0,2010,12,2010-12,2010Q4,15,38,15:38:00,Afternoon,,,,,,,,,,,,,,,
537010,22162,HEART GARLAND RUSTIC PADDED,-40,2010-12-03 15:38:00,0.0,,United Kingdom,,True,False,False,True,True,-0.0,2010,12,2010-12,2010Q4,15,38,15:38:00,Afternoon,,,,,,,,,,,,,,,
537011,22139,RETROSPOT TEA SET CERAMIC 11 PC ,-5,2010-12-03 15:38:00,0.0,,United Kingdom,,True,False,False,True,True,-0.0,2010,12,2010-12,2010Q4,15,38,15:38:00,Afternoon,,,,,,,,,,,,,,,
537012,21535,RED RETROSPOT SMALL MILK JUG,-12,2010-12-03 15:39:00,0.0,,United Kingdom,,True,False,False,True,True,-0.0,2010,12,2010-12,2010Q4,15,39,15:39:00,Afternoon,,,,,,,,,,,,,,,
537013,35965,FOLKART HEART NAPKIN RINGS,-25,2010-12-03 15:40:00,0.0,,United Kingdom,,True,False,False,True,True,-0.0,2010,12,2010-12,2010Q4,15,40,15:40:00,Afternoon,,,,,,,,,,,,,,,
537014,21040,MODERN VINTAGE COTTON SHOPPING BAG,-20,2010-12-03 15:40:00,0.0,,United Kingdom,,True,False,False,True,True,-0.0,2010,12,2010-12,2010Q4,15,40,15:40:00,Afternoon,,,,,,,,,,,,,,,
537015,37464,,-14,2010-12-03 15:41:00,0.0,,United Kingdom,,True,True,False,True,True,-0.0,2010,12,2010-12,2010Q4,15,41,15:41:00,Afternoon,,,,,,,,,,,,,,,
537016,21836,GINGHAM OVEN GLOVE RED HEART ,-15,2010-12-03 15:41:00,0.0,,United Kingdom,,True,False,False,True,True,-0.0,2010,12,2010-12,2010Q4,15,41,15:41:00,Afternoon,,,,,,,,,,,,,,,
537017,47556B,TEA TIME TEA TOWELS ,-69,2010-12-03 15:41:00,0.0,,United Kingdom,,True,False,False,True,True,-0.0,2010,12,2010-12,2010Q4,15,41,15:41:00,Afternoon,,,,,,,,,,,,,,,
537018,84562A,PINK/WHITE RIBBED MELAMINE JUG,-3,2010-12-03 15:42:00,0.0,,United Kingdom,,True,False,False,True,True,-0.0,2010,12,2010-12,2010Q4,15,42,15:42:00,Afternoon,,,,,,,,,,,,,,,
537019,37474,,-15,2010-12-03 15:43:00,0.0,,United Kingdom,,True,True,False,True,True,-0.0,2010,12,2010-12,2010Q4,15,43,15:43:00,Afternoon,,,,,,,,,,,,,,,
537020,21807,WHITE CHRISTMAS STAR DECORATION,-30,2010-12-03 15:43:00,0.0,,United Kingdom,,True,False,False,True,True,-0.0,2010,12,2010-12,2010Q4,15,43,15:43:00,Afternoon,,,,,,,,,,,,,,,
537021,21011,GLITTER SNOW PEAR TREE DECORATION,-20,2010-12-03 15:43:00,0.0,,United Kingdom,,True,False,False,True,True,-0.0,2010,12,2010-12,2010Q4,15,43,15:43:00,Afternoon,,,,,,,,,,,,,,,
537027,18098C,PORCELAIN BUTTERFLY OIL BURNER,-140,2010-12-03 16:36:00,0.0,,United Kingdom,,True,False,False,True,True,-0.0,2010,12,2010-12,2010Q4,16,36,16:36:00,Afternoon,,,,,,,,,,,,,,,
537028,21696,SMALL SILVER TRELLIS CANDLEPOT,-320,2010-12-03 16:36:00,0.0,,United Kingdom,,True,False,False,True,True,-0.0,2010,12,2010-12,2010Q4,16,36,16:36:00,Afternoon,,,,,,,,,,,,,,,
537029,37476,CONDIMENT TRAY 4 BOWLS AND 4 SPOONS,-6,2010-12-03 16:37:00,0.0,,United Kingdom,,True,False,False,True,True,-0.0,2010,12,2010-12,2010Q4,16,37,16:37:00,Afternoon,,,,,,,,,,,,,,,
537032,21275,ZINC TOP  2 DOOR WOODEN SHELF ,-30,2010-12-03 16:50:00,0.0,,United Kingdom,?,True,False,False,True,True,-0.0,2010,12,2010-12,2010Q4,16,50,16:50:00,Afternoon,,,,,,,,,,,,,,,
537363,84569B,PACK 3 FIRE ENGINE/CAR PATCHES,-20,2010-12-06 12:35:00,0.0,,United Kingdom,,True,False,False,True,True,-0.0,2010,12,2010-12,2010Q4,12,35,12:35:00,Morning,,,,,,,,,,,,,,,
537364,21027,NINJA RABBIT PINK,-70,2010-12-06 12:36:00,0.0,,United Kingdom,,True,False,False,True,True,-0.0,2010,12,2010-12,2010Q4,12,36,12:36:00,Morning,,,,,,,,,,,,,,,
537401,84898F,YELLOW FLOWERS FELT HANDBAG KIT,-24,2010-12-06 14:37:00,0.0,,United Kingdom,,True,False,False,True,True,-0.0,2010,12,2010-12,2010Q4,14,37,14:37:00,Afternoon,,,,,,,,,,,,,,,
537425,84968F,SET OF 16 VINTAGE SKY BLUE CUTLERY,-20,2010-12-06 15:35:00,0.0,,United Kingdom,check,True,False,False,True,True,-0.0,2010,12,2010-12,2010Q4,15,35,15:35:00,Afternoon,,,,,,,,,,,,,,,
537426,84968E,SET OF 16 VINTAGE BLACK CUTLERY,-35,2010-12-06 15:36:00,0.0,,United Kingdom,check,True,False,False,True,True,-0.0,2010,12,2010-12,2010Q4,15,36,15:36:00,Afternoon,,,,,,,,,,,,,,,
537427,84968B,,-21,2010-12-06 15:37:00,0.0,,United Kingdom,,True,True,False,True,True,-0.0,2010,12,2010-12,2010Q4,15,37,15:37:00,Afternoon,,,,,,,,,,,,,,,
537432,35833G,4 GOLD FLOCK CHRISTMAS BALLS,-43,2010-12-06 16:10:00,0.0,,United Kingdom,damages,True,False,False,True,True,-0.0,2010,12,2010-12,2010Q4,16,10,16:10:00,Afternoon,,,,,,,,,,,,,,,
537449,21054,NURSE'S BAG SOFT TOY,-30,2010-12-07 09:26:00,0.0,,United Kingdom,,True,False,False,True,True,-0.0,2010,12,2010-12,2010Q4,9,26,09:26:00,Morning,,,,,,,,,,,,,,,
537450,20684,STRAWBERRY DREAM CHILDS UMBRELLA,-19,2010-12-07 09:26:00,0.0,,United Kingdom,,True,False,False,True,True,-0.0,2010,12,2010-12,2010Q4,9,26,09:26:00,Morning,,,,,,,,,,,,,,,
537451,84881,BLUE WIRE SPIRAL CANDLE HOLDER,-11,2010-12-07 09:27:00,0.0,,United Kingdom,,True,False,False,True,True,-0.0,2010,12,2010-12,2010Q4,9,27,09:27:00,Morning,,,,,,,,,,,,,,,
537452,20941,FROG CANDLE,-24,2010-12-07 09:28:00,0.0,,United Kingdom,,True,False,False,True,True,-0.0,2010,12,2010-12,2010Q4,9,28,09:28:00,Morning,,,,,,,,,,,,,,,
537453,21248,DOOR HANGER  MUM + DADS ROOM,-18,2010-12-07 09:28:00,0.0,,United Kingdom,,True,False,False,True,True,-0.0,2010,12,2010-12,2010Q4,9,28,09:28:00,Morning,,,,,,,,,,,,,,,
537454,21349,IVY HEART WREATH,-44,2010-12-07 09:30:00,0.0,,United Kingdom,,True,False,False,True,True,-0.0,2010,12,2010-12,2010Q4,9,30,09:30:00,Morning,,,,,,,,,,,,,,,
537455,22155,STAR DECORATION RUSTIC,-70,2010-12-07 09:31:00,0.0,,United Kingdom,,True,False,False,True,True,-0.0,2010,12,2010-12,2010Q4,9,31,09:31:00,Morning,,,,,,,,,,,,,,,
537466,21488,RED WHITE SCARF  HOT WATER BOTTLE,-50,2010-12-07 10:33:00,0.0,,United Kingdom,,True,False,False,True,True,-0.0,2010,12,2010-12,2010Q4,10,33,10:33:00,Morning,,,,,,,,,,,,,,,
537687,84840,SWEETHEART CARRY-ALL BASKET,-9,2010-12-08 10:26:00,0.0,,United Kingdom,,True,False,False,True,True,-0.0,2010,12,2010-12,2010Q4,10,26,10:26:00,Morning,,,,,,,,,,,,,,,
537870,21486,PINK HEART DOTS HOT WATER BOTTLE,-77,2010-12-08 17:08:00,0.0,,United Kingdom,,True,False,False,True,True,-0.0,2010,12,2010-12,2010Q4,17,8,17:08:00,Afternoon,,,,,,,,,,,,,,,
537999,22034,ROBIN CHRISTMAS CARD,-223,2010-12-09 11:44:00,0.0,,United Kingdom,,True,False,False,True,True,-0.0,2010,12,2010-12,2010Q4,11,44,11:44:00,Morning,,,,,,,,,,,,,,,
538042,21763,VINTAGE WOODEN BAR STOOL,-4,2010-12-09 13:10:00,0.0,,United Kingdom,,True,False,False,True,True,-0.0,2010,12,2010-12,2010Q4,13,10,13:10:00,Afternoon,,,,,,,,,,,,,,,
538043,22833,HALL CABINET WITH 3 DRAWERS,-1,2010-12-09 13:10:00,0.0,,United Kingdom,,True,False,False,True,True,-0.0,2010,12,2010-12,2010Q4,13,10,13:10:00,Afternoon,,,,,,,,,,,,,,,
538046,85008,SET OF 3 CONEY ISLAND OVAL BOXES,-15,2010-12-09 13:12:00,0.0,,United Kingdom,,True,False,False,True,True,-0.0,2010,12,2010-12,2010Q4,13,12,13:12:00,Afternoon,,,,,,,,,,,,,,,
538047,21429,RED GINGHAM ROSE JEWELLERY BOX,-70,2010-12-09 13:13:00,0.0,,United Kingdom,,True,False,False,True,True,-0.0,2010,12,2010-12,2010Q4,13,13,13:13:00,Afternoon,,,,,,,,,,,,,,,
538054,85167B,BLACK GRAND BAROQUE PHOTO FRAME,-24,2010-12-09 13:34:00,0.0,,United Kingdom,,True,False,False,True,True,-0.0,2010,12,2010-12,2010Q4,13,34,13:34:00,Afternoon,,,,,,,,,,,,,,,
538055,22454,MEASURING TAPE BABUSHKA RED,-20,2010-12-09 13:34:00,0.0,,United Kingdom,,True,False,False,True,True,-0.0,2010,12,2010-12,2010Q4,13,34,13:34:00,Afternoon,,,,,,,,,,,,,,,
538058,20966,SANDWICH BATH SPONGE,-150,2010-12-09 13:38:00,0.0,,United Kingdom,,True,False,False,True,True,-0.0,2010,12,2010-12,2010Q4,13,38,13:38:00,Afternoon,,,,,,,,,,,,,,,
538061,21801,CHRISTMAS TREE DECORATION WITH BELL,-38,2010-12-09 13:39:00,0.0,,United Kingdom,,True,False,False,True,True,-0.0,2010,12,2010-12,2010Q4,13,39,13:39:00,Afternoon,,,,,,,,,,,,,,,
538072,22423,REGENCY CAKESTAND 3 TIER,-13,2010-12-09 14:10:00,0.0,,United Kingdom,faulty,True,False,False,True,True,-0.0,2010,12,2010-12,2010Q4,14,10,14:10:00,Afternoon,,,,,,,,,,,,,,,
538074,21743,STAR PORTABLE TABLE LIGHT ,-80,2010-12-09 14:11:00,0.0,,United Kingdom,,True,False,False,True,True,-0.0,2010,12,2010-12,2010Q4,14,11,14:11:00,Afternoon,,,,,,,,,,,,,,,
538090,20956,PORCELAIN T-LIGHT HOLDERS ASSORTED,-723,2010-12-09 14:48:00,0.0,,United Kingdom,?,True,False,False,True,True,-0.0,2010,12,2010-12,2010Q4,14,48,14:48:00,Afternoon,,,,,,,,,,,,,,,
538092,37467,PIG MUG IN TWO COLOUR DESIGNS,-177,2010-12-09 14:49:00,0.0,,United Kingdom,,True,False,False,True,True,-0.0,2010,12,2010-12,2010Q4,14,49,14:49:00,Afternoon,,,,,,,,,,,,,,,
538158,20892,,-32,2010-12-09 17:17:00,0.0,,United Kingdom,,True,True,False,True,True,-0.0,2010,12,2010-12,2010Q4,17,17,17:17:00,Afternoon,,,,,,,,,,,,,,,
538159,21324,HANGING MEDINA LANTERN SMALL,-18,2010-12-09 17:17:00,0.0,,United Kingdom,,True,False,False,True,True,-0.0,2010,12,2010-12,2010Q4,17,17,17:17:00,Afternoon,,,,,,,,,,,,,,,
538161,46000S,POLYESTER FILLER PAD 40x40cm,-100,2010-12-09 17:25:00,0.0,,United Kingdom,Dotcom sales,True,False,False,True,True,-0.0,2010,12,2010-12,2010Q4,17,25,17:25:00,Afternoon,,,,,,,,,,,,,,,
538162,46000M,POLYESTER FILLER PAD 45x45cm,-100,2010-12-09 17:25:00,0.0,,United Kingdom,Dotcom sales,True,False,False,True,True,-0.0,2010,12,2010-12,2010Q4,17,25,17:25:00,Afternoon,,,,,,,,,,,,,,,
538173,22353,LUNCH BOX WITH CUTLERY FAIRY CAKES ,-28,2010-12-10 09:35:00,0.0,,United Kingdom,,True,False,False,True,True,-0.0,2010,12,2010-12,2010Q4,9,35,09:35:00,Morning,,,,,,,,,,,,,,,
538241,21431,,-21,2010-12-10 12:00:00,0.0,,United Kingdom,,True,True,False,True,True,-0.0,2010,12,2010-12,2010Q4,12,0,12:00:00,Morning,,,,,,,,,,,,,,,
538247,79067,CORONA MEXICAN TRAY,-145,2010-12-10 12:09:00,0.0,,United Kingdom,,True,False,False,True,True,-0.0,2010,12,2010-12,2010Q4,12,9,12:09:00,Morning,,,,,,,,,,,,,,,
538837,85135B,BLUE DRAGONFLY HELICOPTER,-40,2010-12-14 13:10:00,0.0,,United Kingdom,,True,False,False,True,True,-0.0,2010,12,2010-12,2010Q4,13,10,13:10:00,Afternoon,,,,,,,,,,,,,,,
538906,21895,POTTING SHED SOW 'N' GROW SET,-5,2010-12-15 10:31:00,0.0,,United Kingdom,,True,False,False,True,True,-0.0,2010,12,2010-12,2010Q4,10,31,10:31:00,Morning,,,,,,,,,,,,,,,
539980,35001W,HAND OPEN SHAPE DECO.WHITE,-36,2010-12-23 14:34:00,0.0,,United Kingdom,,True,False,False,True,True,-0.0,2010,12,2010-12,2010Q4,14,34,14:34:00,Afternoon,,,,,,,,,,,,,,,
539994,22830,UTILTY CABINET WITH HOOKS,-1,2011-01-04 10:09:00,0.0,,United Kingdom,,True,False,False,True,True,-0.0,2011,1,2011-01,2011Q1,10,9,10:09:00,Morning,,,,,,,,,,,,,,,
539995,85064,CREAM SWEETHEART LETTER RACK,-12,2011-01-04 10:12:00,0.0,,United Kingdom,,True,False,False,True,True,-0.0,2011,1,2011-01,2011Q1,10,12,10:12:00,Morning,,,,,,,,,,,,,,,
539996,21784,SHOE SHINE BOX ,-10,2011-01-04 10:12:00,0.0,,United Kingdom,,True,False,False,True,True,-0.0,2011,1,2011-01,2011Q1,10,12,10:12:00,Morning,,,,,,,,,,,,,,,
539999,20892,,-1,2011-01-04 10:16:00,0.0,,United Kingdom,,True,True,False,True,True,-0.0,2011,1,2011-01,2011Q1,10,16,10:16:00,Morning,,,,,,,,,,,,,,,
540000,84499,BLACK FLOWER CANDLE PLATE,-9,2011-01-04 10:17:00,0.0,,United Kingdom,,True,False,False,True,True,-0.0,2011,1,2011-01,2011Q1,10,17,10:17:00,Morning,,,,,,,,,,,,,,,
540008,85230F,JASMINE VOTIVE CANDLE,-48,2011-01-04 11:10:00,0.0,,United Kingdom,,True,False,False,True,True,-0.0,2011,1,2011-01,2011Q1,11,10,11:10:00,Morning,,,,,,,,,,,,,,,
540009,22158,3 HEARTS HANGING DECORATION RUSTIC,-120,2011-01-04 11:10:00,0.0,,United Kingdom,,True,False,False,True,True,-0.0,2011,1,2011-01,2011Q1,11,10,11:10:00,Morning,,,,,,,,,,,,,,,
540010,22501,PICNIC BASKET WICKER LARGE,-100,2011-01-04 11:13:00,0.0,,United Kingdom,reverse 21/5/10 adjustment,True,False,False,True,True,-0.0,2011,1,2011-01,2011Q1,11,13,11:13:00,Morning,,,,,,,,,,,,,,,
540012,22502,PICNIC BASKET WICKER SMALL,-100,2011-01-04 11:14:00,0.0,,United Kingdom,reverse 21/5/10 adjustment,True,False,False,True,True,-0.0,2011,1,2011-01,2011Q1,11,14,11:14:00,Morning,,,,,,,,,,,,,,,
540100,22837,HOT WATER BOTTLE BABUSHKA ,-106,2011-01-04 16:53:00,0.0,,United Kingdom,?,True,False,False,True,True,-0.0,2011,1,2011-01,2011Q1,16,53,16:53:00,Afternoon,,,,,,,,,,,,,,,
540119,22865,HAND WARMER OWL DESIGN,-60,2011-01-05 10:07:00,0.0,,United Kingdom,,True,False,False,True,True,-0.0,2011,1,2011-01,2011Q1,10,7,10:07:00,Morning,,,,,,,,,,,,,,,
540241,35957,SMALLFOLKART BAUBLE CHRISTMAS DEC,-939,2011-01-05 15:17:00,0.0,,United Kingdom,,True,False,False,True,True,-0.0,2011,1,2011-01,2011Q1,15,17,15:17:00,Afternoon,,,,,,,,,,,,,,,
540252,22198,LARGE POPCORN HOLDER ,-100,2011-01-05 16:25:00,0.0,,United Kingdom,,True,False,False,True,True,-0.0,2011,1,2011-01,2011Q1,16,25,16:25:00,Afternoon,,,,,,,,,,,,,,,
540272,90096,NECKLACE+BRACELET SET BLUE BLOSSOM,-54,2011-01-06 11:57:00,0.0,,United Kingdom,,True,False,False,True,True,-0.0,2011,1,2011-01,2011Q1,11,57,11:57:00,Morning,,,,,,,,,,,,,,,
540369,47591D,PINK FAIRY CAKE CHILDRENS APRON,-201,2011-01-06 16:20:00,0.0,,United Kingdom,,True,False,False,True,True,-0.0,2011,1,2011-01,2011Q1,16,20,16:20:00,Afternoon,,,,,,,,,,,,,,,
540549,21587,COSY HOUR GIANT TUBE MATCHES,-53,2011-01-10 09:07:00,0.0,,United Kingdom,,True,False,False,True,True,-0.0,2011,1,2011-01,2011Q1,9,7,09:07:00,Morning,,,,,,,,,,,,,,,
540558,21258,VICTORIAN SEWING BOX LARGE,-29,2011-01-10 10:04:00,0.0,,United Kingdom,?,True,False,False,True,True,-0.0,2011,1,2011-01,2011Q1,10,4,10:04:00,Morning,,,,,,,,,,,,,,,
540560,21589,,-14,2011-01-10 10:08:00,0.0,,United Kingdom,,True,True,False,True,True,-0.0,2011,1,2011-01,2011Q1,10,8,10:08:00,Morning,,,,,,,,,,,,,,,
540564,22617,BAKING SET SPACEBOY DESIGN,-2600,2011-01-10 10:36:00,0.0,,United Kingdom,"mouldy, thrown away.",True,False,False,True,True,-0.0,2011,1,2011-01,2011Q1,10,36,10:36:00,Morning,,,,,,,,,,,,,,,
540637,21275,ZINC TOP  2 DOOR WOODEN SHELF ,-5,2011-01-10 12:13:00,0.0,,United Kingdom,,True,False,False,True,True,-0.0,2011,1,2011-01,2011Q1,12,13,12:13:00,Morning,,,,,,,,,,,,,,,
540638,72038P,damages,-990,2011-01-10 12:14:00,0.0,,United Kingdom,damages,True,False,False,True,True,-0.0,2011,1,2011-01,2011Q1,12,14,12:14:00,Morning,,,,,,,,,,,,,,,
540650,85124C,GREEN JUICY FRUIT PHOTO FRAME,-8,2011-01-10 14:59:00,0.0,,United Kingdom,,True,False,False,True,True,-0.0,2011,1,2011-01,2011Q1,14,59,14:59:00,Afternoon,,,,,,,,,,,,,,,
540651,82599,FANNY'S REST STOPMETAL SIGN,-290,2011-01-10 15:00:00,0.0,,United Kingdom,?,True,False,False,True,True,-0.0,2011,1,2011-01,2011Q1,15,0,15:00:00,Afternoon,,,,,,,,,,,,,,,
540678,21667,,-1,2011-01-10 16:21:00,0.0,,United Kingdom,,True,True,False,True,True,-0.0,2011,1,2011-01,2011Q1,16,21,16:21:00,Afternoon,,,,,,,,,,,,,,,
540679,21667,,-1,2011-01-10 16:21:00,0.0,,United Kingdom,,True,True,False,True,True,-0.0,2011,1,2011-01,2011Q1,16,21,16:21:00,Afternoon,,,,,,,,,,,,,,,
540683,84546,,-45,2011-01-10 17:00:00,0.0,,United Kingdom,,True,True,False,True,True,-0.0,2011,1,2011-01,2011Q1,17,0,17:00:00,Afternoon,,,,,,,,,,,,,,,
540684,35271S,GOLD PRINT PAPER BAG,-13,2011-01-10 17:01:00,0.0,,United Kingdom,,True,False,False,True,True,-0.0,2011,1,2011-01,2011Q1,17,1,17:01:00,Afternoon,,,,,,,,,,,,,,,
540778,84029E,RED WOOLLY HOTTIE WHITE HEART.,-50,2011-01-11 11:15:00,0.0,,United Kingdom,,True,False,False,True,True,-0.0,2011,1,2011-01,2011Q1,11,15,11:15:00,Morning,,,,,,,,,,,,,,,
540978,84050,PINK HEART SHAPE EGG FRYING PAN,-310,2011-01-12 15:04:00,0.0,,United Kingdom,counted,True,False,False,True,True,-0.0,2011,1,2011-01,2011Q1,15,4,15:04:00,Afternoon,,,,,,,,,,,,,,,
540987,17011A,,-61,2011-01-12 16:15:00,0.0,,United Kingdom,,True,True,False,True,True,-0.0,2011,1,2011-01,2011Q1,16,15,16:15:00,Afternoon,,,,,,,,,,,,,,,
541000,21632,VINTAGE PINK DECORATIVE PARASOL,-41,2011-01-13 10:11:00,0.0,,United Kingdom,,True,False,False,True,True,-0.0,2011,1,2011-01,2011Q1,10,11,10:11:00,Morning,,,,,,,,,,,,,,,
541482,22837,HOT WATER BOTTLE BABUSHKA ,-35,2011-01-18 12:32:00,0.0,,United Kingdom,,True,False,False,True,True,-0.0,2011,1,2011-01,2011Q1,12,32,12:32:00,Morning,,,,,,,,,,,,,,,
541487,85118,HEART T-LIGHT HOLDER,-35,2011-01-18 13:19:00,0.0,,United Kingdom,,True,False,False,True,True,-0.0,2011,1,2011-01,2011Q1,13,19,13:19:00,Afternoon,,,,,,,,,,,,,,,
541519,21429,RED GINGHAM ROSE JEWELLERY BOX,-15,2011-01-19 09:11:00,0.0,,United Kingdom,,True,False,False,True,True,-0.0,2011,1,2011-01,2011Q1,9,11,09:11:00,Morning,,,,,,,,,,,,,,,
541600,22866,HAND WARMER SCOTTY DOG DESIGN,-64,2011-01-19 16:48:00,0.0,,United Kingdom,,True,False,False,True,True,-0.0,2011,1,2011-01,2011Q1,16,48,16:48:00,Afternoon,,,,,,,,,,,,,,,
541601,22632,HAND WARMER RED RETROSPOT,-84,2011-01-19 16:48:00,0.0,,United Kingdom,,True,False,False,True,True,-0.0,2011,1,2011-01,2011Q1,16,48,16:48:00,Afternoon,,,,,,,,,,,,,,,
541685,22351,DOTCOMGIFTSHOP TEA TOWEL,-1400,2011-01-20 15:41:00,0.0,,United Kingdom,Given away,True,False,False,True,True,-0.0,2011,1,2011-01,2011Q1,15,41,15:41:00,Afternoon,,,,,,,,,,,,,,,
541687,46000S,POLYESTER FILLER PAD 40x40cm,-300,2011-01-20 15:42:00,0.0,,United Kingdom,Dotcom,True,False,False,True,True,-0.0,2011,1,2011-01,2011Q1,15,42,15:42:00,Afternoon,,,,,,,,,,,,,,,
541702,22451,SILK PURSE BABUSHKA RED,-30,2011-01-21 09:44:00,0.0,,United Kingdom,,True,False,False,True,True,-0.0,2011,1,2011-01,2011Q1,9,44,09:44:00,Morning,,,,,,,,,,,,,,,
541802,20854,BLUE PATCH PURSE PINK HEART,-80,2011-01-21 14:45:00,0.0,,United Kingdom,,True,False,False,True,True,-0.0,2011,1,2011-01,2011Q1,14,45,14:45:00,Afternoon,,,,,,,,,,,,,,,
541882,48185,DOORMAT FAIRY CAKE,-57,2011-01-24 10:54:00,0.0,,United Kingdom,?,True,False,False,True,True,-0.0,2011,1,2011-01,2011Q1,10,54,10:54:00,Morning,,,,,,,,,,,,,,,
541967,84823,DANISH ROSE FOLDING CHAIR,-3,2011-01-24 13:35:00,0.0,,United Kingdom,,True,False,False,True,True,-0.0,2011,1,2011-01,2011Q1,13,35,13:35:00,Afternoon,,,,,,,,,,,,,,,
542225,85096,HILDA CANDY SPOT RABBIT,-59,2011-01-26 13:10:00,0.0,,United Kingdom,label mix up,True,False,False,True,True,-0.0,2011,1,2011-01,2011Q1,13,10,13:10:00,Afternoon,,,,,,,,,,,,,,,
542361,85161,ACRYLIC GEOMETRIC LAMP,-20,2011-01-27 12:47:00,0.0,,United Kingdom,samples/damages,True,False,False,True,True,-0.0,2011,1,2011-01,2011Q1,12,47,12:47:00,Morning,,,,,,,,,,,,,,,
542362,20699,MOUSEY LONG LEGS SOFT TOY,-16,2011-01-27 12:49:00,0.0,,United Kingdom,,True,False,False,True,True,-0.0,2011,1,2011-01,2011Q1,12,49,12:49:00,Morning,,,,,,,,,,,,,,,
542365,21897,POTTING SHED CANDLE CITRONELLA,-22,2011-01-27 12:51:00,0.0,,United Kingdom,,True,False,False,True,True,-0.0,2011,1,2011-01,2011Q1,12,51,12:51:00,Morning,,,,,,,,,,,,,,,
542367,82583,HOT BATHS METAL SIGN,-30,2011-01-27 12:57:00,0.0,,United Kingdom,,True,False,False,True,True,-0.0,2011,1,2011-01,2011Q1,12,57,12:57:00,Morning,,,,,,,,,,,,,,,
542368,85188B,PINK METAL SWINGING BUNNY,-70,2011-01-27 12:59:00,0.0,,United Kingdom,,True,False,False,True,True,-0.0,2011,1,2011-01,2011Q1,12,59,12:59:00,Morning,,,,,,,,,,,,,,,
542379,35922,EASTER BUNNY WREATH,-30,2011-01-27 13:58:00,0.0,,United Kingdom,,True,False,False,True,True,-0.0,2011,1,2011-01,2011Q1,13,58,13:58:00,Afternoon,,,,,,,,,,,,,,,
542380,84917,WHITE HAND TOWEL WITH BUTTERFLY,-50,2011-01-27 13:59:00,0.0,,United Kingdom,,True,False,False,True,True,-0.0,2011,1,2011-01,2011Q1,13,59,13:59:00,Afternoon,,,,,,,,,,,,,,,
542391,84455,,-31,2011-01-27 14:54:00,0.0,,United Kingdom,,True,True,False,True,True,-0.0,2011,1,2011-01,2011Q1,14,54,14:54:00,Afternoon,,,,,,,,,,,,,,,
542392,84227,,-2,2011-01-27 14:56:00,0.0,,United Kingdom,,True,True,False,True,True,-0.0,2011,1,2011-01,2011Q1,14,56,14:56:00,Afternoon,,,,,,,,,,,,,,,
542396,22146,EASTER CRAFT IVY WREATH WITH CHICK,-4,2011-01-27 15:12:00,0.0,,United Kingdom,,True,False,False,True,True,-0.0,2011,1,2011-01,2011Q1,15,12,15:12:00,Afternoon,,,,,,,,,,,,,,,
542414,84967A,,-2,2011-01-27 17:15:00,0.0,,United Kingdom,,True,True,False,True,True,-0.0,2011,1,2011-01,2011Q1,17,15,17:15:00,Afternoon,,,,,,,,,,,,,,,
542415,84967B,,-1,2011-01-27 17:15:00,0.0,,United Kingdom,,True,True,False,True,True,-0.0,2011,1,2011-01,2011Q1,17,15,17:15:00,Afternoon,,,,,,,,,,,,,,,
542417,84966B,,-11,2011-01-27 17:38:00,0.0,,United Kingdom,,True,True,False,True,True,-0.0,2011,1,2011-01,2011Q1,17,38,17:38:00,Afternoon,,,,,,,,,,,,,,,
542418,84966A,,-17,2011-01-27 17:39:00,0.0,,United Kingdom,,True,True,False,True,True,-0.0,2011,1,2011-01,2011Q1,17,39,17:39:00,Afternoon,,,,,,,,,,,,,,,
542518,22184,CAKE STAND VICTORIAN FILIGREE LARGE,-13,2011-01-28 12:17:00,0.0,,United Kingdom,,True,False,False,True,True,-0.0,2011,1,2011-01,2011Q1,12,17,12:17:00,Morning,,,,,,,,,,,,,,,
542529,DCGS0055,,-1,2011-01-28 13:08:00,0.0,,United Kingdom,,True,True,False,True,True,-0.0,2011,1,2011-01,2011Q1,13,8,13:08:00,Afternoon,,,,,,,,,,,,,,,
542531,DCGS0072,,-1,2011-01-28 13:08:00,0.0,,United Kingdom,,True,True,False,True,True,-0.0,2011,1,2011-01,2011Q1,13,8,13:08:00,Afternoon,,,,,,,,,,,,,,,
542532,DCGS0074,,-1,2011-01-28 13:09:00,0.0,,United Kingdom,,True,True,False,True,True,-0.0,2011,1,2011-01,2011Q1,13,9,13:09:00,Afternoon,,,,,,,,,,,,,,,
542544,17165D,ASS COL LARGE SAND FROG P'WEIGHT,-10,2011-01-28 14:43:00,0.0,,United Kingdom,,True,False,False,True,True,-0.0,2011,1,2011-01,2011Q1,14,43,14:43:00,Afternoon,,,,,,,,,,,,,,,
542546,20734,SILVER MINI TAPE MEASURE ,-1,2011-01-28 14:44:00,0.0,,United Kingdom,,True,False,False,True,True,-0.0,2011,1,2011-01,2011Q1,14,44,14:44:00,Afternoon,,,,,,,,,,,,,,,
542547,20864,,-1,2011-01-28 14:45:00,0.0,,United Kingdom,,True,True,False,True,True,-0.0,2011,1,2011-01,2011Q1,14,45,14:45:00,Afternoon,,,,,,,,,,,,,,,
542548,20892,,-1,2011-01-28 14:45:00,0.0,,United Kingdom,,True,True,False,True,True,-0.0,2011,1,2011-01,2011Q1,14,45,14:45:00,Afternoon,,,,,,,,,,,,,,,
542550,20910,VINTAGE PHOTO ALBUM PARIS DAYS,-1,2011-01-28 14:45:00,0.0,,United Kingdom,,True,False,False,True,True,-0.0,2011,1,2011-01,2011Q1,14,45,14:45:00,Afternoon,,,,,,,,,,,,,,,
542551,21282,,-1,2011-01-28 14:46:00,0.0,,United Kingdom,,True,True,False,True,True,-0.0,2011,1,2011-01,2011Q1,14,46,14:46:00,Afternoon,,,,,,,,,,,,,,,
542552,21645,ASSORTED TUTTI FRUTTI ROUND BOX,-1,2011-01-28 14:47:00,0.0,,United Kingdom,,True,False,False,True,True,-0.0,2011,1,2011-01,2011Q1,14,47,14:47:00,Afternoon,,,,,,,,,,,,,,,
542553,21805,,-1,2011-01-28 14:49:00,0.0,,United Kingdom,,True,True,False,True,True,-0.0,2011,1,2011-01,2011Q1,14,49,14:49:00,Afternoon,,,,,,,,,,,,,,,
542554,21836,GINGHAM OVEN GLOVE RED HEART ,-1,2011-01-28 14:49:00,0.0,,United Kingdom,,True,False,False,True,True,-0.0,2011,1,2011-01,2011Q1,14,49,14:49:00,Afternoon,,,,,,,,,,,,,,,
542555,21841,BABY MOUSE RED GINGHAM DRESS,-1,2011-01-28 14:50:00,0.0,,United Kingdom,,True,False,False,True,True,-0.0,2011,1,2011-01,2011Q1,14,50,14:50:00,Afternoon,,,,,,,,,,,,,,,
542556,22143,,-1,2011-01-28 14:50:00,0.0,,United Kingdom,,True,True,False,True,True,-0.0,2011,1,2011-01,2011Q1,14,50,14:50:00,Afternoon,,,,,,,,,,,,,,,
542557,22765,NEWSPAPER STAND,-1,2011-01-28 14:50:00,0.0,,United Kingdom,,True,False,False,True,True,-0.0,2011,1,2011-01,2011Q1,14,50,14:50:00,Afternoon,,,,,,,,,,,,,,,
542558,35644,,-1,2011-01-28 14:51:00,0.0,,United Kingdom,,True,True,False,True,True,-0.0,2011,1,2011-01,2011Q1,14,51,14:51:00,Afternoon,,,,,,,,,,,,,,,
542559,35991,,-1,2011-01-28 14:51:00,0.0,,United Kingdom,,True,True,False,True,True,-0.0,2011,1,2011-01,2011Q1,14,51,14:51:00,Afternoon,,,,,,,,,,,,,,,
542560,47579,,-1,2011-01-28 14:51:00,0.0,,United Kingdom,,True,True,False,True,True,-0.0,2011,1,2011-01,2011Q1,14,51,14:51:00,Afternoon,,,,,,,,,,,,,,,
542561,84424A,,-1,2011-01-28 14:52:00,0.0,,United Kingdom,,True,True,False,True,True,-0.0,2011,1,2011-01,2011Q1,14,52,14:52:00,Afternoon,,,,,,,,,,,,,,,
542562,84499,BLACK FLOWER CANDLE PLATE,-1,2011-01-28 14:52:00,0.0,,United Kingdom,,True,False,False,True,True,-0.0,2011,1,2011-01,2011Q1,14,52,14:52:00,Afternoon,,,,,,,,,,,,,,,
542563,84509F,,-1,2011-01-28 14:52:00,0.0,,United Kingdom,,True,True,False,True,True,-0.0,2011,1,2011-01,2011Q1,14,52,14:52:00,Afternoon,,,,,,,,,,,,,,,
542564,84526,,-1,2011-01-28 14:52:00,0.0,,United Kingdom,,True,True,False,True,True,-0.0,2011,1,2011-01,2011Q1,14,52,14:52:00,Afternoon,,,,,,,,,,,,,,,
542565,84664,,-1,2011-01-28 14:52:00,0.0,,United Kingdom,,True,True,False,True,True,-0.0,2011,1,2011-01,2011Q1,14,52,14:52:00,Afternoon,,,,,,,,,,,,,,,
542566,84964B,,-1,2011-01-28 14:53:00,0.0,,United Kingdom,,True,True,False,True,True,-0.0,2011,1,2011-01,2011Q1,14,53,14:53:00,Afternoon,,,,,,,,,,,,,,,
542567,84975,HEART SHAPED MIRROR,-1,2011-01-28 14:53:00,0.0,,United Kingdom,,True,False,False,True,True,-0.0,2011,1,2011-01,2011Q1,14,53,14:53:00,Afternoon,,,,,,,,,,,,,,,
542569,85028L,FRENCH CHATEAU LARGE FRUIT BOWL ,-1,2011-01-28 14:53:00,0.0,,United Kingdom,,True,False,False,True,True,-0.0,2011,1,2011-01,2011Q1,14,53,14:53:00,Afternoon,,,,,,,,,,,,,,,
542570,85028S,FRENCH CHATEAU SMALL FRUITBOWL,-1,2011-01-28 14:53:00,0.0,,United Kingdom,,True,False,False,True,True,-0.0,2011,1,2011-01,2011Q1,14,53,14:53:00,Afternoon,,,,,,,,,,,,,,,
542571,85031C,CURIOUS IMAGES SCRAP BOOK SET,-1,2011-01-28 14:54:00,0.0,,United Kingdom,,True,False,False,True,True,-0.0,2011,1,2011-01,2011Q1,14,54,14:54:00,Afternoon,,,,,,,,,,,,,,,
542572,85064,CREAM SWEETHEART LETTER RACK,-1,2011-01-28 14:54:00,0.0,,United Kingdom,,True,False,False,True,True,-0.0,2011,1,2011-01,2011Q1,14,54,14:54:00,Afternoon,,,,,,,,,,,,,,,
542573,85110,,-1,2011-01-28 14:55:00,0.0,,United Kingdom,,True,True,False,True,True,-0.0,2011,1,2011-01,2011Q1,14,55,14:55:00,Afternoon,,,,,,,,,,,,,,,
542574,85119,,-1,2011-01-28 14:55:00,0.0,,United Kingdom,,True,True,False,True,True,-0.0,2011,1,2011-01,2011Q1,14,55,14:55:00,Afternoon,,,,,,,,,,,,,,,
542575,85126,LARGE ROUND CUTGLASS CANDLESTICK,-1,2011-01-28 14:55:00,0.0,,United Kingdom,,True,False,False,True,True,-0.0,2011,1,2011-01,2011Q1,14,55,14:55:00,Afternoon,,,,,,,,,,,,,,,
542576,85179B,,-1,2011-01-28 14:56:00,0.0,,United Kingdom,,True,True,False,True,True,-0.0,2011,1,2011-01,2011Q1,14,56,14:56:00,Afternoon,,,,,,,,,,,,,,,
542577,85232B,SET OF 3 BABUSHKA STACKING TINS,-1,2011-01-28 14:56:00,0.0,,United Kingdom,,True,False,False,True,True,-0.0,2011,1,2011-01,2011Q1,14,56,14:56:00,Afternoon,,,,,,,,,,,,,,,
542579,90000C,,-1,2011-01-28 14:57:00,0.0,,United Kingdom,,True,True,False,True,True,-0.0,2011,1,2011-01,2011Q1,14,57,14:57:00,Afternoon,,,,,,,,,,,,,,,
542580,90095,,-1,2011-01-28 14:58:00,0.0,,United Kingdom,,True,True,False,True,True,-0.0,2011,1,2011-01,2011Q1,14,58,14:58:00,Afternoon,,,,,,,,,,,,,,,
542581,90091,,-1,2011-01-28 14:58:00,0.0,,United Kingdom,,True,True,False,True,True,-0.0,2011,1,2011-01,2011Q1,14,58,14:58:00,Afternoon,,,,,,,,,,,,,,,
542582,DCGS0057,,-6,2011-01-28 15:01:00,0.0,,United Kingdom,,True,True,False,True,True,-0.0,2011,1,2011-01,2011Q1,15,1,15:01:00,Afternoon,,,,,,,,,,,,,,,
542861,47591B,SCOTTIES CHILDRENS APRON,-207,2011-02-01 11:47:00,0.0,,United Kingdom,?,True,False,False,True,True,-0.0,2011,2,2011-02,2011Q1,11,47,11:47:00,Morning,,,,,,,,,,,,,,,
542879,22242,5 HOOK HANGER MAGIC TOADSTOOL,-19,2011-02-01 12:52:00,0.0,,United Kingdom,,True,False,False,True,True,-0.0,2011,2,2011-02,2011Q1,12,52,12:52:00,Morning,,,,,,,,,,,,,,,
542882,22162,HEART GARLAND RUSTIC PADDED,-40,2011-02-01 12:55:00,0.0,,United Kingdom,,True,False,False,True,True,-0.0,2011,2,2011-02,2011Q1,12,55,12:55:00,Morning,,,,,,,,,,,,,,,
542883,21448,12 DAISY PEGS IN WOOD BOX,-40,2011-02-01 13:07:00,0.0,,United Kingdom,,True,False,False,True,True,-0.0,2011,2,2011-02,2011Q1,13,7,13:07:00,Afternoon,,,,,,,,,,,,,,,
542884,84748,FOLK FELT HANGING MULTICOL GARLAND,-52,2011-02-01 13:08:00,0.0,,United Kingdom,,True,False,False,True,True,-0.0,2011,2,2011-02,2011Q1,13,8,13:08:00,Afternoon,,,,,,,,,,,,,,,
542885,84465,15 PINK FLUFFY CHICKS IN BOX,-6,2011-02-01 13:08:00,0.0,,United Kingdom,,True,False,False,True,True,-0.0,2011,2,2011-02,2011Q1,13,8,13:08:00,Afternoon,,,,,,,,,,,,,,,
543034,85049F,BABY BOOM RIBBONS ,-130,2011-02-02 15:50:00,0.0,,United Kingdom,,True,False,False,True,True,-0.0,2011,2,2011-02,2011Q1,15,50,15:50:00,Afternoon,,,,,,,,,,,,,,,
543035,35004C,SET OF 3 COLOURED  FLYING DUCKS,-206,2011-02-02 15:51:00,0.0,,United Kingdom,,True,False,False,True,True,-0.0,2011,2,2011-02,2011Q1,15,51,15:51:00,Afternoon,,,,,,,,,,,,,,,
543194,21355,TOAST ITS - I LOVE YOU ,-217,2011-02-04 12:25:00,0.0,,United Kingdom,,True,False,False,True,True,-0.0,2011,2,2011-02,2011Q1,12,25,12:25:00,Morning,,,,,,,,,,,,,,,
543257,84611B,thrown away,-1430,2011-02-04 16:06:00,0.0,,United Kingdom,thrown away,True,False,False,True,True,-0.0,2011,2,2011-02,2011Q1,16,6,16:06:00,Afternoon,,,,,,,,,,,,,,,
543259,84612B,thrown away,-162,2011-02-04 16:07:00,0.0,,United Kingdom,thrown away,True,False,False,True,True,-0.0,2011,2,2011-02,2011Q1,16,7,16:07:00,Afternoon,,,,,,,,,,,,,,,
543260,84613A,PINK NEW BAROQUE FLOCK CANDLESTICK,-230,2011-02-04 16:07:00,0.0,,United Kingdom,thrown away,True,False,False,True,True,-0.0,2011,2,2011-02,2011Q1,16,7,16:07:00,Afternoon,,,,,,,,,,,,,,,
543261,84613C,BLUE NEW BAROQUE FLOCK CANDLESTICK,-173,2011-02-04 16:08:00,0.0,,United Kingdom,,True,False,False,True,True,-0.0,2011,2,2011-02,2011Q1,16,8,16:08:00,Afternoon,,,,,,,,,,,,,,,
543262,84614A,PINK BAROQUE FLOCK CANDLE HOLDER,-390,2011-02-04 16:08:00,0.0,,United Kingdom,thrown away,True,False,False,True,True,-0.0,2011,2,2011-02,2011Q1,16,8,16:08:00,Afternoon,,,,,,,,,,,,,,,
543265,84872A,TEATIME FUNKY FLOWER BACKPACK FOR 2,-4,2011-02-04 17:23:00,0.0,,United Kingdom,,True,False,False,True,True,-0.0,2011,2,2011-02,2011Q1,17,23,17:23:00,Afternoon,,,,,,,,,,,,,,,
543266,82095,HEART BUTTONS JEWELLERY BOX,-5,2011-02-04 17:24:00,0.0,,United Kingdom,,True,False,False,True,True,-0.0,2011,2,2011-02,2011Q1,17,24,17:24:00,Afternoon,,,,,,,,,,,,,,,
543269,84638,SMALL KITCHEN FLOWER POTS PLAQUE,-18,2011-02-04 17:25:00,0.0,,United Kingdom,,True,False,False,True,True,-0.0,2011,2,2011-02,2011Q1,17,25,17:25:00,Afternoon,,,,,,,,,,,,,,,
543270,84631,FRUIT TREE AND BIRDS WALL PLAQUE,-19,2011-02-04 17:25:00,0.0,,United Kingdom,,True,False,False,True,True,-0.0,2011,2,2011-02,2011Q1,17,25,17:25:00,Afternoon,,,,,,,,,,,,,,,
543271,21087,SET/6 POSIES PAPER CUPS,-6,2011-02-04 17:26:00,0.0,,United Kingdom,,True,False,False,True,True,-0.0,2011,2,2011-02,2011Q1,17,26,17:26:00,Afternoon,,,,,,,,,,,,,,,
543308,35969,,-3,2011-02-07 12:04:00,0.0,,United Kingdom,,True,True,False,True,True,-0.0,2011,2,2011-02,2011Q1,12,4,12:04:00,Morning,,,,,,,,,,,,,,,
543310,35954,SMALL FOLKART STAR CHRISTMAS DEC,-234,2011-02-07 12:10:00,0.0,,United Kingdom,,True,False,False,True,True,-0.0,2011,2,2011-02,2011Q1,12,10,12:10:00,Morning,,,,,,,,,,,,,,,
543390,84880,WHITE WIRE EGG HOLDER,-5,2011-02-08 10:02:00,0.0,,United Kingdom,,True,False,False,True,True,-0.0,2011,2,2011-02,2011Q1,10,2,10:02:00,Morning,,,,,,,,,,,,,,,
543521,22769,CHALKBOARD KITCHEN ORGANISER,-6,2011-02-09 11:49:00,0.0,,United Kingdom,,True,False,False,True,True,-0.0,2011,2,2011-02,2011Q1,11,49,11:49:00,Morning,,,,,,,,,,,,,,,
543545,22627,MINT KITCHEN SCALES,-11,2011-02-09 15:50:00,0.0,,United Kingdom,,True,False,False,True,True,-0.0,2011,2,2011-02,2011Q1,15,50,15:50:00,Afternoon,,,,,,,,,,,,,,,
543552,22847,BREAD BIN DINER STYLE IVORY,-10,2011-02-10 10:05:00,0.0,,United Kingdom,,True,False,False,True,True,-0.0,2011,2,2011-02,2011Q1,10,5,10:05:00,Morning,,,,,,,,,,,,,,,
543654,22525,CHILDRENS GARDEN GLOVES PINK,-57,2011-02-11 10:29:00,0.0,,United Kingdom,,True,False,False,True,True,-0.0,2011,2,2011-02,2011Q1,10,29,10:29:00,Morning,,,,,,,,,,,,,,,
543655,21717,EASTER TIN BUCKET,-42,2011-02-11 10:30:00,0.0,,United Kingdom,,True,False,False,True,True,-0.0,2011,2,2011-02,2011Q1,10,30,10:30:00,Morning,,,,,,,,,,,,,,,
543656,84801B,WHITE HYDRANGEA ART FLOWER,-44,2011-02-11 10:30:00,0.0,,United Kingdom,,True,False,False,True,True,-0.0,2011,2,2011-02,2011Q1,10,30,10:30:00,Morning,,,,,,,,,,,,,,,
543783,20966,SANDWICH BATH SPONGE,-41,2011-02-11 16:45:00,0.0,,United Kingdom,,True,False,False,True,True,-0.0,2011,2,2011-02,2011Q1,16,45,16:45:00,Afternoon,,,,,,,,,,,,,,,
543827,84406B,CREAM CUPID HEARTS COAT HANGER,-64,2011-02-14 09:44:00,0.0,,United Kingdom,incorrectly made-thrown away.,True,False,False,True,True,-0.0,2011,2,2011-02,2011Q1,9,44,09:44:00,Morning,,,,,,,,,,,,,,,
544046,21785,RAIN PONCHO ,-140,2011-02-15 12:34:00,0.0,,United Kingdom,,True,False,False,True,True,-0.0,2011,2,2011-02,2011Q1,12,34,12:34:00,Morning,,,,,,,,,,,,,,,
544063,22837,HOT WATER BOTTLE BABUSHKA ,-9,2011-02-15 13:37:00,0.0,,United Kingdom,,True,False,False,True,True,-0.0,2011,2,2011-02,2011Q1,13,37,13:37:00,Afternoon,,,,,,,,,,,,,,,
544086,21785,RAIN PONCHO ,-7,2011-02-15 16:49:00,0.0,,United Kingdom,,True,False,False,True,True,-0.0,2011,2,2011-02,2011Q1,16,49,16:49:00,Afternoon,,,,,,,,,,,,,,,
544342,22633,HAND WARMER UNION JACK,-53,2011-02-18 09:44:00,0.0,,United Kingdom,,True,False,False,True,True,-0.0,2011,2,2011-02,2011Q1,9,44,09:44:00,Morning,,,,,,,,,,,,,,,
544343,22867,HAND WARMER BIRD DESIGN,-99,2011-02-18 09:45:00,0.0,,United Kingdom,,True,False,False,True,True,-0.0,2011,2,2011-02,2011Q1,9,45,09:45:00,Morning,,,,,,,,,,,,,,,
544346,22114,HOT WATER BOTTLE TEA AND SYMPATHY,-21,2011-02-18 09:50:00,0.0,,United Kingdom,,True,False,False,True,True,-0.0,2011,2,2011-02,2011Q1,9,50,09:50:00,Morning,,,,,,,,,,,,,,,
544347,22114,HOT WATER BOTTLE TEA AND SYMPATHY,-4,2011-02-18 09:51:00,0.0,,United Kingdom,,True,False,False,True,True,-0.0,2011,2,2011-02,2011Q1,9,51,09:51:00,Morning,,,,,,,,,,,,,,,
544396,62094B,TURQ ICE CREAM BUM BAG ,-92,2011-02-18 12:16:00,0.0,,United Kingdom,,True,False,False,True,True,-0.0,2011,2,2011-02,2011Q1,12,16,12:16:00,Morning,,,,,,,,,,,,,,,
544410,84997C,CHILDRENS CUTLERY POLKADOT BLUE,-741,2011-02-18 13:54:00,0.0,,United Kingdom,?,True,False,False,True,True,-0.0,2011,2,2011-02,2011Q1,13,54,13:54:00,Afternoon,,,,,,,,,,,,,,,
544554,22588,CARD HOLDER GINGHAM HEART,-41,2011-02-21 12:12:00,0.0,,United Kingdom,,True,False,False,True,True,-0.0,2011,2,2011-02,2011Q1,12,12,12:12:00,Morning,,,,,,,,,,,,,,,
544579,21651,HANGING GLASS ETCHED TEALIGHT,-6,2011-02-21 14:05:00,0.0,,United Kingdom,,True,False,False,True,True,-0.0,2011,2,2011-02,2011Q1,14,5,14:05:00,Afternoon,,,,,,,,,,,,,,,
544649,21621,VINTAGE UNION JACK BUNTING,-400,2011-02-22 12:37:00,0.0,,United Kingdom,?,True,False,False,True,True,-0.0,2011,2,2011-02,2011Q1,12,37,12:37:00,Morning,,,,,,,,,,,,,,,
544703,22202,MILK PAN PINK POLKADOT,-114,2011-02-23 10:35:00,0.0,,United Kingdom,,True,False,False,True,True,-0.0,2011,2,2011-02,2011Q1,10,35,10:35:00,Morning,,,,,,,,,,,,,,,
544832,62096A,PINK/YELLOW FLOWERS HANDBAG,-88,2011-02-24 10:05:00,0.0,,United Kingdom,,True,False,False,True,True,-0.0,2011,2,2011-02,2011Q1,10,5,10:05:00,Morning,,,,,,,,,,,,,,,
544834,90200C,BLUE SWEETHEART BRACELET,-33,2011-02-24 10:15:00,0.0,,United Kingdom,,True,False,False,True,True,-0.0,2011,2,2011-02,2011Q1,10,15,10:15:00,Morning,,,,,,,,,,,,,,,
545127,22024,RAINY LADIES BIRTHDAY CARD,-50,2011-02-28 12:04:00,0.0,,United Kingdom,,True,False,False,True,True,-0.0,2011,2,2011-02,2011Q1,12,4,12:04:00,Morning,,,,,,,,,,,,,,,
545135,22028,PENNY FARTHING BIRTHDAY CARD,-30,2011-02-28 12:06:00,0.0,,United Kingdom,,True,False,False,True,True,-0.0,2011,2,2011-02,2011Q1,12,6,12:06:00,Morning,,,,,,,,,,,,,,,
545219,20738,,-36,2011-02-28 17:04:00,0.0,,United Kingdom,,True,True,False,True,True,-0.0,2011,2,2011-02,2011Q1,17,4,17:04:00,Afternoon,,,,,,,,,,,,,,,
545236,22797,CHEST OF DRAWERS GINGHAM HEART ,-15,2011-03-01 10:32:00,0.0,,United Kingdom,damages,True,False,False,True,True,-0.0,2011,3,2011-03,2011Q1,10,32,10:32:00,Morning,,,,,,,,,,,,,,,
545401,21769,VINTAGE POST OFFICE CABINET,-5,2011-03-02 12:03:00,0.0,,United Kingdom,showroom,True,False,False,True,True,-0.0,2011,3,2011-03,2011Q1,12,3,12:03:00,Morning,,,,,,,,,,,,,,,
545402,22862,LOVE HEART NAPKIN BOX ,-33,2011-03-02 12:07:00,0.0,,United Kingdom,,True,False,False,True,True,-0.0,2011,3,2011-03,2011Q1,12,7,12:07:00,Morning,,,,,,,,,,,,,,,
545546,84249A,"GREETING CARD,SQUARE, DOUGHNUTS",-150,2011-03-03 15:03:00,0.0,,United Kingdom,check,True,False,False,True,True,-0.0,2011,3,2011-03,2011Q1,15,3,15:03:00,Afternoon,,,,,,,,,,,,,,,
545547,85061W,WHITE JEWELLED HEART DECORATION,-391,2011-03-03 15:07:00,0.0,,United Kingdom,,True,False,False,True,True,-0.0,2011,3,2011-03,2011Q1,15,7,15:07:00,Afternoon,,,,,,,,,,,,,,,
545548,77101A,UNION FLAG WINDSOCK,-87,2011-03-03 15:08:00,0.0,,United Kingdom,,True,False,False,True,True,-0.0,2011,3,2011-03,2011Q1,15,8,15:08:00,Afternoon,,,,,,,,,,,,,,,
545549,15058B,PINK POLKADOT GARDEN PARASOL,-61,2011-03-03 15:10:00,0.0,,United Kingdom,,True,False,False,True,True,-0.0,2011,3,2011-03,2011Q1,15,10,15:10:00,Afternoon,,,,,,,,,,,,,,,
545552,22021,BLUE FELT EASTER EGG BASKET,-20,2011-03-03 15:11:00,0.0,,United Kingdom,,True,False,False,True,True,-0.0,2011,3,2011-03,2011Q1,15,11,15:11:00,Afternoon,,,,,,,,,,,,,,,
545554,22988,SOLDIERS EGG CUP ,-70,2011-03-03 15:12:00,0.0,,United Kingdom,,True,False,False,True,True,-0.0,2011,3,2011-03,2011Q1,15,12,15:12:00,Afternoon,,,,,,,,,,,,,,,
545560,37464,,-2,2011-03-03 16:12:00,0.0,,United Kingdom,,True,True,False,True,True,-0.0,2011,3,2011-03,2011Q1,16,12,16:12:00,Afternoon,,,,,,,,,,,,,,,
545561,37379A,,-9,2011-03-03 16:12:00,0.0,,United Kingdom,,True,True,False,True,True,-0.0,2011,3,2011-03,2011Q1,16,12,16:12:00,Afternoon,,,,,,,,,,,,,,,
545562,20689,,-5,2011-03-03 16:12:00,0.0,,United Kingdom,,True,True,False,True,True,-0.0,2011,3,2011-03,2011Q1,16,12,16:12:00,Afternoon,,,,,,,,,,,,,,,
545563,20671,BLUE TEATIME PRINT BOWL ,-22,2011-03-03 16:13:00,0.0,,United Kingdom,,True,False,False,True,True,-0.0,2011,3,2011-03,2011Q1,16,13,16:13:00,Afternoon,,,,,,,,,,,,,,,
545564,85092,CANDY SPOT TEA COSY,-9,2011-03-03 16:13:00,0.0,,United Kingdom,,True,False,False,True,True,-0.0,2011,3,2011-03,2011Q1,16,13,16:13:00,Afternoon,,,,,,,,,,,,,,,
545565,47563B,,-10,2011-03-03 16:14:00,0.0,,United Kingdom,,True,True,False,True,True,-0.0,2011,3,2011-03,2011Q1,16,14,16:14:00,Afternoon,,,,,,,,,,,,,,,
545566,37477D,,-9,2011-03-03 16:14:00,0.0,,United Kingdom,,True,True,False,True,True,-0.0,2011,3,2011-03,2011Q1,16,14,16:14:00,Afternoon,,,,,,,,,,,,,,,
545567,37444B,BLUE BREAKFAST CUP AND SAUCER ,-3,2011-03-03 16:14:00,0.0,,United Kingdom,,True,False,False,True,True,-0.0,2011,3,2011-03,2011Q1,16,14,16:14:00,Afternoon,,,,,,,,,,,,,,,
545598,22080,RIBBON REEL POLKADOTS ,-278,2011-03-04 11:16:00,0.0,,United Kingdom,,True,False,False,True,True,-0.0,2011,3,2011-03,2011Q1,11,16,11:16:00,Morning,,,,,,,,,,,,,,,
545599,22272,FELTCRAFT DOLL MARIA,-140,2011-03-04 11:17:00,0.0,,United Kingdom,,True,False,False,True,True,-0.0,2011,3,2011-03,2011Q1,11,17,11:17:00,Morning,,,,,,,,,,,,,,,
545600,85160A,WHITE BIRD GARDEN DESIGN MUG,-21,2011-03-04 11:45:00,0.0,,United Kingdom,,True,False,False,True,True,-0.0,2011,3,2011-03,2011Q1,11,45,11:45:00,Morning,,,,,,,,,,,,,,,
545857,20681,PINK POLKADOT CHILDRENS UMBRELLA,-154,2011-03-07 13:56:00,0.0,,United Kingdom,MIA,True,False,False,True,True,-0.0,2011,3,2011-03,2011Q1,13,56,13:56:00,Afternoon,,,,,,,,,,,,,,,
545990,84598,BOYS ALPHABET IRON ON PATCHES,-3000,2011-03-08 13:07:00,0.0,,United Kingdom,check,True,False,False,True,True,-0.0,2011,3,2011-03,2011Q1,13,7,13:07:00,Afternoon,,,,,,,,,,,,,,,
546010,22423,REGENCY CAKESTAND 3 TIER,-19,2011-03-08 15:55:00,0.0,,United Kingdom,damages,True,False,False,True,True,-0.0,2011,3,2011-03,2011Q1,15,55,15:55:00,Afternoon,,,,,,,,,,,,,,,
546016,85172,HYACINTH BULB T-LIGHT CANDLES,-675,2011-03-08 17:21:00,0.0,,United Kingdom,Dotcom set,True,False,False,True,True,-0.0,2011,3,2011-03,2011Q1,17,21,17:21:00,Afternoon,,,,,,,,,,,,,,,
546018,85172,HYACINTH BULB T-LIGHT CANDLES,-600,2011-03-08 17:23:00,0.0,,United Kingdom,wrongly sold as sets,True,False,False,True,True,-0.0,2011,3,2011-03,2011Q1,17,23,17:23:00,Afternoon,,,,,,,,,,,,,,,
546020,85175,CACTI T-LIGHT CANDLES,-210,2011-03-08 17:27:00,0.0,,United Kingdom,Amazon sold sets,True,False,False,True,True,-0.0,2011,3,2011-03,2011Q1,17,27,17:27:00,Afternoon,,,,,,,,,,,,,,,
546021,85175,CACTI T-LIGHT CANDLES,-345,2011-03-08 17:27:00,0.0,,United Kingdom,dotcom sold sets,True,False,False,True,True,-0.0,2011,3,2011-03,2011Q1,17,27,17:27:00,Afternoon,,,,,,,,,,,,,,,
546023,85175,CACTI T-LIGHT CANDLES,-975,2011-03-08 17:29:00,0.0,,United Kingdom,wrongly sold sets,True,False,False,True,True,-0.0,2011,3,2011-03,2011Q1,17,29,17:29:00,Afternoon,,,,,,,,,,,,,,,
546024,85175,CACTI T-LIGHT CANDLES,-1200,2011-03-08 17:31:00,0.0,,United Kingdom,? sold as sets?,True,False,False,True,True,-0.0,2011,3,2011-03,2011Q1,17,31,17:31:00,Afternoon,,,,,,,,,,,,,,,
546025,85172,HYACINTH BULB T-LIGHT CANDLES,-600,2011-03-08 17:31:00,0.0,,United Kingdom,?sold as sets?,True,False,False,True,True,-0.0,2011,3,2011-03,2011Q1,17,31,17:31:00,Afternoon,,,,,,,,,,,,,,,
546124,35610C,WHITE CHRISTMAS FLOCK DROPLET ,-1121,2011-03-09 14:50:00,0.0,,United Kingdom,Thrown away.,True,False,False,True,True,-0.0,2011,3,2011-03,2011Q1,14,50,14:50:00,Afternoon,,,,,,,,,,,,,,,
546126,35611B,thrown away,-27,2011-03-09 14:52:00,0.0,,United Kingdom,thrown away,True,False,False,True,True,-0.0,2011,3,2011-03,2011Q1,14,52,14:52:00,Afternoon,,,,,,,,,,,,,,,
546129,35610B,BLACK CHRISTMAS FLOCK DROPLET ,-541,2011-03-09 15:07:00,0.0,,United Kingdom,thrown away,True,False,False,True,True,-0.0,2011,3,2011-03,2011Q1,15,7,15:07:00,Afternoon,,,,,,,,,,,,,,,
546130,35610A,PINK CHRISTMAS FLOCK DROPLET ,-1277,2011-03-09 15:08:00,0.0,,United Kingdom,thrown away,True,False,False,True,True,-0.0,2011,3,2011-03,2011Q1,15,8,15:08:00,Afternoon,,,,,,,,,,,,,,,
546137,20893,HANGING BAUBLE T-LIGHT HOLDER SMALL,-197,2011-03-09 16:33:00,0.0,,United Kingdom,damages/display,True,False,False,True,True,-0.0,2011,3,2011-03,2011Q1,16,33,16:33:00,Afternoon,,,,,,,,,,,,,,,
546138,21815,STAR  T-LIGHT HOLDER ,-300,2011-03-09 16:34:00,0.0,,United Kingdom,?,True,False,False,True,True,-0.0,2011,3,2011-03,2011Q1,16,34,16:34:00,Afternoon,,,,,,,,,,,,,,,
546140,21527,RED RETROSPOT TRADITIONAL TEAPOT ,-30,2011-03-09 16:35:00,0.0,,United Kingdom,damages,True,False,False,True,True,-0.0,2011,3,2011-03,2011Q1,16,35,16:35:00,Afternoon,,,,,,,,,,,,,,,
546142,40016,CHINESE DRAGON PAPER LANTERNS,-1100,2011-03-09 16:37:00,0.0,,United Kingdom,damaged stock,True,False,False,True,True,-0.0,2011,3,2011-03,2011Q1,16,37,16:37:00,Afternoon,,,,,,,,,,,,,,,
546145,21537,RED RETROSPOT PUDDING BOWL,-80,2011-03-09 16:39:00,0.0,,United Kingdom,?,True,False,False,True,True,-0.0,2011,3,2011-03,2011Q1,16,39,16:39:00,Afternoon,,,,,,,,,,,,,,,
546146,20752,BLUE POLKADOT WASHING UP GLOVES,-40,2011-03-09 16:41:00,0.0,,United Kingdom,,True,False,False,True,True,-0.0,2011,3,2011-03,2011Q1,16,41,16:41:00,Afternoon,,,,,,,,,,,,,,,
546147,21320,GLASS CHALICE GREEN  LARGE ,-63,2011-03-09 16:42:00,0.0,,United Kingdom,broken,True,False,False,True,True,-0.0,2011,3,2011-03,2011Q1,16,42,16:42:00,Afternoon,,,,,,,,,,,,,,,
546148,85049D,BRIGHT BLUES RIBBONS ,-100,2011-03-09 16:43:00,0.0,,United Kingdom,?,True,False,False,True,True,-0.0,2011,3,2011-03,2011Q1,16,43,16:43:00,Afternoon,,,,,,,,,,,,,,,
546149,20866,BLUE ROSE FABRIC MIRROR,-230,2011-03-09 17:02:00,0.0,,United Kingdom,?,True,False,False,True,True,-0.0,2011,3,2011-03,2011Q1,17,2,17:02:00,Afternoon,,,,,,,,,,,,,,,
546150,21503,TOYBOX  WRAP ,-140,2011-03-09 17:03:00,0.0,,United Kingdom,,True,False,False,True,True,-0.0,2011,3,2011-03,2011Q1,17,3,17:03:00,Afternoon,,,,,,,,,,,,,,,
546151,21504,SKULLS GREETING CARD,-80,2011-03-09 17:04:00,0.0,,United Kingdom,,True,False,False,True,True,-0.0,2011,3,2011-03,2011Q1,17,4,17:04:00,Afternoon,,,,,,,,,,,,,,,
546152,72140F,throw away,-5368,2011-03-09 17:25:00,0.0,,United Kingdom,throw away,True,False,False,True,True,-0.0,2011,3,2011-03,2011Q1,17,25,17:25:00,Afternoon,,,,,,,,,,,,,,,
546245,85185B,PINK HORSE SOCK PUPPET,-259,2011-03-10 13:26:00,0.0,,United Kingdom,?,True,False,False,True,True,-0.0,2011,3,2011-03,2011Q1,13,26,13:26:00,Afternoon,,,,,,,,,,,,,,,
546379,72225C,LAVENDER SCENT CAKE CANDLE,-82,2011-03-11 12:21:00,0.0,,United Kingdom,,True,False,False,True,True,-0.0,2011,3,2011-03,2011Q1,12,21,12:21:00,Morning,,,,,,,,,,,,,,,
546407,22719,GUMBALL MONOCHROME COAT RACK,-178,2011-03-11 16:24:00,0.0,,United Kingdom,wrong barcode (22467),True,False,False,True,True,-0.0,2011,3,2011-03,2011Q1,16,24,16:24:00,Afternoon,,,,,,,,,,,,,,,
546409,21833,CAMOUFLAGE LED TORCH,-110,2011-03-11 16:27:00,0.0,,United Kingdom,damages,True,False,False,True,True,-0.0,2011,3,2011-03,2011Q1,16,27,16:27:00,Afternoon,,,,,,,,,,,,,,,
546551,84563A,PINK & WHITE BREAKFAST TRAY,-10,2011-03-14 17:33:00,0.0,,United Kingdom,,True,False,False,True,True,-0.0,2011,3,2011-03,2011Q1,17,33,17:33:00,Afternoon,,,,,,,,,,,,,,,
546661,22777,GLASS CLOCHE LARGE,-25,2011-03-15 14:33:00,0.0,,United Kingdom,,True,False,False,True,True,-0.0,2011,3,2011-03,2011Q1,14,33,14:33:00,Afternoon,,,,,,,,,,,,,,,
546672,85206A,CREAM FELT EASTER EGG BASKET,-77,2011-03-15 15:47:00,0.0,,United Kingdom,,True,False,False,True,True,-0.0,2011,3,2011-03,2011Q1,15,47,15:47:00,Afternoon,,,,,,,,,,,,,,,
546756,79067,CORONA MEXICAN TRAY,-5,2011-03-16 13:31:00,0.0,,United Kingdom,,True,False,False,True,True,-0.0,2011,3,2011-03,2011Q1,13,31,13:31:00,Afternoon,,,,,,,,,,,,,,,
547329,20681,PINK POLKADOT CHILDRENS UMBRELLA,-1,2011-03-22 11:38:00,0.0,,United Kingdom,,True,False,False,True,True,-0.0,2011,3,2011-03,2011Q1,11,38,11:38:00,Morning,,,,,,,,,,,,,,,
547330,21894,POTTING SHED SEED ENVELOPES,-40,2011-03-22 11:40:00,0.0,,United Kingdom,,True,False,False,True,True,-0.0,2011,3,2011-03,2011Q1,11,40,11:40:00,Morning,,,,,,,,,,,,,,,
547331,17013D,ORIGAMI ROSE INCENSE IN TUBE,-20,2011-03-22 11:41:00,0.0,,United Kingdom,,True,False,False,True,True,-0.0,2011,3,2011-03,2011Q1,11,41,11:41:00,Morning,,,,,,,,,,,,,,,
547332,21613,S/12 VANILLA  BOTANICAL T-LIGHTS,-47,2011-03-22 11:42:00,0.0,,United Kingdom,,True,False,False,True,True,-0.0,2011,3,2011-03,2011Q1,11,42,11:42:00,Morning,,,,,,,,,,,,,,,
547333,22791,T-LIGHT GLASS FLUTED ANTIQUE,-70,2011-03-22 11:43:00,0.0,,United Kingdom,,True,False,False,True,True,-0.0,2011,3,2011-03,2011Q1,11,43,11:43:00,Morning,,,,,,,,,,,,,,,
547335,20934,SET/3 POT PLANT CANDLES,-15,2011-03-22 11:44:00,0.0,,United Kingdom,,True,False,False,True,True,-0.0,2011,3,2011-03,2011Q1,11,44,11:44:00,Morning,,,,,,,,,,,,,,,
547336,21689,SILVER VANILLA  FLOWER CANDLE POT,-323,2011-03-22 11:45:00,0.0,,United Kingdom,wrong barcode,True,False,False,True,True,-0.0,2011,3,2011-03,2011Q1,11,45,11:45:00,Morning,,,,,,,,,,,,,,,
547337,85025C,PINK HEART SHAPE PHOTO FRAME,-230,2011-03-22 11:47:00,0.0,,United Kingdom,barcode problem,True,False,False,True,True,-0.0,2011,3,2011-03,2011Q1,11,47,11:47:00,Morning,,,,,,,,,,,,,,,
547338,22245,"HOOK, 1 HANGER ,MAGIC GARDEN",-110,2011-03-22 11:49:00,0.0,,United Kingdom,,True,False,False,True,True,-0.0,2011,3,2011-03,2011Q1,11,49,11:49:00,Morning,,,,,,,,,,,,,,,
547339,84406B,CREAM CUPID HEARTS COAT HANGER,-450,2011-03-22 11:51:00,0.0,,United Kingdom,?,True,False,False,True,True,-0.0,2011,3,2011-03,2011Q1,11,51,11:51:00,Morning,,,,,,,,,,,,,,,
547341,85049D,BRIGHT BLUES RIBBONS ,-20,2011-03-22 11:53:00,0.0,,United Kingdom,,True,False,False,True,True,-0.0,2011,3,2011-03,2011Q1,11,53,11:53:00,Morning,,,,,,,,,,,,,,,
547345,22838,3 TIER CAKE TIN RED AND CREAM,-10,2011-03-22 11:55:00,0.0,,United Kingdom,,True,False,False,True,True,-0.0,2011,3,2011-03,2011Q1,11,55,11:55:00,Morning,,,,,,,,,,,,,,,
547346,21000,ROSE DU SUD COSMETICS BAG,-41,2011-03-22 11:56:00,0.0,,United Kingdom,,True,False,False,True,True,-0.0,2011,3,2011-03,2011Q1,11,56,11:56:00,Morning,,,,,,,,,,,,,,,
547347,22470,HEART OF WICKER LARGE,-6,2011-03-22 11:56:00,0.0,,United Kingdom,,True,False,False,True,True,-0.0,2011,3,2011-03,2011Q1,11,56,11:56:00,Morning,,,,,,,,,,,,,,,
547363,22459,CAST IRON HOOK GARDEN TROWEL,-232,2011-03-22 12:33:00,0.0,,United Kingdom,?lost,True,False,False,True,True,-0.0,2011,3,2011-03,2011Q1,12,33,12:33:00,Morning,,,,,,,,,,,,,,,
547369,21898,POTTING SHED ROSE CANDLE,-83,2011-03-22 13:24:00,0.0,,United Kingdom,,True,False,False,True,True,-0.0,2011,3,2011-03,2011Q1,13,24,13:24:00,Afternoon,,,,,,,,,,,,,,,
547403,85028L,FRENCH CHATEAU LARGE FRUIT BOWL ,-2,2011-03-22 17:05:00,0.0,,United Kingdom,,True,False,False,True,True,-0.0,2011,3,2011-03,2011Q1,17,5,17:05:00,Afternoon,,,,,,,,,,,,,,,
547487,84596E,SMALL LICORICE DES PINK BOWL,-153,2011-03-23 11:29:00,0.0,,United Kingdom,,True,False,False,True,True,-0.0,2011,3,2011-03,2011Q1,11,29,11:29:00,Morning,,,,,,,,,,,,,,,
547505,22198,LARGE POPCORN HOLDER ,-9,2011-03-23 13:36:00,0.0,,United Kingdom,,True,False,False,True,True,-0.0,2011,3,2011-03,2011Q1,13,36,13:36:00,Afternoon,,,,,,,,,,,,,,,
547506,21538,DAIRY MAID  PUDDING BOWL,-2,2011-03-23 13:38:00,0.0,,United Kingdom,,True,False,False,True,True,-0.0,2011,3,2011-03,2011Q1,13,38,13:38:00,Afternoon,,,,,,,,,,,,,,,
547559,72759,thrown away-can't sell.,-524,2011-03-23 17:27:00,0.0,,United Kingdom,thrown away-can't sell.,True,False,False,True,True,-0.0,2011,3,2011-03,2011Q1,17,27,17:27:00,Afternoon,,,,,,,,,,,,,,,
547560,72732,thrown away-can't sell,-2472,2011-03-23 17:28:00,0.0,,United Kingdom,thrown away-can't sell,True,False,False,True,True,-0.0,2011,3,2011-03,2011Q1,17,28,17:28:00,Afternoon,,,,,,,,,,,,,,,
547593,20785,FUSCHIA RETRO BAR STOOL,-2,2011-03-24 11:18:00,0.0,,United Kingdom,,True,False,False,True,True,-0.0,2011,3,2011-03,2011Q1,11,18,11:18:00,Morning,,,,,,,,,,,,,,,
547595,82483,WOOD 2 DRAWER CABINET WHITE FINISH,-12,2011-03-24 11:20:00,0.0,,United Kingdom,,True,False,False,True,True,-0.0,2011,3,2011-03,2011Q1,11,20,11:20:00,Morning,,,,,,,,,,,,,,,
547596,84306,S/3 PINK SQUARE PLANTERS ROSES,-5,2011-03-24 11:20:00,0.0,,United Kingdom,,True,False,False,True,True,-0.0,2011,3,2011-03,2011Q1,11,20,11:20:00,Morning,,,,,,,,,,,,,,,
547597,17011F,ORIGAMI SANDLEWOOD INCENSE+FLOWER,-18,2011-03-24 11:21:00,0.0,,United Kingdom,,True,False,False,True,True,-0.0,2011,3,2011-03,2011Q1,11,21,11:21:00,Morning,,,,,,,,,,,,,,,
547598,21332,MOROCCAN BEATEN METAL MIRROR,-25,2011-03-24 11:24:00,0.0,,United Kingdom,,True,False,False,True,True,-0.0,2011,3,2011-03,2011Q1,11,24,11:24:00,Morning,,,,,,,,,,,,,,,
547599,21361,LOVE LARGE WOOD LETTERS ,-10,2011-03-24 11:24:00,0.0,,United Kingdom,,True,False,False,True,True,-0.0,2011,3,2011-03,2011Q1,11,24,11:24:00,Morning,,,,,,,,,,,,,,,
547606,22173,METAL 4 HOOK HANGER FRENCH CHATEAU,-22,2011-03-24 11:26:00,0.0,,United Kingdom,,True,False,False,True,True,-0.0,2011,3,2011-03,2011Q1,11,26,11:26:00,Morning,,,,,,,,,,,,,,,
547611,84631,FRUIT TREE AND BIRDS WALL PLAQUE,-9,2011-03-24 11:26:00,0.0,,United Kingdom,,True,False,False,True,True,-0.0,2011,3,2011-03,2011Q1,11,26,11:26:00,Morning,,,,,,,,,,,,,,,
547618,21547,CERAMIC BIRDHOUSE CRESTED TIT SMALL,-12,2011-03-24 11:28:00,0.0,,United Kingdom,,True,False,False,True,True,-0.0,2011,3,2011-03,2011Q1,11,28,11:28:00,Morning,,,,,,,,,,,,,,,
547646,84849D,HOT BATHS SOAP HOLDER,-80,2011-03-24 11:42:00,0.0,,United Kingdom,,True,False,False,True,True,-0.0,2011,3,2011-03,2011Q1,11,42,11:42:00,Morning,,,,,,,,,,,,,,,
547699,21143,ANTIQUE GLASS HEART DECORATION ,-32,2011-03-24 16:38:00,0.0,,United Kingdom,,True,False,False,True,True,-0.0,2011,3,2011-03,2011Q1,16,38,16:38:00,Afternoon,,,,,,,,,,,,,,,
547700,21147,JINGLE BELLS TREE DECORATION,-105,2011-03-24 16:39:00,0.0,,United Kingdom,,True,False,False,True,True,-0.0,2011,3,2011-03,2011Q1,16,39,16:39:00,Afternoon,,,,,,,,,,,,,,,
547701,84559D,,-7,2011-03-24 16:42:00,0.0,,United Kingdom,,True,True,False,True,True,-0.0,2011,3,2011-03,2011Q1,16,42,16:42:00,Afternoon,,,,,,,,,,,,,,,
547916,22459,CAST IRON HOOK GARDEN TROWEL,-36,2011-03-28 12:46:00,0.0,,United Kingdom,,True,False,False,True,True,-0.0,2011,3,2011-03,2011Q1,12,46,12:46:00,Morning,,,,,,,,,,,,,,,
547950,35241,ENAMEL BLUE RIM BISCUIT BIN,-40,2011-03-28 15:11:00,0.0,,United Kingdom,damages?,True,False,False,True,True,-0.0,2011,3,2011-03,2011Q1,15,11,15:11:00,Afternoon,,,,,,,,,,,,,,,
547989,21621,VINTAGE UNION JACK BUNTING,-100,2011-03-29 09:36:00,0.0,,United Kingdom,re dotcom quick fix.,True,False,False,True,True,-0.0,2011,3,2011-03,2011Q1,9,36,09:36:00,Morning,,,,,,,,,,,,,,,
547994,21228,"POCKET MIRROR ""GLAMOROUS""",-7,2011-03-29 10:18:00,0.0,,United Kingdom,,True,False,False,True,True,-0.0,2011,3,2011-03,2011Q1,10,18,10:18:00,Morning,,,,,,,,,,,,,,,
547995,35823P,,-12,2011-03-29 10:20:00,0.0,,United Kingdom,,True,True,False,True,True,-0.0,2011,3,2011-03,2011Q1,10,20,10:20:00,Morning,,,,,,,,,,,,,,,
547996,84534B,FAIRY CAKE NOTEBOOK A5 SIZE,-10,2011-03-29 10:22:00,0.0,,United Kingdom,,True,False,False,True,True,-0.0,2011,3,2011-03,2011Q1,10,22,10:22:00,Morning,,,,,,,,,,,,,,,
547997,20857,BLUE ROSE PATCH PURSE PINK BUTTERFL,-34,2011-03-29 10:22:00,0.0,,United Kingdom,,True,False,False,True,True,-0.0,2011,3,2011-03,2011Q1,10,22,10:22:00,Morning,,,,,,,,,,,,,,,
547998,20854,BLUE PATCH PURSE PINK HEART,-2,2011-03-29 10:23:00,0.0,,United Kingdom,,True,False,False,True,True,-0.0,2011,3,2011-03,2011Q1,10,23,10:23:00,Morning,,,,,,,,,,,,,,,
547999,20860,GOLD COSMETICS BAG WITH BUTTERFLY,-7,2011-03-29 10:24:00,0.0,,United Kingdom,,True,False,False,True,True,-0.0,2011,3,2011-03,2011Q1,10,24,10:24:00,Morning,,,,,,,,,,,,,,,
548000,85224,ASSORTED COLOUR SILK GLASSES CASE,-7,2011-03-29 10:24:00,0.0,,United Kingdom,,True,False,False,True,True,-0.0,2011,3,2011-03,2011Q1,10,24,10:24:00,Morning,,,,,,,,,,,,,,,
548002,21051,RIBBONS PURSE ,-25,2011-03-29 10:27:00,0.0,,United Kingdom,,True,False,False,True,True,-0.0,2011,3,2011-03,2011Q1,10,27,10:27:00,Morning,,,,,,,,,,,,,,,
548008,21190,PINK HEARTS PAPER GARLAND,-80,2011-03-29 10:52:00,0.0,,United Kingdom,,True,False,False,True,True,-0.0,2011,3,2011-03,2011Q1,10,52,10:52:00,Morning,,,,,,,,,,,,,,,
548069,20713,JUMBO BAG OWLS,-22,2011-03-29 12:10:00,0.0,,United Kingdom,,True,False,False,True,True,-0.0,2011,3,2011-03,2011Q1,12,10,12:10:00,Morning,,,,,,,,,,,,,,,
548095,20850,,-3,2011-03-29 12:17:00,0.0,,United Kingdom,,True,True,False,True,True,-0.0,2011,3,2011-03,2011Q1,12,17,12:17:00,Morning,,,,,,,,,,,,,,,
548098,21283,,-15,2011-03-29 12:17:00,0.0,,United Kingdom,,True,True,False,True,True,-0.0,2011,3,2011-03,2011Q1,12,17,12:17:00,Morning,,,,,,,,,,,,,,,
548104,84854,GIRLY PINK TOOL SET,-3,2011-03-29 12:18:00,0.0,,United Kingdom,,True,False,False,True,True,-0.0,2011,3,2011-03,2011Q1,12,18,12:18:00,Morning,,,,,,,,,,,,,,,
548110,21911,GARDEN METAL SIGN ,-27,2011-03-29 12:20:00,0.0,,United Kingdom,,True,False,False,True,True,-0.0,2011,3,2011-03,2011Q1,12,20,12:20:00,Morning,,,,,,,,,,,,,,,
548149,72821,CUPID SCENTED CANDLE IN GLASS,-2,2011-03-29 12:36:00,0.0,,United Kingdom,,True,False,False,True,True,-0.0,2011,3,2011-03,2011Q1,12,36,12:36:00,Morning,,,,,,,,,,,,,,,
548173,85067,CREAM SWEETHEART WALL CABINET,-3,2011-03-29 14:17:00,0.0,,United Kingdom,,True,False,False,True,True,-0.0,2011,3,2011-03,2011Q1,14,17,14:17:00,Afternoon,,,,,,,,,,,,,,,
548175,46115B,GREEN POP ART MAO CUSHION COVER ,-2,2011-03-29 14:19:00,0.0,,United Kingdom,,True,False,False,True,True,-0.0,2011,3,2011-03,2011Q1,14,19,14:19:00,Afternoon,,,,,,,,,,,,,,,
548206,22469,HEART OF WICKER SMALL,-53,2011-03-29 16:56:00,0.0,,United Kingdom,,True,False,False,True,True,-0.0,2011,3,2011-03,2011Q1,16,56,16:56:00,Afternoon,,,,,,,,,,,,,,,
548209,21621,VINTAGE UNION JACK BUNTING,-30,2011-03-29 17:21:00,0.0,,United Kingdom,,True,False,False,True,True,-0.0,2011,3,2011-03,2011Q1,17,21,17:21:00,Afternoon,,,,,,,,,,,,,,,
548227,90099,NECKLACE+BRACELET SET BLUE HIBISCUS,-19,2011-03-30 10:24:00,0.0,,United Kingdom,,True,False,False,True,True,-0.0,2011,3,2011-03,2011Q1,10,24,10:24:00,Morning,,,,,,,,,,,,,,,
548269,22036,,-45,2011-03-30 11:35:00,0.0,,United Kingdom,,True,True,False,True,True,-0.0,2011,3,2011-03,2011Q1,11,35,11:35:00,Morning,,,,,,,,,,,,,,,
548328,21527,RED RETROSPOT TRADITIONAL TEAPOT ,-21,2011-03-30 13:11:00,0.0,,United Kingdom,,True,False,False,True,True,-0.0,2011,3,2011-03,2011Q1,13,11,13:11:00,Afternoon,,,,,,,,,,,,,,,
548339,21827,EIGHT PIECE CREEPY CRAWLIE SET,-42,2011-03-30 14:08:00,0.0,,United Kingdom,,True,False,False,True,True,-0.0,2011,3,2011-03,2011Q1,14,8,14:08:00,Afternoon,,,,,,,,,,,,,,,
548365,79172D,,-7,2011-03-30 15:49:00,0.0,,United Kingdom,,True,True,False,True,True,-0.0,2011,3,2011-03,2011Q1,15,49,15:49:00,Afternoon,,,,,,,,,,,,,,,
548366,84678,CLASSICAL ROSE SMALL VASE,-33,2011-03-30 15:50:00,0.0,,United Kingdom,,True,False,False,True,True,-0.0,2011,3,2011-03,2011Q1,15,50,15:50:00,Afternoon,,,,,,,,,,,,,,,
548369,84683,CLASSICAL ROSE CANDLESTAND,-6,2011-03-30 16:00:00,0.0,,United Kingdom,,True,False,False,True,True,-0.0,2011,3,2011-03,2011Q1,16,0,16:00:00,Afternoon,,,,,,,,,,,,,,,
548376,22533,MAGIC DRAWING SLATE BAKE A CAKE ,-80,2011-03-30 16:39:00,0.0,,United Kingdom,,True,False,False,True,True,-0.0,2011,3,2011-03,2011Q1,16,39,16:39:00,Afternoon,,,,,,,,,,,,,,,
548377,85016,SET OF 6 VINTAGE NOTELETS KIT,-46,2011-03-30 16:40:00,0.0,,United Kingdom,,True,False,False,True,True,-0.0,2011,3,2011-03,2011Q1,16,40,16:40:00,Afternoon,,,,,,,,,,,,,,,
548378,22052,VINTAGE CARAVAN GIFT WRAP,-75,2011-03-30 16:41:00,0.0,,United Kingdom,,True,False,False,True,True,-0.0,2011,3,2011-03,2011Q1,16,41,16:41:00,Afternoon,,,,,,,,,,,,,,,
548380,22127,PARTY CONES CARNIVAL ASSORTED,-60,2011-03-30 16:44:00,0.0,,United Kingdom,Dotcom sold in 6's,True,False,False,True,True,-0.0,2011,3,2011-03,2011Q1,16,44,16:44:00,Afternoon,,,,,,,,,,,,,,,
548381,22127,PARTY CONES CARNIVAL ASSORTED,-690,2011-03-30 16:45:00,0.0,,United Kingdom,sold in set?,True,False,False,True,True,-0.0,2011,3,2011-03,2011Q1,16,45,16:45:00,Afternoon,,,,,,,,,,,,,,,
548382,84898F,YELLOW FLOWERS FELT HANDBAG KIT,-2,2011-03-30 16:46:00,0.0,,United Kingdom,,True,False,False,True,True,-0.0,2011,3,2011-03,2011Q1,16,46,16:46:00,Afternoon,,,,,,,,,,,,,,,
548385,22168,ORGANISER WOOD ANTIQUE WHITE ,-19,2011-03-30 16:47:00,0.0,,United Kingdom,,True,False,False,True,True,-0.0,2011,3,2011-03,2011Q1,16,47,16:47:00,Afternoon,,,,,,,,,,,,,,,
548394,82494L,WOODEN FRAME ANTIQUE WHITE ,-39,2011-03-30 17:18:00,0.0,,United Kingdom,cracked,True,False,False,True,True,-0.0,2011,3,2011-03,2011Q1,17,18,17:18:00,Afternoon,,,,,,,,,,,,,,,
548395,22194,BLACK DINER WALL CLOCK,-9,2011-03-30 17:20:00,0.0,,United Kingdom,,True,False,False,True,True,-0.0,2011,3,2011-03,2011Q1,17,20,17:20:00,Afternoon,,,,,,,,,,,,,,,
548396,22719,GUMBALL MONOCHROME COAT RACK,-25,2011-03-30 17:21:00,0.0,,United Kingdom,sold as 22467,True,False,False,True,True,-0.0,2011,3,2011-03,2011Q1,17,21,17:21:00,Afternoon,,,,,,,,,,,,,,,
548397,21195,PINK  HONEYCOMB PAPER BALL ,-30,2011-03-30 17:23:00,0.0,,United Kingdom,,True,False,False,True,True,-0.0,2011,3,2011-03,2011Q1,17,23,17:23:00,Afternoon,,,,,,,,,,,,,,,
548398,22482,BLUE TEA TOWEL CLASSIC DESIGN,-66,2011-03-30 17:24:00,0.0,,United Kingdom,,True,False,False,True,True,-0.0,2011,3,2011-03,2011Q1,17,24,17:24:00,Afternoon,,,,,,,,,,,,,,,
548402,21040,MODERN VINTAGE COTTON SHOPPING BAG,-5,2011-03-31 09:26:00,0.0,,United Kingdom,,True,False,False,True,True,-0.0,2011,3,2011-03,2011Q1,9,26,09:26:00,Morning,,,,,,,,,,,,,,,
548536,90010B,BLACK/WHITE GLASS/SILVER BRACELET,-50,2011-03-31 17:34:00,0.0,,United Kingdom,,True,False,False,True,True,-0.0,2011,3,2011-03,2011Q1,17,34,17:34:00,Afternoon,,,,,,,,,,,,,,,
548537,90173,PAIR BUTTERFLY HAIR CLIPS,-28,2011-03-31 17:35:00,0.0,,United Kingdom,,True,False,False,True,True,-0.0,2011,3,2011-03,2011Q1,17,35,17:35:00,Afternoon,,,,,,,,,,,,,,,
548540,90035A,"PEARL & SHELL 42""NECKL. GREEN",-9,2011-03-31 17:51:00,0.0,,United Kingdom,,True,False,False,True,True,-0.0,2011,3,2011-03,2011Q1,17,51,17:51:00,Afternoon,,,,,,,,,,,,,,,
548615,16010,FOLDING CAMPING SCISSOR W/KNIF & S,-7,2011-04-01 11:47:00,0.0,,United Kingdom,,True,False,False,True,True,-0.0,2011,4,2011-04,2011Q2,11,47,11:47:00,Morning,,,,,,,,,,,,,,,
548620,84313B,BLUE TV TRAY TABLE ,-32,2011-04-01 11:53:00,0.0,,United Kingdom,Damaged,True,False,False,True,True,-0.0,2011,4,2011-04,2011Q2,11,53,11:53:00,Morning,,,,,,,,,,,,,,,
548646,21472,LADYBIRD + BEE RAFFIA FOOD COVER,-140,2011-04-01 13:15:00,0.0,,United Kingdom,,True,False,False,True,True,-0.0,2011,4,2011-04,2011Q2,13,15,13:15:00,Afternoon,,,,,,,,,,,,,,,
548662,82494L,WOODEN FRAME ANTIQUE WHITE ,-180,2011-04-01 14:31:00,0.0,,United Kingdom,,True,False,False,True,True,-0.0,2011,4,2011-04,2011Q2,14,31,14:31:00,Afternoon,,,,,,,,,,,,,,,
548675,85185D,FROG SOCK PUPPET,-2,2011-04-01 16:39:00,0.0,,United Kingdom,,True,False,False,True,True,-0.0,2011,4,2011-04,2011Q2,16,39,16:39:00,Afternoon,,,,,,,,,,,,,,,
548676,72800F,,-5,2011-04-01 16:40:00,0.0,,United Kingdom,,True,True,False,True,True,-0.0,2011,4,2011-04,2011Q2,16,40,16:40:00,Afternoon,,,,,,,,,,,,,,,
548677,72781,,-30,2011-04-01 16:40:00,0.0,,United Kingdom,,True,True,False,True,True,-0.0,2011,4,2011-04,2011Q2,16,40,16:40:00,Afternoon,,,,,,,,,,,,,,,
548678,35015,,-9,2011-04-01 16:41:00,0.0,,United Kingdom,,True,True,False,True,True,-0.0,2011,4,2011-04,2011Q2,16,41,16:41:00,Afternoon,,,,,,,,,,,,,,,
548679,72793,,-3,2011-04-01 16:42:00,0.0,,United Kingdom,,True,True,False,True,True,-0.0,2011,4,2011-04,2011Q2,16,42,16:42:00,Afternoon,,,,,,,,,,,,,,,
548680,72800D,4 BLUE DINNER CANDLES SILVER FLOCK,-18,2011-04-01 16:43:00,0.0,,United Kingdom,,True,False,False,True,True,-0.0,2011,4,2011-04,2011Q2,16,43,16:43:00,Afternoon,,,,,,,,,,,,,,,
548682,72789,,-2,2011-04-01 16:44:00,0.0,,United Kingdom,,True,True,False,True,True,-0.0,2011,4,2011-04,2011Q2,16,44,16:44:00,Afternoon,,,,,,,,,,,,,,,
548684,72798C,SET/4 GARDEN ROSE DINNER CANDLE,-2,2011-04-01 16:46:00,0.0,,United Kingdom,,True,False,False,True,True,-0.0,2011,4,2011-04,2011Q2,16,46,16:46:00,Afternoon,,,,,,,,,,,,,,,
548685,85018B,,-2,2011-04-01 16:47:00,0.0,,United Kingdom,,True,True,False,True,True,-0.0,2011,4,2011-04,2011Q2,16,47,16:47:00,Afternoon,,,,,,,,,,,,,,,
548693,22720,SET OF 3 CAKE TINS PANTRY DESIGN ,-60,2011-04-01 17:25:00,0.0,,United Kingdom,,True,False,False,True,True,-0.0,2011,4,2011-04,2011Q2,17,25,17:25:00,Afternoon,,,,,,,,,,,,,,,
548886,85118,HEART T-LIGHT HOLDER,-6,2011-04-04 15:23:00,0.0,,United Kingdom,,True,False,False,True,True,-0.0,2011,4,2011-04,2011Q2,15,23,15:23:00,Afternoon,,,,,,,,,,,,,,,
548887,35824B,,-8,2011-04-04 15:24:00,0.0,,United Kingdom,,True,True,False,True,True,-0.0,2011,4,2011-04,2011Q2,15,24,15:24:00,Afternoon,,,,,,,,,,,,,,,
548888,84726,,-14,2011-04-04 15:25:00,0.0,,United Kingdom,,True,True,False,True,True,-0.0,2011,4,2011-04,2011Q2,15,25,15:25:00,Afternoon,,,,,,,,,,,,,,,
548889,84875A,,-17,2011-04-04 15:26:00,0.0,,United Kingdom,,True,True,False,True,True,-0.0,2011,4,2011-04,2011Q2,15,26,15:26:00,Afternoon,,,,,,,,,,,,,,,
548890,84876C,,-19,2011-04-04 15:26:00,0.0,,United Kingdom,,True,True,False,True,True,-0.0,2011,4,2011-04,2011Q2,15,26,15:26:00,Afternoon,,,,,,,,,,,,,,,
548897,47570B,TEA TIME TABLE CLOTH,-70,2011-04-04 16:22:00,0.0,,United Kingdom,,True,False,False,True,True,-0.0,2011,4,2011-04,2011Q2,16,22,16:22:00,Afternoon,,,,,,,,,,,,,,,
548980,22114,HOT WATER BOTTLE TEA AND SYMPATHY,-194,2011-04-05 12:21:00,0.0,,United Kingdom,,True,False,False,True,True,-0.0,2011,4,2011-04,2011Q2,12,21,12:21:00,Morning,,,,,,,,,,,,,,,
548986,21210,SET OF 72 RETROSPOT PAPER  DOILIES,-177,2011-04-05 12:46:00,0.0,,United Kingdom,,True,False,False,True,True,-0.0,2011,4,2011-04,2011Q2,12,46,12:46:00,Morning,,,,,,,,,,,,,,,
548989,72799F,IVORY PILLAR CANDLE GOLD FLOCK,-46,2011-04-05 13:19:00,0.0,,United Kingdom,,True,False,False,True,True,-0.0,2011,4,2011-04,2011Q2,13,19,13:19:00,Afternoon,,,,,,,,,,,,,,,
548999,84743C,damages,-26,2011-04-05 14:34:00,0.0,,United Kingdom,damages,True,False,False,True,True,-0.0,2011,4,2011-04,2011Q2,14,34,14:34:00,Afternoon,,,,,,,,,,,,,,,
549000,35972,DAISY FOLKART HEART DECORATION,-45,2011-04-05 14:35:00,0.0,,United Kingdom,,True,False,False,True,True,-0.0,2011,4,2011-04,2011Q2,14,35,14:35:00,Afternoon,,,,,,,,,,,,,,,
549001,84845D,,-5,2011-04-05 14:35:00,0.0,,United Kingdom,,True,True,False,True,True,-0.0,2011,4,2011-04,2011Q2,14,35,14:35:00,Afternoon,,,,,,,,,,,,,,,
549004,21274,,-3,2011-04-05 14:37:00,0.0,,United Kingdom,,True,True,False,True,True,-0.0,2011,4,2011-04,2011Q2,14,37,14:37:00,Afternoon,,,,,,,,,,,,,,,
549005,16020C,CLEAR STATIONERY BOX SET ,-5,2011-04-05 14:37:00,0.0,,United Kingdom,,True,False,False,True,True,-0.0,2011,4,2011-04,2011Q2,14,37,14:37:00,Afternoon,,,,,,,,,,,,,,,
549006,84508B,STRIPES DESIGN TEDDY,-23,2011-04-05 14:38:00,0.0,,United Kingdom,,True,False,False,True,True,-0.0,2011,4,2011-04,2011Q2,14,38,14:38:00,Afternoon,,,,,,,,,,,,,,,
549008,21281,VINTAGE KITCHEN PRINT SEAFOOD,-31,2011-04-05 14:38:00,0.0,,United Kingdom,,True,False,False,True,True,-0.0,2011,4,2011-04,2011Q2,14,38,14:38:00,Afternoon,,,,,,,,,,,,,,,
549009,21474,,-8,2011-04-05 14:39:00,0.0,,United Kingdom,,True,True,False,True,True,-0.0,2011,4,2011-04,2011Q2,14,39,14:39:00,Afternoon,,,,,,,,,,,,,,,
549010,21684,SMALL MEDINA STAMPED METAL BOWL ,-62,2011-04-05 14:39:00,0.0,,United Kingdom,,True,False,False,True,True,-0.0,2011,4,2011-04,2011Q2,14,39,14:39:00,Afternoon,,,,,,,,,,,,,,,
549011,62096B,,-8,2011-04-05 14:41:00,0.0,,United Kingdom,,True,True,False,True,True,-0.0,2011,4,2011-04,2011Q2,14,41,14:41:00,Afternoon,,,,,,,,,,,,,,,
549028,84569A,PACK 3 IRON ON DOG PATCHES,-18,2011-04-05 17:02:00,0.0,,United Kingdom,,True,False,False,True,True,-0.0,2011,4,2011-04,2011Q2,17,2,17:02:00,Afternoon,,,,,,,,,,,,,,,
549029,84569B,PACK 3 FIRE ENGINE/CAR PATCHES,-17,2011-04-05 17:03:00,0.0,,United Kingdom,,True,False,False,True,True,-0.0,2011,4,2011-04,2011Q2,17,3,17:03:00,Afternoon,,,,,,,,,,,,,,,
549030,84520B,PACK 20 ENGLISH ROSE PAPER NAPKINS,-61,2011-04-05 17:03:00,0.0,,United Kingdom,,True,False,False,True,True,-0.0,2011,4,2011-04,2011Q2,17,3,17:03:00,Afternoon,,,,,,,,,,,,,,,
549031,10134,,-19,2011-04-05 17:04:00,0.0,,United Kingdom,,True,True,False,True,True,-0.0,2011,4,2011-04,2011Q2,17,4,17:04:00,Afternoon,,,,,,,,,,,,,,,
549032,20778,GARDEN PATH NOTEBOOK ,-6,2011-04-05 17:06:00,0.0,,United Kingdom,,True,False,False,True,True,-0.0,2011,4,2011-04,2011Q2,17,6,17:06:00,Afternoon,,,,,,,,,,,,,,,
549033,16254,TRANSPARENT ACRYLIC TAPE DISPENSER,-5,2011-04-05 17:08:00,0.0,,United Kingdom,,True,False,False,True,True,-0.0,2011,4,2011-04,2011Q2,17,8,17:08:00,Afternoon,,,,,,,,,,,,,,,
549035,72051S,BAG OF SILVER STONES,-15,2011-04-05 17:09:00,0.0,,United Kingdom,,True,False,False,True,True,-0.0,2011,4,2011-04,2011Q2,17,9,17:09:00,Afternoon,,,,,,,,,,,,,,,
549036,84993B,75 BLACK PETIT FOUR CASES,-54,2011-04-05 17:09:00,0.0,,United Kingdom,,True,False,False,True,True,-0.0,2011,4,2011-04,2011Q2,17,9,17:09:00,Afternoon,,,,,,,,,,,,,,,
549037,84569C,,-37,2011-04-05 17:09:00,0.0,,United Kingdom,,True,True,False,True,True,-0.0,2011,4,2011-04,2011Q2,17,9,17:09:00,Afternoon,,,,,,,,,,,,,,,
549038,84569D,PACK 6 HEART/ICE-CREAM PATCHES,-70,2011-04-05 17:10:00,0.0,,United Kingdom,,True,False,False,True,True,-0.0,2011,4,2011-04,2011Q2,17,10,17:10:00,Afternoon,,,,,,,,,,,,,,,
549042,21681,GIANT MEDINA STAMPED METAL BOWL ,-2,2011-04-05 17:24:00,0.0,,United Kingdom,,True,False,False,True,True,-0.0,2011,4,2011-04,2011Q2,17,24,17:24:00,Afternoon,,,,,,,,,,,,,,,
549043,84990,,-24,2011-04-05 17:26:00,0.0,,United Kingdom,,True,True,False,True,True,-0.0,2011,4,2011-04,2011Q2,17,26,17:26:00,Afternoon,,,,,,,,,,,,,,,
549132,20756,GREEN FERN POCKET BOOK,-70,2011-04-06 15:22:00,0.0,,United Kingdom,,True,False,False,True,True,-0.0,2011,4,2011-04,2011Q2,15,22,15:22:00,Afternoon,,,,,,,,,,,,,,,
549133,20759,CHRYSANTHEMUM POCKET BOOK ,-52,2011-04-06 15:22:00,0.0,,United Kingdom,,True,False,False,True,True,-0.0,2011,4,2011-04,2011Q2,15,22,15:22:00,Afternoon,,,,,,,,,,,,,,,
549134,20758,ABSTRACT CIRCLES POCKET BOOK,-54,2011-04-06 15:22:00,0.0,,United Kingdom,,True,False,False,True,True,-0.0,2011,4,2011-04,2011Q2,15,22,15:22:00,Afternoon,,,,,,,,,,,,,,,
549136,21414,,-3,2011-04-06 15:23:00,0.0,,United Kingdom,,True,True,False,True,True,-0.0,2011,4,2011-04,2011Q2,15,23,15:23:00,Afternoon,,,,,,,,,,,,,,,
549137,84459B,YELLOW METAL CHICKEN HEART ,-7,2011-04-06 15:24:00,0.0,,United Kingdom,,True,False,False,True,True,-0.0,2011,4,2011-04,2011Q2,15,24,15:24:00,Afternoon,,,,,,,,,,,,,,,
549139,22988,SOLDIERS EGG CUP ,-91,2011-04-06 15:26:00,0.0,,United Kingdom,,True,False,False,True,True,-0.0,2011,4,2011-04,2011Q2,15,26,15:26:00,Afternoon,,,,,,,,,,,,,,,
549142,35650,,-24,2011-04-06 15:26:00,0.0,,United Kingdom,,True,True,False,True,True,-0.0,2011,4,2011-04,2011Q2,15,26,15:26:00,Afternoon,,,,,,,,,,,,,,,
549143,84597C,RETRO PINK BALL ASHTRAY ,-17,2011-04-06 15:27:00,0.0,,United Kingdom,,True,False,False,True,True,-0.0,2011,4,2011-04,2011Q2,15,27,15:27:00,Afternoon,,,,,,,,,,,,,,,
549144,21416,CLAM SHELL LARGE,-14,2011-04-06 15:28:00,0.0,,United Kingdom,,True,False,False,True,True,-0.0,2011,4,2011-04,2011Q2,15,28,15:28:00,Afternoon,,,,,,,,,,,,,,,
549146,85017A,ENVELOPE 50 ROMANTIC IMAGES,-10,2011-04-06 15:29:00,0.0,,United Kingdom,,True,False,False,True,True,-0.0,2011,4,2011-04,2011Q2,15,29,15:29:00,Afternoon,,,,,,,,,,,,,,,
549147,20773,BLUE PAISLEY NOTEBOOK,-4,2011-04-06 15:30:00,0.0,,United Kingdom,,True,False,False,True,True,-0.0,2011,4,2011-04,2011Q2,15,30,15:30:00,Afternoon,,,,,,,,,,,,,,,
549149,35649,VINTAGE BEAD COSMETIC BAG ,-43,2011-04-06 15:31:00,0.0,,United Kingdom,,True,False,False,True,True,-0.0,2011,4,2011-04,2011Q2,15,31,15:31:00,Afternoon,,,,,,,,,,,,,,,
549150,79336,LIGHT PINK FLOCK GLASS CANDLEHOLDER,-47,2011-04-06 15:32:00,0.0,,United Kingdom,,True,False,False,True,True,-0.0,2011,4,2011-04,2011Q2,15,32,15:32:00,Afternoon,,,,,,,,,,,,,,,
549156,17013D,ORIGAMI ROSE INCENSE IN TUBE,-9,2011-04-06 17:11:00,0.0,,United Kingdom,,True,False,False,True,True,-0.0,2011,4,2011-04,2011Q2,17,11,17:11:00,Afternoon,,,,,,,,,,,,,,,
549157,21511,,-9,2011-04-06 17:13:00,0.0,,United Kingdom,,True,True,False,True,True,-0.0,2011,4,2011-04,2011Q2,17,13,17:13:00,Afternoon,,,,,,,,,,,,,,,
549158,21910,WAY OUT METAL SIGN ,-1,2011-04-06 17:13:00,0.0,,United Kingdom,,True,False,False,True,True,-0.0,2011,4,2011-04,2011Q2,17,13,17:13:00,Afternoon,,,,,,,,,,,,,,,
549159,22052,VINTAGE CARAVAN GIFT WRAP,-25,2011-04-06 17:14:00,0.0,,United Kingdom,,True,False,False,True,True,-0.0,2011,4,2011-04,2011Q2,17,14,17:14:00,Afternoon,,,,,,,,,,,,,,,
549160,81953P,ROUND ARTICULATED PINK CLOCK W/SUCK,-7,2011-04-06 17:15:00,0.0,,United Kingdom,,True,False,False,True,True,-0.0,2011,4,2011-04,2011Q2,17,15,17:15:00,Afternoon,,,,,,,,,,,,,,,
549161,21518,BANK ACCOUNT  GREETING  CARD ,-31,2011-04-06 17:15:00,0.0,,United Kingdom,,True,False,False,True,True,-0.0,2011,4,2011-04,2011Q2,17,15,17:15:00,Afternoon,,,,,,,,,,,,,,,
549164,16169P,WRAP GREEN RUSSIAN FOLKART ,-75,2011-04-06 17:20:00,0.0,,United Kingdom,,True,False,False,True,True,-0.0,2011,4,2011-04,2011Q2,17,20,17:20:00,Afternoon,,,,,,,,,,,,,,,
549165,35815P,"ACRYLIC JEWEL SNOWFLAKE, PINK",-63,2011-04-06 17:20:00,0.0,,United Kingdom,,True,False,False,True,True,-0.0,2011,4,2011-04,2011Q2,17,20,17:20:00,Afternoon,,,,,,,,,,,,,,,
549167,84846A,SCENTED CANDLE IN DIGITALIS TIN,-8,2011-04-06 17:24:00,0.0,,United Kingdom,,True,False,False,True,True,-0.0,2011,4,2011-04,2011Q2,17,24,17:24:00,Afternoon,,,,,,,,,,,,,,,
549168,21161,KEEP OUT BOYS DOOR HANGER ,-10,2011-04-06 17:24:00,0.0,,United Kingdom,,True,False,False,True,True,-0.0,2011,4,2011-04,2011Q2,17,24,17:24:00,Afternoon,,,,,,,,,,,,,,,
549170,82545A,,-4,2011-04-06 17:25:00,0.0,,United Kingdom,,True,True,False,True,True,-0.0,2011,4,2011-04,2011Q2,17,25,17:25:00,Afternoon,,,,,,,,,,,,,,,
549171,84251F,,-2,2011-04-06 17:26:00,0.0,,United Kingdom,,True,True,False,True,True,-0.0,2011,4,2011-04,2011Q2,17,26,17:26:00,Afternoon,,,,,,,,,,,,,,,
549172,21637,ASSORTED SANSKRIT MINI NOTEBOOK,-139,2011-04-06 17:27:00,0.0,,United Kingdom,,True,False,False,True,True,-0.0,2011,4,2011-04,2011Q2,17,27,17:27:00,Afternoon,,,,,,,,,,,,,,,
549173,84218,BOX/12 CHICK & EGG IN BASKET,-2,2011-04-06 17:28:00,0.0,,United Kingdom,,True,False,False,True,True,-0.0,2011,4,2011-04,2011Q2,17,28,17:28:00,Afternoon,,,,,,,,,,,,,,,
549174,21160,KEEP OUT GIRLS DOOR HANGER ,-7,2011-04-06 17:30:00,0.0,,United Kingdom,,True,False,False,True,True,-0.0,2011,4,2011-04,2011Q2,17,30,17:30:00,Afternoon,,,,,,,,,,,,,,,
549175,21171,BATHROOM METAL SIGN ,-30,2011-04-06 17:30:00,0.0,,United Kingdom,,True,False,False,True,True,-0.0,2011,4,2011-04,2011Q2,17,30,17:30:00,Afternoon,,,,,,,,,,,,,,,
549176,35603B,,-12,2011-04-06 17:31:00,0.0,,United Kingdom,,True,True,False,True,True,-0.0,2011,4,2011-04,2011Q2,17,31,17:31:00,Afternoon,,,,,,,,,,,,,,,
549178,47502,,-19,2011-04-06 17:33:00,0.0,,United Kingdom,,True,True,False,True,True,-0.0,2011,4,2011-04,2011Q2,17,33,17:33:00,Afternoon,,,,,,,,,,,,,,,
549179,84007,,-3,2011-04-06 17:34:00,0.0,,United Kingdom,,True,True,False,True,True,-0.0,2011,4,2011-04,2011Q2,17,34,17:34:00,Afternoon,,,,,,,,,,,,,,,
549180,84522,PINK PARTY SUNGLASSES,-30,2011-04-06 17:34:00,0.0,,United Kingdom,,True,False,False,True,True,-0.0,2011,4,2011-04,2011Q2,17,34,17:34:00,Afternoon,,,,,,,,,,,,,,,
549244,79331,PINK FLOCK GLASS CANDLEHOLDER,-3,2011-04-07 11:53:00,0.0,,United Kingdom,,True,False,False,True,True,-0.0,2011,4,2011-04,2011Q2,11,53,11:53:00,Morning,,,,,,,,,,,,,,,
549264,21337,,-21,2011-04-07 12:45:00,0.0,,United Kingdom,,True,True,False,True,True,-0.0,2011,4,2011-04,2011Q2,12,45,12:45:00,Morning,,,,,,,,,,,,,,,
549266,84593,CROCHET ROSE DES CLOTHES HANGER,-5,2011-04-07 12:45:00,0.0,,United Kingdom,,True,False,False,True,True,-0.0,2011,4,2011-04,2011Q2,12,45,12:45:00,Morning,,,,,,,,,,,,,,,
549267,46037A,,-5,2011-04-07 12:46:00,0.0,,United Kingdom,,True,True,False,True,True,-0.0,2011,4,2011-04,2011Q2,12,46,12:46:00,Morning,,,,,,,,,,,,,,,
549268,84856S,SMALL TAHITI BEACH BAG,-7,2011-04-07 12:47:00,0.0,,United Kingdom,,True,False,False,True,True,-0.0,2011,4,2011-04,2011Q2,12,47,12:47:00,Morning,,,,,,,,,,,,,,,
549270,84856L,LARGE TAHITI BEACH BAG,-27,2011-04-07 12:48:00,0.0,,United Kingdom,,True,False,False,True,True,-0.0,2011,4,2011-04,2011Q2,12,48,12:48:00,Morning,,,,,,,,,,,,,,,
549271,62096B,,-2,2011-04-07 12:48:00,0.0,,United Kingdom,,True,True,False,True,True,-0.0,2011,4,2011-04,2011Q2,12,48,12:48:00,Morning,,,,,,,,,,,,,,,
549326,21738,COSY SLIPPER SHOES SMALL  RED ,-5,2011-04-08 10:45:00,0.0,,United Kingdom,,True,False,False,True,True,-0.0,2011,4,2011-04,2011Q2,10,45,10:45:00,Morning,,,,,,,,,,,,,,,
549328,51008,AFGHAN SLIPPER SOCK PAIR,-110,2011-04-08 10:49:00,0.0,,United Kingdom,,True,False,False,True,True,-0.0,2011,4,2011-04,2011Q2,10,49,10:49:00,Morning,,,,,,,,,,,,,,,
549329,84989A,75 GREEN FAIRY CAKE CASES,-1,2011-04-08 10:49:00,0.0,,United Kingdom,,True,False,False,True,True,-0.0,2011,4,2011-04,2011Q2,10,49,10:49:00,Morning,,,,,,,,,,,,,,,
549330,84251J,,-28,2011-04-08 10:53:00,0.0,,United Kingdom,,True,True,False,True,True,-0.0,2011,4,2011-04,2011Q2,10,53,10:53:00,Morning,,,,,,,,,,,,,,,
549331,40018F,,-22,2011-04-08 10:54:00,0.0,,United Kingdom,,True,True,False,True,True,-0.0,2011,4,2011-04,2011Q2,10,54,10:54:00,Morning,,,,,,,,,,,,,,,
549332,84864A,,-2,2011-04-08 10:55:00,0.0,,United Kingdom,,True,True,False,True,True,-0.0,2011,4,2011-04,2011Q2,10,55,10:55:00,Morning,,,,,,,,,,,,,,,
549340,20774,GREEN FERN NOTEBOOK,-11,2011-04-08 11:02:00,0.0,,United Kingdom,,True,False,False,True,True,-0.0,2011,4,2011-04,2011Q2,11,2,11:02:00,Morning,,,,,,,,,,,,,,,
549342,35818B,"ACRYLIC JEWEL ICICLE, BLUE",-53,2011-04-08 11:06:00,0.0,,United Kingdom,,True,False,False,True,True,-0.0,2011,4,2011-04,2011Q2,11,6,11:06:00,Morning,,,,,,,,,,,,,,,
549343,72815,3 WICK CHRISTMAS BRIAR CANDLE ,-3,2011-04-08 11:07:00,0.0,,United Kingdom,,True,False,False,True,True,-0.0,2011,4,2011-04,2011Q2,11,7,11:07:00,Morning,,,,,,,,,,,,,,,
549344,21825,,-14,2011-04-08 11:08:00,0.0,,United Kingdom,,True,True,False,True,True,-0.0,2011,4,2011-04,2011Q2,11,8,11:08:00,Morning,,,,,,,,,,,,,,,
549346,22033,BOTANICAL ROSE GREETING CARD,-50,2011-04-08 11:10:00,0.0,,United Kingdom,,True,False,False,True,True,-0.0,2011,4,2011-04,2011Q2,11,10,11:10:00,Morning,,,,,,,,,,,,,,,
549348,84251B,"GREETING CARD, STICKY GORDON",-60,2011-04-08 11:13:00,0.0,,United Kingdom,,True,False,False,True,True,-0.0,2011,4,2011-04,2011Q2,11,13,11:13:00,Morning,,,,,,,,,,,,,,,
549349,10123G,,-38,2011-04-08 11:13:00,0.0,,United Kingdom,,True,True,False,True,True,-0.0,2011,4,2011-04,2011Q2,11,13,11:13:00,Morning,,,,,,,,,,,,,,,
549350,84597B,RETRO BROWN BALL ASHTRAY ,-13,2011-04-08 11:14:00,0.0,,United Kingdom,,True,False,False,True,True,-0.0,2011,4,2011-04,2011Q2,11,14,11:14:00,Morning,,,,,,,,,,,,,,,
549351,85006,SET 4 NURSERY DES ROUND BOXES,-21,2011-04-08 11:14:00,0.0,,United Kingdom,,True,False,False,True,True,-0.0,2011,4,2011-04,2011Q2,11,14,11:14:00,Morning,,,,,,,,,,,,,,,
549355,84899F,,-5,2011-04-08 11:21:00,0.0,,United Kingdom,,True,True,False,True,True,-0.0,2011,4,2011-04,2011Q2,11,21,11:21:00,Morning,,,,,,,,,,,,,,,
549371,84921,CREAM AND PINK FLOWERS PONY ,-17,2011-04-08 11:27:00,0.0,,United Kingdom,,True,False,False,True,True,-0.0,2011,4,2011-04,2011Q2,11,27,11:27:00,Morning,,,,,,,,,,,,,,,
549373,85008,SET OF 3 CONEY ISLAND OVAL BOXES,-2,2011-04-08 11:28:00,0.0,,United Kingdom,,True,False,False,True,True,-0.0,2011,4,2011-04,2011Q2,11,28,11:28:00,Morning,,,,,,,,,,,,,,,
549374,20775,DAISY NOTEBOOK ,-29,2011-04-08 11:29:00,0.0,,United Kingdom,,True,False,False,True,True,-0.0,2011,4,2011-04,2011Q2,11,29,11:29:00,Morning,,,,,,,,,,,,,,,
549375,20863,,-6,2011-04-08 11:29:00,0.0,,United Kingdom,,True,True,False,True,True,-0.0,2011,4,2011-04,2011Q2,11,29,11:29:00,Morning,,,,,,,,,,,,,,,
549426,22078,RIBBON REEL LACE DESIGN ,-201,2011-04-08 11:55:00,0.0,,United Kingdom,,True,False,False,True,True,-0.0,2011,4,2011-04,2011Q2,11,55,11:55:00,Morning,,,,,,,,,,,,,,,
549427,22797,CHEST OF DRAWERS GINGHAM HEART ,-12,2011-04-08 11:56:00,0.0,,United Kingdom,damages,True,False,False,True,True,-0.0,2011,4,2011-04,2011Q2,11,56,11:56:00,Morning,,,,,,,,,,,,,,,
549455,84858C,PINK RIVIERA HANDBAG,-10,2011-04-08 14:18:00,0.0,,United Kingdom,,True,False,False,True,True,-0.0,2011,4,2011-04,2011Q2,14,18,14:18:00,Afternoon,,,,,,,,,,,,,,,
549456,47341A,FUSCHIA TABLE RUN FLOWER ,-6,2011-04-08 14:19:00,0.0,,United Kingdom,,True,False,False,True,True,-0.0,2011,4,2011-04,2011Q2,14,19,14:19:00,Afternoon,,,,,,,,,,,,,,,
549457,47344B,BLUE FLOWER DES PURSE,-16,2011-04-08 14:19:00,0.0,,United Kingdom,,True,False,False,True,True,-0.0,2011,4,2011-04,2011Q2,14,19,14:19:00,Afternoon,,,,,,,,,,,,,,,
549458,62097B,BLUE STRIPES SHOULDER BAG,-6,2011-04-08 14:19:00,0.0,,United Kingdom,,True,False,False,True,True,-0.0,2011,4,2011-04,2011Q2,14,19,14:19:00,Afternoon,,,,,,,,,,,,,,,
549460,20716,PARTY FOOD SHOPPER BAG,-82,2011-04-08 14:20:00,0.0,,United Kingdom,,True,False,False,True,True,-0.0,2011,4,2011-04,2011Q2,14,20,14:20:00,Afternoon,,,,,,,,,,,,,,,
549461,20731,POSY CANDY BAG,-16,2011-04-08 14:20:00,0.0,,United Kingdom,,True,False,False,True,True,-0.0,2011,4,2011-04,2011Q2,14,20,14:20:00,Afternoon,,,,,,,,,,,,,,,
549462,84910A,PINK PAISLEY CUSHION COVER ,-16,2011-04-08 14:21:00,0.0,,United Kingdom,,True,False,False,True,True,-0.0,2011,4,2011-04,2011Q2,14,21,14:21:00,Afternoon,,,,,,,,,,,,,,,
549463,84919,BLUE CUSHION COVER WITH FLOWER,-17,2011-04-08 14:21:00,0.0,,United Kingdom,,True,False,False,True,True,-0.0,2011,4,2011-04,2011Q2,14,21,14:21:00,Afternoon,,,,,,,,,,,,,,,
549464,20701,PINK CAT FLORAL CUSHION COVER ,-6,2011-04-08 14:21:00,0.0,,United Kingdom,,True,False,False,True,True,-0.0,2011,4,2011-04,2011Q2,14,21,14:21:00,Afternoon,,,,,,,,,,,,,,,
549465,84415B,BLUE FLOCK CUSHION COVER ,-5,2011-04-08 14:22:00,0.0,,United Kingdom,,True,False,False,True,True,-0.0,2011,4,2011-04,2011Q2,14,22,14:22:00,Afternoon,,,,,,,,,,,,,,,
549466,20816,GOLD FLOWER CUSHION COVER ,-11,2011-04-08 14:22:00,0.0,,United Kingdom,,True,False,False,True,True,-0.0,2011,4,2011-04,2011Q2,14,22,14:22:00,Afternoon,,,,,,,,,,,,,,,
549470,46775D,SUNSET COLOUR CHUNKY KNITTED THROW,-8,2011-04-08 14:28:00,0.0,,United Kingdom,,True,False,False,True,True,-0.0,2011,4,2011-04,2011Q2,14,28,14:28:00,Afternoon,,,,,,,,,,,,,,,
549506,22415,WHITE TISSUE REAM,-31,2011-04-08 15:07:00,0.0,,United Kingdom,,True,False,False,True,True,-0.0,2011,4,2011-04,2011Q2,15,7,15:07:00,Afternoon,,,,,,,,,,,,,,,
549510,84559B,3D SHEET OF CAT STICKERS,-158,2011-04-08 15:08:00,0.0,,United Kingdom,,True,False,False,True,True,-0.0,2011,4,2011-04,2011Q2,15,8,15:08:00,Afternoon,,,,,,,,,,,,,,,
549514,20820,SILVER LOOKING MIRROR,-3,2011-04-08 15:09:00,0.0,,United Kingdom,,True,False,False,True,True,-0.0,2011,4,2011-04,2011Q2,15,9,15:09:00,Afternoon,,,,,,,,,,,,,,,
549527,21620,SET OF 4 ROSE BOTANICAL CANDLES,-1479,2011-04-08 16:03:00,0.0,,United Kingdom,mystery! Only ever imported 1800,True,False,False,True,True,-0.0,2011,4,2011-04,2011Q2,16,3,16:03:00,Afternoon,,,,,,,,,,,,,,,
549528,21422,PORCELAIN ROSE SMALL,-55,2011-04-08 16:44:00,0.0,,United Kingdom,,True,False,False,True,True,-0.0,2011,4,2011-04,2011Q2,16,44,16:44:00,Afternoon,,,,,,,,,,,,,,,
549529,21830,ASSORTED CREEPY CRAWLIES,-576,2011-04-08 16:56:00,0.0,,United Kingdom,"MERCHANT CHANDLER CREDIT ERROR, STO",True,False,False,True,True,-0.0,2011,4,2011-04,2011Q2,16,56,16:56:00,Afternoon,,,,,,,,,,,,,,,
549531,21622,VINTAGE UNION JACK CUSHION COVER,-750,2011-04-08 17:05:00,0.0,,United Kingdom,POSSIBLE DAMAGES OR LOST?,True,False,False,True,True,-0.0,2011,4,2011-04,2011Q2,17,5,17:05:00,Afternoon,,,,,,,,,,,,,,,
549695,84751B,BLACK MEDIUM GLASS CAKE STAND,-24,2011-04-11 13:50:00,0.0,,United Kingdom,,True,False,False,True,True,-0.0,2011,4,2011-04,2011Q2,13,50,13:50:00,Afternoon,,,,,,,,,,,,,,,
549846,21100,CHARLIE AND LOLA CHARLOTTE BAG,-6,2011-04-12 14:30:00,0.0,,United Kingdom,Damaged,True,False,False,True,True,-0.0,2011,4,2011-04,2011Q2,14,30,14:30:00,Afternoon,,,,,,,,,,,,,,,
549848,84531A,PINK KNITTED EGG COSY,-34,2011-04-12 14:51:00,0.0,,United Kingdom,,True,False,False,True,True,-0.0,2011,4,2011-04,2011Q2,14,51,14:51:00,Afternoon,,,,,,,,,,,,,,,
549849,84531B,BLUE KNITTED EGG COSY,-23,2011-04-12 14:51:00,0.0,,United Kingdom,,True,False,False,True,True,-0.0,2011,4,2011-04,2011Q2,14,51,14:51:00,Afternoon,,,,,,,,,,,,,,,
549935,35915C,PEACH KNITTED HEN ,-43,2011-04-13 11:16:00,0.0,,United Kingdom,damaged,True,False,False,True,True,-0.0,2011,4,2011-04,2011Q2,11,16,11:16:00,Morning,,,,,,,,,,,,,,,
549948,37488A,YELLOW PINK FLOWER DESIGN BIG BOWL,-1,2011-04-13 12:55:00,0.0,,United Kingdom,damaged,True,False,False,True,True,-0.0,2011,4,2011-04,2011Q2,12,55,12:55:00,Morning,,,,,,,,,,,,,,,
549950,37487B,YELLOW/ORANGE FLOWER DESIGN PLATE,-6,2011-04-13 12:57:00,0.0,,United Kingdom,Damaged,True,False,False,True,True,-0.0,2011,4,2011-04,2011Q2,12,57,12:57:00,Morning,,,,,,,,,,,,,,,
549952,37482P,CUBIC MUG PINK POLKADOT,-93,2011-04-13 13:05:00,0.0,,United Kingdom,Damaged,True,False,False,True,True,-0.0,2011,4,2011-04,2011Q2,13,5,13:05:00,Afternoon,,,,,,,,,,,,,,,
550133,85099F,JUMBO BAG STRAWBERRY,-1092,2011-04-14 13:49:00,0.0,,United Kingdom,,True,False,False,True,True,-0.0,2011,4,2011-04,2011Q2,13,49,13:49:00,Afternoon,,,,,,,,,,,,,,,
550153,85167B,BLACK GRAND BAROQUE PHOTO FRAME,-1,2011-04-14 14:44:00,0.0,,United Kingdom,DAMAGED,True,False,False,True,True,-0.0,2011,4,2011-04,2011Q2,14,44,14:44:00,Afternoon,,,,,,,,,,,,,,,
550753,84763,ZINC FINISH 15CM PLANTER POTS,-150,2011-04-20 11:53:00,0.0,,United Kingdom,Display,True,False,False,True,True,-0.0,2011,4,2011-04,2011Q2,11,53,11:53:00,Morning,,,,,,,,,,,,,,,
550757,16202B,PASTEL BLUE PHOTO ALBUM ,-9,2011-04-20 12:08:00,0.0,,United Kingdom,,True,False,False,True,True,-0.0,2011,4,2011-04,2011Q2,12,8,12:08:00,Morning,,,,,,,,,,,,,,,
550758,85017A,ENVELOPE 50 ROMANTIC IMAGES,-8,2011-04-20 12:09:00,0.0,,United Kingdom,,True,False,False,True,True,-0.0,2011,4,2011-04,2011Q2,12,9,12:09:00,Morning,,,,,,,,,,,,,,,
550759,21087,SET/6 POSIES PAPER CUPS,-7,2011-04-20 12:09:00,0.0,,United Kingdom,,True,False,False,True,True,-0.0,2011,4,2011-04,2011Q2,12,9,12:09:00,Morning,,,,,,,,,,,,,,,
550760,84750B,BLACK SMALL GLASS CAKE STAND,-4,2011-04-20 12:09:00,0.0,,United Kingdom,,True,False,False,True,True,-0.0,2011,4,2011-04,2011Q2,12,9,12:09:00,Morning,,,,,,,,,,,,,,,
550762,85030,FRENCH CHATEAU OVAL PLATTER,-9,2011-04-20 12:10:00,0.0,,United Kingdom,,True,False,False,True,True,-0.0,2011,4,2011-04,2011Q2,12,10,12:10:00,Morning,,,,,,,,,,,,,,,
550763,84666,SQUARE CHERRY BLOSSOM CABINET,-5,2011-04-20 12:11:00,0.0,,United Kingdom,,True,False,False,True,True,-0.0,2011,4,2011-04,2011Q2,12,11,12:11:00,Morning,,,,,,,,,,,,,,,
550800,22458,CAST IRON HOOK GARDEN FORK,-65,2011-04-20 14:48:00,0.0,,United Kingdom,Missing,True,False,False,True,True,-0.0,2011,4,2011-04,2011Q2,14,48,14:48:00,Afternoon,,,,,,,,,,,,,,,
550908,20827,GOLD APERITIF GLASS,-68,2011-04-21 12:39:00,0.0,,United Kingdom,damages,True,False,False,True,True,-0.0,2011,4,2011-04,2011Q2,12,39,12:39:00,Morning,,,,,,,,,,,,,,,
550922,22784,LANTERN CREAM GAZEBO ,-25,2011-04-21 14:29:00,0.0,,United Kingdom,damages,True,False,False,True,True,-0.0,2011,4,2011-04,2011Q2,14,29,14:29:00,Afternoon,,,,,,,,,,,,,,,
550943,21316,SMALL CHUNKY GLASS ROMAN  BOWL,-5,2011-04-21 15:51:00,0.0,,United Kingdom,,True,False,False,True,True,-0.0,2011,4,2011-04,2011Q2,15,51,15:51:00,Afternoon,,,,,,,,,,,,,,,
550945,79329,PINK FLOCK GLASS CANDLEHOLDER,-2,2011-04-21 15:52:00,0.0,,United Kingdom,,True,False,False,True,True,-0.0,2011,4,2011-04,2011Q2,15,52,15:52:00,Afternoon,,,,,,,,,,,,,,,
550954,47013A,WINE BOTTLE DRESSING LT.BLUE,-2,2011-04-21 16:18:00,0.0,,United Kingdom,damaged,True,False,False,True,True,-0.0,2011,4,2011-04,2011Q2,16,18,16:18:00,Afternoon,,,,,,,,,,,,,,,
550970,82599,FANNY'S REST STOPMETAL SIGN,-11,2011-04-21 17:02:00,0.0,,United Kingdom,,True,False,False,True,True,-0.0,2011,4,2011-04,2011Q2,17,2,17:02:00,Afternoon,,,,,,,,,,,,,,,
551019,22467,GUMBALL COAT RACK,-100,2011-04-26 11:19:00,0.0,,United Kingdom,wrong code?,True,False,False,True,True,-0.0,2011,4,2011-04,2011Q2,11,19,11:19:00,Morning,,,,,,,,,,,,,,,
551020,22719,GUMBALL MONOCHROME COAT RACK,-110,2011-04-26 11:19:00,0.0,,United Kingdom,wrong code,True,False,False,True,True,-0.0,2011,4,2011-04,2011Q2,11,19,11:19:00,Morning,,,,,,,,,,,,,,,
551168,85068,CREAM SWEETHEART SHELF + HOOKS,-4,2011-04-26 16:06:00,0.0,,United Kingdom,,True,False,False,True,True,-0.0,2011,4,2011-04,2011Q2,16,6,16:06:00,Afternoon,,,,,,,,,,,,,,,
551201,16015,MEDIUM CHINESE STYLE SCISSOR,-620,2011-04-27 11:33:00,0.0,,United Kingdom,,True,False,False,True,True,-0.0,2011,4,2011-04,2011Q2,11,33,11:33:00,Morning,,,,,,,,,,,,,,,
551243,51020B,STRIPY DESIGN SHOWER CAP,-53,2011-04-27 11:49:00,0.0,,United Kingdom,adjust,True,False,False,True,True,-0.0,2011,4,2011-04,2011Q2,11,49,11:49:00,Morning,,,,,,,,,,,,,,,
551302,48189,DOORMAT FRIENDSHIP ,-18,2011-04-27 14:55:00,0.0,,United Kingdom,damaged,True,False,False,True,True,-0.0,2011,4,2011-04,2011Q2,14,55,14:55:00,Afternoon,,,,,,,,,,,,,,,
551323,21398,RED POLKADOT COFFEE  MUG,-9,2011-04-27 15:31:00,0.0,,United Kingdom,damages,True,False,False,True,True,-0.0,2011,4,2011-04,2011Q2,15,31,15:31:00,Afternoon,,,,,,,,,,,,,,,
551326,85017A,ENVELOPE 50 ROMANTIC IMAGES,-2,2011-04-27 15:51:00,0.0,,United Kingdom,,True,False,False,True,True,-0.0,2011,4,2011-04,2011Q2,15,51,15:51:00,Afternoon,,,,,,,,,,,,,,,
551327,84228,HEN HOUSE W CHICK STANDING,-4,2011-04-27 16:01:00,0.0,,United Kingdom,crushed,True,False,False,True,True,-0.0,2011,4,2011-04,2011Q2,16,1,16:01:00,Afternoon,,,,,,,,,,,,,,,
551328,21320,GLASS CHALICE GREEN  LARGE ,-23,2011-04-27 16:08:00,0.0,,United Kingdom,,True,False,False,True,True,-0.0,2011,4,2011-04,2011Q2,16,8,16:08:00,Afternoon,,,,,,,,,,,,,,,
551422,22084,PAPER CHAIN KIT EMPIRE,-150,2011-04-28 14:11:00,0.0,,United Kingdom,,True,False,False,True,True,-0.0,2011,4,2011-04,2011Q2,14,11,14:11:00,Afternoon,,,,,,,,,,,,,,,
551429,10002,INFLATABLE POLITICAL GLOBE ,-3,2011-04-28 15:05:00,0.0,,United Kingdom,,True,False,False,True,True,-0.0,2011,4,2011-04,2011Q2,15,5,15:05:00,Afternoon,,,,,,,,,,,,,,,
551430,20966,SANDWICH BATH SPONGE,-3,2011-04-28 15:06:00,0.0,,United Kingdom,,True,False,False,True,True,-0.0,2011,4,2011-04,2011Q2,15,6,15:06:00,Afternoon,,,,,,,,,,,,,,,
551431,44091A,BLUE CRUSOE CHECK LAMPSHADE,-2,2011-04-28 15:06:00,0.0,,United Kingdom,,True,False,False,True,True,-0.0,2011,4,2011-04,2011Q2,15,6,15:06:00,Afternoon,,,,,,,,,,,,,,,
551432,21923,,-5,2011-04-28 15:06:00,0.0,,United Kingdom,,True,True,False,True,True,-0.0,2011,4,2011-04,2011Q2,15,6,15:06:00,Afternoon,,,,,,,,,,,,,,,
551433,21784,SHOE SHINE BOX ,-2,2011-04-28 15:07:00,0.0,,United Kingdom,,True,False,False,True,True,-0.0,2011,4,2011-04,2011Q2,15,7,15:07:00,Afternoon,,,,,,,,,,,,,,,
551434,20896,,-5,2011-04-28 15:07:00,0.0,,United Kingdom,,True,True,False,True,True,-0.0,2011,4,2011-04,2011Q2,15,7,15:07:00,Afternoon,,,,,,,,,,,,,,,
551435,20825,,-5,2011-04-28 15:08:00,0.0,,United Kingdom,,True,True,False,True,True,-0.0,2011,4,2011-04,2011Q2,15,8,15:08:00,Afternoon,,,,,,,,,,,,,,,
551441,85136B,BLUE SHARK HELICOPTER,-4,2011-04-28 15:50:00,0.0,,United Kingdom,,True,False,False,True,True,-0.0,2011,4,2011-04,2011Q2,15,50,15:50:00,Afternoon,,,,,,,,,,,,,,,
551442,85060,,-4,2011-04-28 15:50:00,0.0,,United Kingdom,,True,True,False,True,True,-0.0,2011,4,2011-04,2011Q2,15,50,15:50:00,Afternoon,,,,,,,,,,,,,,,
551443,35920,FOUR RABBIT EASTER DECORATIONS,-4,2011-04-28 15:51:00,0.0,,United Kingdom,,True,False,False,True,True,-0.0,2011,4,2011-04,2011Q2,15,51,15:51:00,Afternoon,,,,,,,,,,,,,,,
551444,35809B,ENAMEL BLUE RIM TEA CONTAINER,-4,2011-04-28 15:58:00,0.0,,United Kingdom,,True,False,False,True,True,-0.0,2011,4,2011-04,2011Q2,15,58,15:58:00,Afternoon,,,,,,,,,,,,,,,
551446,35594,,-4,2011-04-28 15:58:00,0.0,,United Kingdom,,True,True,False,True,True,-0.0,2011,4,2011-04,2011Q2,15,58,15:58:00,Afternoon,,,,,,,,,,,,,,,
551447,35004C,SET OF 3 COLOURED  FLYING DUCKS,-4,2011-04-28 15:59:00,0.0,,United Kingdom,,True,False,False,True,True,-0.0,2011,4,2011-04,2011Q2,15,59,15:59:00,Afternoon,,,,,,,,,,,,,,,
551448,22734,SET OF 6 RIBBONS VINTAGE CHRISTMAS,-4,2011-04-28 15:59:00,0.0,,United Kingdom,,True,False,False,True,True,-0.0,2011,4,2011-04,2011Q2,15,59,15:59:00,Afternoon,,,,,,,,,,,,,,,
551449,22525,CHILDRENS GARDEN GLOVES PINK,-4,2011-04-28 16:00:00,0.0,,United Kingdom,,True,False,False,True,True,-0.0,2011,4,2011-04,2011Q2,16,0,16:00:00,Afternoon,,,,,,,,,,,,,,,
551450,21410,COUNTRY COTTAGE  DOORSTOP GREEN,-4,2011-04-28 16:00:00,0.0,,United Kingdom,,True,False,False,True,True,-0.0,2011,4,2011-04,2011Q2,16,0,16:00:00,Afternoon,,,,,,,,,,,,,,,
551451,21330,,-4,2011-04-28 16:01:00,0.0,,United Kingdom,,True,True,False,True,True,-0.0,2011,4,2011-04,2011Q2,16,1,16:01:00,Afternoon,,,,,,,,,,,,,,,
551452,84715,SET OF 6 ICE CREAM SKITTLES,-3,2011-04-28 16:01:00,0.0,,United Kingdom,,True,False,False,True,True,-0.0,2011,4,2011-04,2011Q2,16,1,16:01:00,Afternoon,,,,,,,,,,,,,,,
551453,82494L,WOODEN FRAME ANTIQUE WHITE ,-3,2011-04-28 16:01:00,0.0,,United Kingdom,,True,False,False,True,True,-0.0,2011,4,2011-04,2011Q2,16,1,16:01:00,Afternoon,,,,,,,,,,,,,,,
551454,78027,,-3,2011-04-28 16:02:00,0.0,,United Kingdom,,True,True,False,True,True,-0.0,2011,4,2011-04,2011Q2,16,2,16:02:00,Afternoon,,,,,,,,,,,,,,,
551455,37333,"RETRO ""TEA FOR ONE"" ",-1,2011-04-28 16:03:00,0.0,,United Kingdom,,True,False,False,True,True,-0.0,2011,4,2011-04,2011Q2,16,3,16:03:00,Afternoon,,,,,,,,,,,,,,,
551456,22795,SWEETHEART RECIPE BOOK STAND,-3,2011-04-28 16:03:00,0.0,,United Kingdom,,True,False,False,True,True,-0.0,2011,4,2011-04,2011Q2,16,3,16:03:00,Afternoon,,,,,,,,,,,,,,,
551457,22719,GUMBALL MONOCHROME COAT RACK,-3,2011-04-28 16:04:00,0.0,,United Kingdom,,True,False,False,True,True,-0.0,2011,4,2011-04,2011Q2,16,4,16:04:00,Afternoon,,,,,,,,,,,,,,,
551459,22173,METAL 4 HOOK HANGER FRENCH CHATEAU,-30,2011-04-28 16:04:00,0.0,,United Kingdom,,True,False,False,True,True,-0.0,2011,4,2011-04,2011Q2,16,4,16:04:00,Afternoon,,,,,,,,,,,,,,,
551461,21806,,-3,2011-04-28 16:05:00,0.0,,United Kingdom,,True,True,False,True,True,-0.0,2011,4,2011-04,2011Q2,16,5,16:05:00,Afternoon,,,,,,,,,,,,,,,
551553,22521,CHILDS GARDEN TROWEL PINK,-90,2011-05-03 10:15:00,0.0,,United Kingdom,,True,False,False,True,True,-0.0,2011,5,2011-05,2011Q2,10,15,10:15:00,Morning,,,,,,,,,,,,,,,
551554,22720,SET OF 3 CAKE TINS PANTRY DESIGN ,-4,2011-05-03 10:19:00,0.0,,United Kingdom,,True,False,False,True,True,-0.0,2011,5,2011-05,2011Q2,10,19,10:19:00,Morning,,,,,,,,,,,,,,,
551565,85135A,YELLOW DRAGONFLY HELICOPTER,-7,2011-05-03 11:10:00,0.0,,United Kingdom,,True,False,False,True,True,-0.0,2011,5,2011-05,2011Q2,11,10,11:10:00,Morning,,,,,,,,,,,,,,,
551568,21038,SET/4 MODERN VINTAGE COTTON NAPKINS,-6,2011-05-03 11:12:00,0.0,,United Kingdom,,True,False,False,True,True,-0.0,2011,5,2011-05,2011Q2,11,12,11:12:00,Morning,,,,,,,,,,,,,,,
551569,85226C,,-6,2011-05-03 11:13:00,0.0,,United Kingdom,,True,True,False,True,True,-0.0,2011,5,2011-05,2011Q2,11,13,11:13:00,Morning,,,,,,,,,,,,,,,
551570,85189,HANGING BUTTERFLY  EGG,-6,2011-05-03 11:13:00,0.0,,United Kingdom,,True,False,False,True,True,-0.0,2011,5,2011-05,2011Q2,11,13,11:13:00,Morning,,,,,,,,,,,,,,,
551571,47591A,,-6,2011-05-03 11:14:00,0.0,,United Kingdom,,True,True,False,True,True,-0.0,2011,5,2011-05,2011Q2,11,14,11:14:00,Morning,,,,,,,,,,,,,,,
551572,37424,,-6,2011-05-03 11:15:00,0.0,,United Kingdom,,True,True,False,True,True,-0.0,2011,5,2011-05,2011Q2,11,15,11:15:00,Morning,,,,,,,,,,,,,,,
551573,22726,ALARM CLOCK BAKELIKE GREEN,-5,2011-05-03 11:15:00,0.0,,United Kingdom,,True,False,False,True,True,-0.0,2011,5,2011-05,2011Q2,11,15,11:15:00,Morning,,,,,,,,,,,,,,,
551574,21692,SILVER LATTICE VANILLA CANDLE POT,-6,2011-05-03 11:16:00,0.0,,United Kingdom,,True,False,False,True,True,-0.0,2011,5,2011-05,2011Q2,11,16,11:16:00,Morning,,,,,,,,,,,,,,,
551575,21412,,-6,2011-05-03 11:16:00,0.0,,United Kingdom,,True,True,False,True,True,-0.0,2011,5,2011-05,2011Q2,11,16,11:16:00,Morning,,,,,,,,,,,,,,,
551577,90100,NECKLACE+BRACELET SET PINK DAISY,-5,2011-05-03 11:19:00,0.0,,United Kingdom,,True,False,False,True,True,-0.0,2011,5,2011-05,2011Q2,11,19,11:19:00,Morning,,,,,,,,,,,,,,,
551578,90037D,,-5,2011-05-03 11:19:00,0.0,,United Kingdom,,True,True,False,True,True,-0.0,2011,5,2011-05,2011Q2,11,19,11:19:00,Morning,,,,,,,,,,,,,,,
551579,85098B,BLUE FLYING SINGING CANARY,-5,2011-05-03 11:20:00,0.0,,United Kingdom,,True,False,False,True,True,-0.0,2011,5,2011-05,2011Q2,11,20,11:20:00,Morning,,,,,,,,,,,,,,,
551580,85084,HOLLY TOP CHRISTMAS STOCKING,-5,2011-05-03 11:20:00,0.0,,United Kingdom,,True,False,False,True,True,-0.0,2011,5,2011-05,2011Q2,11,20,11:20:00,Morning,,,,,,,,,,,,,,,
551582,84857A,,-5,2011-05-03 11:21:00,0.0,,United Kingdom,,True,True,False,True,True,-0.0,2011,5,2011-05,2011Q2,11,21,11:21:00,Morning,,,,,,,,,,,,,,,
551583,84482,,-5,2011-05-03 11:21:00,0.0,,United Kingdom,,True,True,False,True,True,-0.0,2011,5,2011-05,2011Q2,11,21,11:21:00,Morning,,,,,,,,,,,,,,,
551586,21120,*Boombox Ipod Classic,-6,2011-05-03 11:24:00,0.0,,United Kingdom,,True,False,False,True,True,-0.0,2011,5,2011-05,2011Q2,11,24,11:24:00,Morning,,,,,,,,,,,,,,,
551589,21854,,-2,2011-05-03 11:30:00,0.0,,United Kingdom,,True,True,False,True,True,-0.0,2011,5,2011-05,2011Q2,11,30,11:30:00,Morning,,,,,,,,,,,,,,,
551663,84548,CROCHET BEAR RED/BLUE  KEYRING,-70,2011-05-03 12:34:00,0.0,,United Kingdom,,True,False,False,True,True,-0.0,2011,5,2011-05,2011Q2,12,34,12:34:00,Morning,,,,,,,,,,,,,,,
551664,20933,YELLOW POT PLANT CANDLE,-3,2011-05-03 12:34:00,0.0,,United Kingdom,,True,False,False,True,True,-0.0,2011,5,2011-05,2011Q2,12,34,12:34:00,Morning,,,,,,,,,,,,,,,
551666,84750A,PINK SMALL GLASS CAKE STAND,-10,2011-05-03 12:35:00,0.0,,United Kingdom,,True,False,False,True,True,-0.0,2011,5,2011-05,2011Q2,12,35,12:35:00,Morning,,,,,,,,,,,,,,,
551668,22444,GROW YOUR OWN PLANT IN A CAN ,-10,2011-05-03 12:37:00,0.0,,United Kingdom,,True,False,False,True,True,-0.0,2011,5,2011-05,2011Q2,12,37,12:37:00,Morning,,,,,,,,,,,,,,,
551671,20734,SILVER MINI TAPE MEASURE ,-10,2011-05-03 12:38:00,0.0,,United Kingdom,,True,False,False,True,True,-0.0,2011,5,2011-05,2011Q2,12,38,12:38:00,Morning,,,,,,,,,,,,,,,
551672,84631,FRUIT TREE AND BIRDS WALL PLAQUE,-4,2011-05-03 12:39:00,0.0,,United Kingdom,,True,False,False,True,True,-0.0,2011,5,2011-05,2011Q2,12,39,12:39:00,Morning,,,,,,,,,,,,,,,
551673,79192A,RETRO PLASTIC 70'S TRAY,-9,2011-05-03 12:39:00,0.0,,United Kingdom,,True,False,False,True,True,-0.0,2011,5,2011-05,2011Q2,12,39,12:39:00,Morning,,,,,,,,,,,,,,,
551689,22625,RED KITCHEN SCALES,-9,2011-05-03 13:35:00,0.0,,United Kingdom,,True,False,False,True,True,-0.0,2011,5,2011-05,2011Q2,13,35,13:35:00,Afternoon,,,,,,,,,,,,,,,
551690,21143,ANTIQUE GLASS HEART DECORATION ,-9,2011-05-03 13:35:00,0.0,,United Kingdom,,True,False,False,True,True,-0.0,2011,5,2011-05,2011Q2,13,35,13:35:00,Afternoon,,,,,,,,,,,,,,,
551695,22467,GUMBALL COAT RACK,-8,2011-05-03 13:37:00,0.0,,United Kingdom,,True,False,False,True,True,-0.0,2011,5,2011-05,2011Q2,13,37,13:37:00,Afternoon,,,,,,,,,,,,,,,
551700,85144,JARDIN ETCHED GLASS CHEESE DISH,-38,2011-05-03 14:13:00,0.0,,United Kingdom,,True,False,False,True,True,-0.0,2011,5,2011-05,2011Q2,14,13,14:13:00,Afternoon,,,,,,,,,,,,,,,
551701,84683,CLASSICAL ROSE CANDLESTAND,-2,2011-05-03 14:15:00,0.0,,United Kingdom,,True,False,False,True,True,-0.0,2011,5,2011-05,2011Q2,14,15,14:15:00,Afternoon,,,,,,,,,,,,,,,
551704,22656,VINTAGE BLUE KITCHEN CABINET,-2,2011-05-03 14:33:00,0.0,,United Kingdom,,True,False,False,True,True,-0.0,2011,5,2011-05,2011Q2,14,33,14:33:00,Afternoon,,,,,,,,,,,,,,,
551705,22655,VINTAGE RED KITCHEN CABINET,-11,2011-05-03 14:35:00,0.0,,United Kingdom,damages/showroom etc,True,False,False,True,True,-0.0,2011,5,2011-05,2011Q2,14,35,14:35:00,Afternoon,,,,,,,,,,,,,,,
551722,20975,12 PENCILS SMALL TUBE RED RETROSPOT,-170,2011-05-03 16:50:00,0.0,,United Kingdom,,True,False,False,True,True,-0.0,2011,5,2011-05,2011Q2,16,50,16:50:00,Afternoon,,,,,,,,,,,,,,,
551723,22136,LOVE HEART SOCK HANGER,-23,2011-05-03 16:51:00,0.0,,United Kingdom,,True,False,False,True,True,-0.0,2011,5,2011-05,2011Q2,16,51,16:51:00,Afternoon,,,,,,,,,,,,,,,
551735,21656,RIDGED GLASS POSY VASE ,-19,2011-05-04 10:25:00,0.0,,United Kingdom,samples,True,False,False,True,True,-0.0,2011,5,2011-05,2011Q2,10,25,10:25:00,Morning,,,,,,,,,,,,,,,
551837,79164,BLACK WINE GLASS,-1512,2011-05-04 13:23:00,0.0,,United Kingdom,damages/credits from ASOS.,True,False,False,True,True,-0.0,2011,5,2011-05,2011Q2,13,23,13:23:00,Afternoon,,,,,,,,,,,,,,,
551838,35609A,,-51,2011-05-04 13:31:00,0.0,,United Kingdom,,True,True,False,True,True,-0.0,2011,5,2011-05,2011Q2,13,31,13:31:00,Afternoon,,,,,,,,,,,,,,,
552050,84916,HAND TOWEL PALE BLUE W FLOWERS,-32,2011-05-06 10:08:00,0.0,,United Kingdom,,True,False,False,True,True,-0.0,2011,5,2011-05,2011Q2,10,8,10:08:00,Morning,,,,,,,,,,,,,,,
552052,84917,WHITE HAND TOWEL WITH BUTTERFLY,-8,2011-05-06 10:10:00,0.0,,United Kingdom,,True,False,False,True,True,-0.0,2011,5,2011-05,2011Q2,10,10,10:10:00,Morning,,,,,,,,,,,,,,,
552214,84872A,TEATIME FUNKY FLOWER BACKPACK FOR 2,-12,2011-05-06 15:11:00,0.0,,United Kingdom,,True,False,False,True,True,-0.0,2011,5,2011-05,2011Q2,15,11,15:11:00,Afternoon,,,,,,,,,,,,,,,
552215,17096,ASSORTED LAQUERED INCENSE HOLDERS,-41,2011-05-06 15:12:00,0.0,,United Kingdom,,True,False,False,True,True,-0.0,2011,5,2011-05,2011Q2,15,12,15:12:00,Afternoon,,,,,,,,,,,,,,,
552216,21363,HOME SMALL WOOD LETTERS,-19,2011-05-06 15:12:00,0.0,,United Kingdom,,True,False,False,True,True,-0.0,2011,5,2011-05,2011Q2,15,12,15:12:00,Afternoon,,,,,,,,,,,,,,,
552218,84406B,CREAM CUPID HEARTS COAT HANGER,-38,2011-05-06 15:15:00,0.0,,United Kingdom,,True,False,False,True,True,-0.0,2011,5,2011-05,2011Q2,15,15,15:15:00,Afternoon,,,,,,,,,,,,,,,
552219,22073,RED RETROSPOT STORAGE JAR,-56,2011-05-06 15:16:00,0.0,,United Kingdom,,True,False,False,True,True,-0.0,2011,5,2011-05,2011Q2,15,16,15:16:00,Afternoon,,,,,,,,,,,,,,,
552221,21043,APRON MODERN VINTAGE COTTON,-38,2011-05-06 15:20:00,0.0,,United Kingdom,,True,False,False,True,True,-0.0,2011,5,2011-05,2011Q2,15,20,15:20:00,Afternoon,,,,,,,,,,,,,,,
552222,21974,SET OF 36 PAISLEY FLOWER DOILIES,-45,2011-05-06 15:22:00,0.0,,United Kingdom,,True,False,False,True,True,-0.0,2011,5,2011-05,2011Q2,15,22,15:22:00,Afternoon,,,,,,,,,,,,,,,
552223,22524,CHILDRENS GARDEN GLOVES BLUE,-49,2011-05-06 15:24:00,0.0,,United Kingdom,,True,False,False,True,True,-0.0,2011,5,2011-05,2011Q2,15,24,15:24:00,Afternoon,,,,,,,,,,,,,,,
552224,84766,SILVER ROCOCO CANDLE STICK,-37,2011-05-06 15:25:00,0.0,,United Kingdom,,True,False,False,True,True,-0.0,2011,5,2011-05,2011Q2,15,25,15:25:00,Afternoon,,,,,,,,,,,,,,,
552225,22775,PURPLE DRAWERKNOB ACRYLIC EDWARDIAN,-40,2011-05-06 15:26:00,0.0,,United Kingdom,,True,False,False,True,True,-0.0,2011,5,2011-05,2011Q2,15,26,15:26:00,Afternoon,,,,,,,,,,,,,,,
552226,22035,VINTAGE CARAVAN GREETING CARD ,-160,2011-05-06 15:26:00,0.0,,United Kingdom,,True,False,False,True,True,-0.0,2011,5,2011-05,2011Q2,15,26,15:26:00,Afternoon,,,,,,,,,,,,,,,
552228,84912B,GREEN ROSE WASHBAG,-93,2011-05-06 15:29:00,0.0,,United Kingdom,,True,False,False,True,True,-0.0,2011,5,2011-05,2011Q2,15,29,15:29:00,Afternoon,,,,,,,,,,,,,,,
552331,22667,RECIPE BOX RETROSPOT ,-30,2011-05-09 10:24:00,0.0,,United Kingdom,damaged,True,False,False,True,True,-0.0,2011,5,2011-05,2011Q2,10,24,10:24:00,Morning,,,,,,,,,,,,,,,
552443,22796,PHOTO FRAME 3 CLASSIC HANGING,-360,2011-05-09 13:05:00,0.0,,United Kingdom,Not rcvd in 10/11/2010 delivery,True,False,False,True,True,-0.0,2011,5,2011-05,2011Q2,13,5,13:05:00,Afternoon,,,,,,,,,,,,,,,
552653,22926,IVORY GIANT GARDEN THERMOMETER,-48,2011-05-10 14:12:00,0.0,,United Kingdom,,True,False,False,True,True,-0.0,2011,5,2011-05,2011Q2,14,12,14:12:00,Afternoon,,,,,,,,,,,,,,,
552733,23059,Thrown away-rusty,-2376,2011-05-11 10:48:00,0.0,,United Kingdom,Thrown away-rusty,True,False,False,True,True,-0.0,2011,5,2011-05,2011Q2,10,48,10:48:00,Morning,,,,,,,,,,,,,,,
552763,21137,BLACK RECORD COVER FRAME,-25,2011-05-11 11:33:00,0.0,,United Kingdom,,True,False,False,True,True,-0.0,2011,5,2011-05,2011Q2,11,33,11:33:00,Morning,,,,,,,,,,,,,,,
552766,22084,PAPER CHAIN KIT EMPIRE,-56,2011-05-11 11:41:00,0.0,,United Kingdom,,True,False,False,True,True,-0.0,2011,5,2011-05,2011Q2,11,41,11:41:00,Morning,,,,,,,,,,,,,,,
552767,79164,BLACK WINE GLASS,-47,2011-05-11 11:42:00,0.0,,United Kingdom,,True,False,False,True,True,-0.0,2011,5,2011-05,2011Q2,11,42,11:42:00,Morning,,,,,,,,,,,,,,,
552768,22087,PAPER BUNTING WHITE LACE,-26,2011-05-11 11:43:00,0.0,,United Kingdom,,True,False,False,True,True,-0.0,2011,5,2011-05,2011Q2,11,43,11:43:00,Morning,,,,,,,,,,,,,,,
552979,35970,ZINC FOLKART SLEIGH BELLS,-217,2011-05-12 14:49:00,0.0,,United Kingdom,,True,False,False,True,True,-0.0,2011,5,2011-05,2011Q2,14,49,14:49:00,Afternoon,,,,,,,,,,,,,,,
553041,22521,CHILDS GARDEN TROWEL PINK,-9,2011-05-13 09:01:00,0.0,,United Kingdom,,True,False,False,True,True,-0.0,2011,5,2011-05,2011Q2,9,1,09:01:00,Morning,,,,,,,,,,,,,,,
553147,84879,ASSORTED COLOUR BIRD ORNAMENT,-160,2011-05-13 13:58:00,0.0,,United Kingdom,damaged,True,False,False,True,True,-0.0,2011,5,2011-05,2011Q2,13,58,13:58:00,Afternoon,,,,,,,,,,,,,,,
553391,37370,RETRO COFFEE MUGS ASSORTED,-786,2011-05-16 16:42:00,0.0,,United Kingdom,sold as set/6 by dotcom,True,False,False,True,True,-0.0,2011,5,2011-05,2011Q2,16,42,16:42:00,Afternoon,,,,,,,,,,,,,,,
553394,15058A,BLUE POLKADOT GARDEN PARASOL,-30,2011-05-16 16:47:00,0.0,,United Kingdom,wet/rusty,True,False,False,True,True,-0.0,2011,5,2011-05,2011Q2,16,47,16:47:00,Afternoon,,,,,,,,,,,,,,,
553395,15058C,ICE CREAM DESIGN GARDEN PARASOL,-30,2011-05-16 16:47:00,0.0,,United Kingdom,wet/rusty,True,False,False,True,True,-0.0,2011,5,2011-05,2011Q2,16,47,16:47:00,Afternoon,,,,,,,,,,,,,,,
553396,22423,REGENCY CAKESTAND 3 TIER,-21,2011-05-16 16:48:00,0.0,,United Kingdom,damages,True,False,False,True,True,-0.0,2011,5,2011-05,2011Q2,16,48,16:48:00,Afternoon,,,,,,,,,,,,,,,
553398,37370,RETRO COFFEE MUGS ASSORTED,-590,2011-05-16 17:07:00,0.0,,United Kingdom,damages/dotcom?,True,False,False,True,True,-0.0,2011,5,2011-05,2011Q2,17,7,17:07:00,Afternoon,,,,,,,,,,,,,,,
553399,84789,ENCHANTED BIRD PLANT CAGE,-2,2011-05-16 17:08:00,0.0,,United Kingdom,,True,False,False,True,True,-0.0,2011,5,2011-05,2011Q2,17,8,17:08:00,Afternoon,,,,,,,,,,,,,,,
553400,20803,SMALL PINK GLASS SUNDAE DISH,-40,2011-05-16 17:09:00,0.0,,United Kingdom,damages,True,False,False,True,True,-0.0,2011,5,2011-05,2011Q2,17,9,17:09:00,Afternoon,,,,,,,,,,,,,,,
553401,22060,LARGE CAKE STAND HANGING HEARTS,-16,2011-05-16 17:10:00,0.0,,United Kingdom,,True,False,False,True,True,-0.0,2011,5,2011-05,2011Q2,17,10,17:10:00,Afternoon,,,,,,,,,,,,,,,
553413,21259,VICTORIAN SEWING BOX SMALL ,-51,2011-05-17 09:45:00,0.0,,United Kingdom,,True,False,False,True,True,-0.0,2011,5,2011-05,2011Q2,9,45,09:45:00,Morning,,,,,,,,,,,,,,,
553548,75131,METAL TUBE CHIME ON BAMBOO,-48,2011-05-17 15:57:00,0.0,,United Kingdom,,True,False,False,True,True,-0.0,2011,5,2011-05,2011Q2,15,57,15:57:00,Afternoon,,,,,,,,,,,,,,,
553651,46126A,ELVIS WALLHANGING / CURTAIN,-23,2011-05-18 11:06:00,0.0,,United Kingdom,,True,False,False,True,True,-0.0,2011,5,2011-05,2011Q2,11,6,11:06:00,Morning,,,,,,,,,,,,,,,
553652,20826,SILVER APERITIF GLASS,-168,2011-05-18 11:06:00,0.0,,United Kingdom,,True,False,False,True,True,-0.0,2011,5,2011-05,2011Q2,11,6,11:06:00,Morning,,,,,,,,,,,,,,,
553659,20967,GREY FLORAL FELTCRAFT SHOULDER BAG,-77,2011-05-18 11:47:00,0.0,,United Kingdom,,True,False,False,True,True,-0.0,2011,5,2011-05,2011Q2,11,47,11:47:00,Morning,,,,,,,,,,,,,,,
553743,21318,GLASS CHALICE BLUE SMALL ,-62,2011-05-19 09:44:00,0.0,,United Kingdom,,True,False,False,True,True,-0.0,2011,5,2011-05,2011Q2,9,44,09:44:00,Morning,,,,,,,,,,,,,,,
553744,85141,JARDIN ETCHED GLASS FRUITBOWL,-7,2011-05-19 09:44:00,0.0,,United Kingdom,,True,False,False,True,True,-0.0,2011,5,2011-05,2011Q2,9,44,09:44:00,Morning,,,,,,,,,,,,,,,
554017,22520,CHILDS GARDEN TROWEL BLUE ,-101,2011-05-20 13:15:00,0.0,,United Kingdom,,True,False,False,True,True,-0.0,2011,5,2011-05,2011Q2,13,15,13:15:00,Afternoon,,,,,,,,,,,,,,,
554020,22518,CHILDS GARDEN BRUSH BLUE,-30,2011-05-20 13:17:00,0.0,,United Kingdom,,True,False,False,True,True,-0.0,2011,5,2011-05,2011Q2,13,17,13:17:00,Afternoon,,,,,,,,,,,,,,,
554021,20886,BOX OF 9 PEBBLE CANDLES,-65,2011-05-20 13:18:00,0.0,,United Kingdom,,True,False,False,True,True,-0.0,2011,5,2011-05,2011Q2,13,18,13:18:00,Afternoon,,,,,,,,,,,,,,,
554023,82613B,"METAL SIGN,CUPCAKE SINGLE HOOK",-71,2011-05-20 13:20:00,0.0,,United Kingdom,,True,False,False,True,True,-0.0,2011,5,2011-05,2011Q2,13,20,13:20:00,Afternoon,,,,,,,,,,,,,,,
554024,20998,ROSE DU SUD OVEN GLOVE,-11,2011-05-20 13:21:00,0.0,,United Kingdom,,True,False,False,True,True,-0.0,2011,5,2011-05,2011Q2,13,21,13:21:00,Afternoon,,,,,,,,,,,,,,,
554128,84563A,PINK & WHITE BREAKFAST TRAY,-4,2011-05-23 09:26:00,0.0,,United Kingdom,damaged,True,False,False,True,True,-0.0,2011,5,2011-05,2011Q2,9,26,09:26:00,Morning,,,,,,,,,,,,,,,
554133,84596J,MIXED NUTS LIGHT GREEN BOWL,-3,2011-05-23 09:46:00,0.0,,United Kingdom,,True,False,False,True,True,-0.0,2011,5,2011-05,2011Q2,9,46,09:46:00,Morning,,,,,,,,,,,,,,,
554143,79030G,TUMBLER NEW ENGLAND,-413,2011-05-23 10:40:00,0.0,,United Kingdom,damages,True,False,False,True,True,-0.0,2011,5,2011-05,2011Q2,10,40,10:40:00,Morning,,,,,,,,,,,,,,,
554144,79030D,TUMBLER BAROQUE,-664,2011-05-23 10:42:00,0.0,,United Kingdom,damages,True,False,False,True,True,-0.0,2011,5,2011-05,2011Q2,10,42,10:42:00,Morning,,,,,,,,,,,,,,,
554145,84313C,ORANGE TV TRAY TABLE ,-12,2011-05-23 10:43:00,0.0,,United Kingdom,,True,False,False,True,True,-0.0,2011,5,2011-05,2011Q2,10,43,10:43:00,Morning,,,,,,,,,,,,,,,
554276,22966,GINGERBREAD MAN COOKIE CUTTER,-58,2011-05-23 13:19:00,0.0,,United Kingdom,,True,False,False,True,True,-0.0,2011,5,2011-05,2011Q2,13,19,13:19:00,Afternoon,,,,,,,,,,,,,,,
554287,22700,BLACK AND WHITE DOG BOWL,-48,2011-05-23 14:17:00,0.0,,United Kingdom,smashed,True,False,False,True,True,-0.0,2011,5,2011-05,2011Q2,14,17,14:17:00,Afternoon,,,,,,,,,,,,,,,
554299,20975,12 PENCILS SMALL TUBE RED RETROSPOT,-39,2011-05-23 14:28:00,0.0,,United Kingdom,,True,False,False,True,True,-0.0,2011,5,2011-05,2011Q2,14,28,14:28:00,Afternoon,,,,,,,,,,,,,,,
554311,84743C,,-16,2011-05-23 15:28:00,0.0,,United Kingdom,,True,True,False,True,True,-0.0,2011,5,2011-05,2011Q2,15,28,15:28:00,Afternoon,,,,,,,,,,,,,,,
554312,84741C,CITRUS GARLAND FELT FLOWERS ,-2,2011-05-23 15:28:00,0.0,,United Kingdom,,True,False,False,True,True,-0.0,2011,5,2011-05,2011Q2,15,28,15:28:00,Afternoon,,,,,,,,,,,,,,,
554313,21144,PINK POODLE HANGING DECORATION ,-63,2011-05-23 15:28:00,0.0,,United Kingdom,,True,False,False,True,True,-0.0,2011,5,2011-05,2011Q2,15,28,15:28:00,Afternoon,,,,,,,,,,,,,,,
554314,85195,HANGING HEART BASKET,-13,2011-05-23 15:29:00,0.0,,United Kingdom,,True,False,False,True,True,-0.0,2011,5,2011-05,2011Q2,15,29,15:29:00,Afternoon,,,,,,,,,,,,,,,
554316,21195,PINK  HONEYCOMB PAPER BALL ,-1,2011-05-23 15:29:00,0.0,,United Kingdom,,True,False,False,True,True,-0.0,2011,5,2011-05,2011Q2,15,29,15:29:00,Afternoon,,,,,,,,,,,,,,,
554317,85198,ASSORTED FARMYARD ANIMALS IN BUCKET,-11,2011-05-23 15:29:00,0.0,,United Kingdom,,True,False,False,True,True,-0.0,2011,5,2011-05,2011Q2,15,29,15:29:00,Afternoon,,,,,,,,,,,,,,,
554318,84535A,ENGLISH ROSE NOTEBOOK A6 SIZE,-65,2011-05-23 15:30:00,0.0,,United Kingdom,,True,False,False,True,True,-0.0,2011,5,2011-05,2011Q2,15,30,15:30:00,Afternoon,,,,,,,,,,,,,,,
554319,47574B,ENGLISH ROSE SCENTED HANGING HEART,-13,2011-05-23 15:31:00,0.0,,United Kingdom,,True,False,False,True,True,-0.0,2011,5,2011-05,2011Q2,15,31,15:31:00,Afternoon,,,,,,,,,,,,,,,
554320,16053,,-102,2011-05-23 15:32:00,0.0,,United Kingdom,,True,True,False,True,True,-0.0,2011,5,2011-05,2011Q2,15,32,15:32:00,Afternoon,,,,,,,,,,,,,,,
554321,16244B,MAXWELL 2 TONE BLUE 60 PAGE PHOTO A,-5,2011-05-23 15:32:00,0.0,,United Kingdom,,True,False,False,True,True,-0.0,2011,5,2011-05,2011Q2,15,32,15:32:00,Afternoon,,,,,,,,,,,,,,,
554328,21609,SET 12 LAVENDER  BOTANICAL T-LIGHTS,-46,2011-05-23 16:49:00,0.0,,United Kingdom,,True,False,False,True,True,-0.0,2011,5,2011-05,2011Q2,16,49,16:49:00,Afternoon,,,,,,,,,,,,,,,
554360,22524,CHILDRENS GARDEN GLOVES BLUE,-13,2011-05-24 09:59:00,0.0,,United Kingdom,,True,False,False,True,True,-0.0,2011,5,2011-05,2011Q2,9,59,09:59:00,Morning,,,,,,,,,,,,,,,
554432,85132A,CHARLIE + LOLA BISCUITS TINS,-97,2011-05-24 12:16:00,0.0,,United Kingdom,damaged,True,False,False,True,True,-0.0,2011,5,2011-05,2011Q2,12,16,12:16:00,Morning,,,,,,,,,,,,,,,
554488,84913A,SOFT PINK ROSE TOWEL ,-75,2011-05-24 13:35:00,0.0,,United Kingdom,,True,False,False,True,True,-0.0,2011,5,2011-05,2011Q2,13,35,13:35:00,Afternoon,,,,,,,,,,,,,,,
554551,47566B,TEA TIME PARTY BUNTING,-1300,2011-05-25 09:58:00,0.0,,United Kingdom,reverse previous adjustment,True,False,False,True,True,-0.0,2011,5,2011-05,2011Q2,9,58,09:58:00,Morning,,,,,,,,,,,,,,,
554553,47566B,TEA TIME PARTY BUNTING,-1300,2011-05-25 09:59:00,0.0,,United Kingdom,incorrectly credited C550456 see 47,True,False,False,True,True,-0.0,2011,5,2011-05,2011Q2,9,59,09:59:00,Morning,,,,,,,,,,,,,,,
554559,16151A,FLOWERS HANDBAG blue and orange,-2,2011-05-25 10:28:00,0.0,,United Kingdom,,True,False,False,True,True,-0.0,2011,5,2011-05,2011Q2,10,28,10:28:00,Morning,,,,,,,,,,,,,,,
554675,20903,VINTAGE KEEPSAKE BOX TRAVELOGUE,-33,2011-05-25 16:01:00,0.0,,United Kingdom,,True,False,False,True,True,-0.0,2011,5,2011-05,2011Q2,16,1,16:01:00,Afternoon,,,,,,,,,,,,,,,
554676,71143,SILVER BOOK MARK WITH BEADS,-31,2011-05-25 16:03:00,0.0,,United Kingdom,,True,False,False,True,True,-0.0,2011,5,2011-05,2011Q2,16,3,16:03:00,Afternoon,,,,,,,,,,,,,,,
554678,85086A,CANDY SPOT HEART DECORATION,-30,2011-05-25 16:03:00,0.0,,United Kingdom,,True,False,False,True,True,-0.0,2011,5,2011-05,2011Q2,16,3,16:03:00,Afternoon,,,,,,,,,,,,,,,
554679,35916A,YELLOW FELT HANGING HEART W FLOWER,-21,2011-05-25 16:04:00,0.0,,United Kingdom,,True,False,False,True,True,-0.0,2011,5,2011-05,2011Q2,16,4,16:04:00,Afternoon,,,,,,,,,,,,,,,
554680,35916B,BLUE FELT HANGING HEART WITH FLOWER,-21,2011-05-25 16:04:00,0.0,,United Kingdom,,True,False,False,True,True,-0.0,2011,5,2011-05,2011Q2,16,4,16:04:00,Afternoon,,,,,,,,,,,,,,,
554681,35916C,PINK FELT HANGING HEART W FLOWER,-32,2011-05-25 16:04:00,0.0,,United Kingdom,,True,False,False,True,True,-0.0,2011,5,2011-05,2011Q2,16,4,16:04:00,Afternoon,,,,,,,,,,,,,,,
554852,21272,SALLE DE BAIN HOOK,-212,2011-05-27 09:24:00,0.0,,United Kingdom,?,True,False,False,True,True,-0.0,2011,5,2011-05,2011Q2,9,24,09:24:00,Morning,,,,,,,,,,,,,,,
554907,40003,WHITE BAMBOO RIBS LAMPSHADE,-11,2011-05-27 11:45:00,0.0,,United Kingdom,,True,False,False,True,True,-0.0,2011,5,2011-05,2011Q2,11,45,11:45:00,Morning,,,,,,,,,,,,,,,
554928,21763,VINTAGE WOODEN BAR STOOL,-3,2011-05-27 13:03:00,0.0,,United Kingdom,,True,False,False,True,True,-0.0,2011,5,2011-05,2011Q2,13,3,13:03:00,Afternoon,,,,,,,,,,,,,,,
555330,84804A,CREAM DELPHINIUM ARTIFICIAL FLOWER,-125,2011-06-02 11:11:00,0.0,,United Kingdom,wet damaged,True,False,False,True,True,-0.0,2011,6,2011-06,2011Q2,11,11,11:11:00,Morning,,,,,,,,,,,,,,,
555331,84800L,LARGE WHITE/PINK ROSE ART FLOWER,-144,2011-06-02 11:11:00,0.0,,United Kingdom,wet damaged,True,False,False,True,True,-0.0,2011,6,2011-06,2011Q2,11,11,11:11:00,Morning,,,,,,,,,,,,,,,
555332,84801A,PINK HYDRANGEA ART FLOWER,-48,2011-06-02 11:11:00,0.0,,United Kingdom,wet damaged,True,False,False,True,True,-0.0,2011,6,2011-06,2011Q2,11,11,11:11:00,Morning,,,,,,,,,,,,,,,
555333,84805B,BLUE CLIMBING HYDRANGA ART FLOWER,-96,2011-06-02 11:12:00,0.0,,United Kingdom,wet damaged,True,False,False,True,True,-0.0,2011,6,2011-06,2011Q2,11,12,11:12:00,Morning,,,,,,,,,,,,,,,
555334,84805A,CREAM CLIMBING HYDRANGA ART FLOWER,-96,2011-06-02 11:12:00,0.0,,United Kingdom,wet damaged,True,False,False,True,True,-0.0,2011,6,2011-06,2011Q2,11,12,11:12:00,Morning,,,,,,,,,,,,,,,
555335,84804B,BLUE DELPHINIUM ARTIFICIAL FLOWER,-96,2011-06-02 11:13:00,0.0,,United Kingdom,,True,False,False,True,True,-0.0,2011,6,2011-06,2011Q2,11,13,11:13:00,Morning,,,,,,,,,,,,,,,
555387,22276,WASH BAG VINTAGE ROSE PAISLEY,-59,2011-06-02 15:30:00,0.0,,United Kingdom,,True,False,False,True,True,-0.0,2011,6,2011-06,2011Q2,15,30,15:30:00,Afternoon,,,,,,,,,,,,,,,
555391,22501,PICNIC BASKET WICKER LARGE,-10,2011-06-02 16:29:00,0.0,,United Kingdom,,True,False,False,True,True,-0.0,2011,6,2011-06,2011Q2,16,29,16:29:00,Afternoon,,,,,,,,,,,,,,,
555503,84313C,ORANGE TV TRAY TABLE ,-1,2011-06-03 15:39:00,0.0,,United Kingdom,damaged,True,False,False,True,True,-0.0,2011,6,2011-06,2011Q2,15,39,15:39:00,Afternoon,,,,,,,,,,,,,,,
555505,79030G,TUMBLER NEW ENGLAND,-16,2011-06-03 15:48:00,0.0,,United Kingdom,Water damaged,True,False,False,True,True,-0.0,2011,6,2011-06,2011Q2,15,48,15:48:00,Afternoon,,,,,,,,,,,,,,,
555506,21397,BLUE POLKADOT EGG CUP ,-57,2011-06-03 16:03:00,0.0,,United Kingdom,damaged,True,False,False,True,True,-0.0,2011,6,2011-06,2011Q2,16,3,16:03:00,Afternoon,,,,,,,,,,,,,,,
555821,21399,BLUE POLKADOT COFFEE MUG,-116,2011-06-07 12:01:00,0.0,,United Kingdom,,True,False,False,True,True,-0.0,2011,6,2011-06,2011Q2,12,1,12:01:00,Morning,,,,,,,,,,,,,,,
555822,35809A,ENAMEL PINK TEA CONTAINER,-13,2011-06-07 12:04:00,0.0,,United Kingdom,,True,False,False,True,True,-0.0,2011,6,2011-06,2011Q2,12,4,12:04:00,Morning,,,,,,,,,,,,,,,
555823,47021G,SET/6 BEAD COASTERS GAUZE BAG GOLD,-52,2011-06-07 12:06:00,0.0,,United Kingdom,,True,False,False,True,True,-0.0,2011,6,2011-06,2011Q2,12,6,12:06:00,Morning,,,,,,,,,,,,,,,
555824,21043,APRON MODERN VINTAGE COTTON,-12,2011-06-07 12:06:00,0.0,,United Kingdom,,True,False,False,True,True,-0.0,2011,6,2011-06,2011Q2,12,6,12:06:00,Morning,,,,,,,,,,,,,,,
555838,22966,GINGERBREAD MAN COOKIE CUTTER,-6,2011-06-07 12:37:00,0.0,,United Kingdom,,True,False,False,True,True,-0.0,2011,6,2011-06,2011Q2,12,37,12:37:00,Morning,,,,,,,,,,,,,,,
556012,15044B,BLUE PAPER PARASOL ,-27,2011-06-08 11:45:00,0.0,,United Kingdom,,True,False,False,True,True,-0.0,2011,6,2011-06,2011Q2,11,45,11:45:00,Morning,,,,,,,,,,,,,,,
556013,21662,VINTAGE GLASS COFFEE CADDY,-17,2011-06-08 11:46:00,0.0,,United Kingdom,,True,False,False,True,True,-0.0,2011,6,2011-06,2011Q2,11,46,11:46:00,Morning,,,,,,,,,,,,,,,
556014,37476,CONDIMENT TRAY 4 BOWLS AND 4 SPOONS,-3,2011-06-08 11:46:00,0.0,,United Kingdom,,True,False,False,True,True,-0.0,2011,6,2011-06,2011Q2,11,46,11:46:00,Morning,,,,,,,,,,,,,,,
556015,37501,TEA TIME TEA SET IN GIFT BOX,-13,2011-06-08 11:50:00,0.0,,United Kingdom,,True,False,False,True,True,-0.0,2011,6,2011-06,2011Q2,11,50,11:50:00,Morning,,,,,,,,,,,,,,,
556046,21890,S/6 WOODEN SKITTLES IN COTTON BAG,-140,2011-06-08 12:56:00,0.0,,United Kingdom,missing,True,False,False,True,True,-0.0,2011,6,2011-06,2011Q2,12,56,12:56:00,Morning,,,,,,,,,,,,,,,
556061,20906,VINTAGE NOTEBOOK BEAUTY GIRL,-21,2011-06-08 14:04:00,0.0,,United Kingdom,,True,False,False,True,True,-0.0,2011,6,2011-06,2011Q2,14,4,14:04:00,Afternoon,,,,,,,,,,,,,,,
556069,84226,HEN HOUSE W FAMILY IN BARN & NEST,-34,2011-06-08 14:41:00,0.0,,United Kingdom,,True,False,False,True,True,-0.0,2011,6,2011-06,2011Q2,14,41,14:41:00,Afternoon,,,,,,,,,,,,,,,
556074,22519,CHILDS GARDEN BRUSH PINK,-19,2011-06-08 15:14:00,0.0,,United Kingdom,,True,False,False,True,True,-0.0,2011,6,2011-06,2011Q2,15,14,15:14:00,Afternoon,,,,,,,,,,,,,,,
556122,85019C,CURIOUS  IMAGES NOTEBOOK SET,-108,2011-06-09 10:12:00,0.0,,United Kingdom,Damaged,True,False,False,True,True,-0.0,2011,6,2011-06,2011Q2,10,12,10:12:00,Morning,,,,,,,,,,,,,,,
556123,22272,FELTCRAFT DOLL MARIA,-15,2011-06-09 10:13:00,0.0,,United Kingdom,Damaged,True,False,False,True,True,-0.0,2011,6,2011-06,2011Q2,10,13,10:13:00,Morning,,,,,,,,,,,,,,,
556124,17007B,S/3 POT POURI CUSHIONS BLUE COLOURS,-4,2011-06-09 10:14:00,0.0,,United Kingdom,,True,False,False,True,True,-0.0,2011,6,2011-06,2011Q2,10,14,10:14:00,Morning,,,,,,,,,,,,,,,
556232,21135,VICTORIAN  METAL POSTCARD SPRING,-304,2011-06-09 15:15:00,0.0,,United Kingdom,sold as set on dotcom,True,False,False,True,True,-0.0,2011,6,2011-06,2011Q2,15,15,15:15:00,Afternoon,,,,,,,,,,,,,,,
556233,21136,PAINTED METAL PEARS ASSORTED,-272,2011-06-09 15:20:00,0.0,,United Kingdom,sold as set on dotcom,True,False,False,True,True,-0.0,2011,6,2011-06,2011Q2,15,20,15:20:00,Afternoon,,,,,,,,,,,,,,,
556242,21700,BIG DOUGHNUT FRIDGE MAGNETS,-1206,2011-06-09 16:06:00,0.0,,United Kingdom,sold as set on dotcom and amazon,True,False,False,True,True,-0.0,2011,6,2011-06,2011Q2,16,6,16:06:00,Afternoon,,,,,,,,,,,,,,,
556260,37340,MULTICOLOUR SPRING FLOWER MUG,-18,2011-06-09 18:02:00,0.0,,United Kingdom,sold as set on dotcom,True,False,False,True,True,-0.0,2011,6,2011-06,2011Q2,18,2,18:02:00,Afternoon,,,,,,,,,,,,,,,
556261,79051A,SMOKEY GREY COLOUR D.O.F. GLASS,-6,2011-06-09 18:03:00,0.0,,United Kingdom,sold as set on dotcom,True,False,False,True,True,-0.0,2011,6,2011-06,2011Q2,18,3,18:03:00,Afternoon,,,,,,,,,,,,,,,
556262,37327,ASSTD MULTICOLOUR CIRCLES MUG,-95,2011-06-09 18:04:00,0.0,,United Kingdom,sold as set on dotcom,True,False,False,True,True,-0.0,2011,6,2011-06,2011Q2,18,4,18:04:00,Afternoon,,,,,,,,,,,,,,,
556286,16052,TEATIME PUSH DOWN RUBBER,-16,2011-06-10 09:22:00,0.0,,United Kingdom,,True,False,False,True,True,-0.0,2011,6,2011-06,2011Q2,9,22,09:22:00,Morning,,,,,,,,,,,,,,,
556287,16043,POP ART PUSH DOWN RUBBER ,-45,2011-06-10 09:22:00,0.0,,United Kingdom,,True,False,False,True,True,-0.0,2011,6,2011-06,2011Q2,9,22,09:22:00,Morning,,,,,,,,,,,,,,,
556289,20823,GOLD WINE GOBLET,-102,2011-06-10 09:23:00,0.0,,United Kingdom,,True,False,False,True,True,-0.0,2011,6,2011-06,2011Q2,9,23,09:23:00,Morning,,,,,,,,,,,,,,,
556292,21472,LADYBIRD + BEE RAFFIA FOOD COVER,-1,2011-06-10 09:24:00,0.0,,United Kingdom,,True,False,False,True,True,-0.0,2011,6,2011-06,2011Q2,9,24,09:24:00,Morning,,,,,,,,,,,,,,,
556299,21937,STRAWBERRY   PICNIC BAG,-161,2011-06-10 10:17:00,0.0,,United Kingdom,?,True,False,False,True,True,-0.0,2011,6,2011-06,2011Q2,10,17,10:17:00,Morning,,,,,,,,,,,,,,,
556300,20735,BLACK MINI TAPE MEASURE ,-472,2011-06-10 10:18:00,0.0,,United Kingdom,,True,False,False,True,True,-0.0,2011,6,2011-06,2011Q2,10,18,10:18:00,Morning,,,,,,,,,,,,,,,
556301,22968,ROSE COTTAGE KEEPSAKE BOX ,-50,2011-06-10 10:18:00,0.0,,United Kingdom,water damage,True,False,False,True,True,-0.0,2011,6,2011-06,2011Q2,10,18,10:18:00,Morning,,,,,,,,,,,,,,,
556306,37479B,CUBIC MUG FLOCK BLUE ON BROWN,-30,2011-06-10 10:38:00,0.0,,United Kingdom,sold as set by dotcom,True,False,False,True,True,-0.0,2011,6,2011-06,2011Q2,10,38,10:38:00,Morning,,,,,,,,,,,,,,,
556307,37479P,CUBIC MUG FLOCK PINK ON BROWN,-30,2011-06-10 10:39:00,0.0,,United Kingdom,sold as set on dotcom,True,False,False,True,True,-0.0,2011,6,2011-06,2011Q2,10,39,10:39:00,Morning,,,,,,,,,,,,,,,
556308,22130,PARTY CONE CHRISTMAS DECORATION ,-390,2011-06-10 10:43:00,0.0,,United Kingdom,sold as set on dotcom,True,False,False,True,True,-0.0,2011,6,2011-06,2011Q2,10,43,10:43:00,Morning,,,,,,,,,,,,,,,
556309,22856,ASSORTED EASTER DECORATIONS  BELLS,-30,2011-06-10 10:44:00,0.0,,United Kingdom,sold as set on dotcom,True,False,False,True,True,-0.0,2011,6,2011-06,2011Q2,10,44,10:44:00,Morning,,,,,,,,,,,,,,,
556310,22944,CHRISTMAS METAL POSTCARD WITH BELLS,-42,2011-06-10 10:44:00,0.0,,United Kingdom,sold as set on dotcom,True,False,False,True,True,-0.0,2011,6,2011-06,2011Q2,10,44,10:44:00,Morning,,,,,,,,,,,,,,,
556311,37471,MULTICOLOUR POLKADOT PLATE,-12,2011-06-10 10:45:00,0.0,,United Kingdom,sold as set on dotcom,True,False,False,True,True,-0.0,2011,6,2011-06,2011Q2,10,45,10:45:00,Morning,,,,,,,,,,,,,,,
556312,22924,FRIDGE MAGNETS LA VIE EN ROSE,-30,2011-06-10 10:46:00,0.0,,United Kingdom,sold as set on dotcom,True,False,False,True,True,-0.0,2011,6,2011-06,2011Q2,10,46,10:46:00,Morning,,,,,,,,,,,,,,,
556313,22923,FRIDGE MAGNETS LES ENFANTS ASSORTED,-12,2011-06-10 10:46:00,0.0,,United Kingdom,sold as set on dotcom,True,False,False,True,True,-0.0,2011,6,2011-06,2011Q2,10,46,10:46:00,Morning,,,,,,,,,,,,,,,
556314,23155,KNICKERBOCKERGLORY MAGNET ASSORTED ,-84,2011-06-10 10:47:00,0.0,,United Kingdom,sold as set on dotcom,True,False,False,True,True,-0.0,2011,6,2011-06,2011Q2,10,47,10:47:00,Morning,,,,,,,,,,,,,,,
556315,22948,METAL DECORATION NAUGHTY CHILDREN ,-108,2011-06-10 10:47:00,0.0,,United Kingdom,sold as set on dotcom,True,False,False,True,True,-0.0,2011,6,2011-06,2011Q2,10,47,10:47:00,Morning,,,,,,,,,,,,,,,
556316,22128,PARTY CONES CANDY ASSORTED,-24,2011-06-10 10:48:00,0.0,,United Kingdom,sold as set on dotcom,True,False,False,True,True,-0.0,2011,6,2011-06,2011Q2,10,48,10:48:00,Morning,,,,,,,,,,,,,,,
556317,22857,ASSORTED EASTER GIFT TAGS,-48,2011-06-10 10:48:00,0.0,,United Kingdom,sold as set on dotcom,True,False,False,True,True,-0.0,2011,6,2011-06,2011Q2,10,48,10:48:00,Morning,,,,,,,,,,,,,,,
556319,22945,CHRISTMAS METAL TAGS ASSORTED ,-618,2011-06-10 10:49:00,0.0,,United Kingdom,sold as set on dotcom,True,False,False,True,True,-0.0,2011,6,2011-06,2011Q2,10,49,10:49:00,Morning,,,,,,,,,,,,,,,
556320,22922,FRIDGE MAGNETS US DINER ASSORTED,-42,2011-06-10 10:50:00,0.0,,United Kingdom,sold as set on dotcom,True,False,False,True,True,-0.0,2011,6,2011-06,2011Q2,10,50,10:50:00,Morning,,,,,,,,,,,,,,,
556321,79163,BLACK CHAMPAGNE GLASS,-24,2011-06-10 10:50:00,0.0,,United Kingdom,sold as set on dotcom,True,False,False,True,True,-0.0,2011,6,2011-06,2011Q2,10,50,10:50:00,Morning,,,,,,,,,,,,,,,
556322,22915,ASSORTED BOTTLE TOP  MAGNETS ,-204,2011-06-10 10:51:00,0.0,,United Kingdom,sold as set on dotcom,True,False,False,True,True,-0.0,2011,6,2011-06,2011Q2,10,51,10:51:00,Morning,,,,,,,,,,,,,,,
556687,23003,TRAVEL CARD WALLET VINTAGE ROSE ,-9058,2011-06-14 10:36:00,0.0,,United Kingdom,Printing smudges/thrown away,True,False,False,True,True,-0.0,2011,6,2011-06,2011Q2,10,36,10:36:00,Morning,,,,,,,,,,,,,,,
556690,23005,TRAVEL CARD WALLET I LOVE LONDON,-9600,2011-06-14 10:37:00,0.0,,United Kingdom,printing smudges/thrown away,True,False,False,True,True,-0.0,2011,6,2011-06,2011Q2,10,37,10:37:00,Morning,,,,,,,,,,,,,,,
556691,23005,TRAVEL CARD WALLET I LOVE LONDON,-9600,2011-06-14 10:37:00,0.0,,United Kingdom,printing smudges/thrown away,True,False,False,True,True,-0.0,2011,6,2011-06,2011Q2,10,37,10:37:00,Morning,,,,,,,,,,,,,,,
556884,22698,PINK REGENCY TEACUP AND SAUCER,-61,2011-06-15 12:27:00,0.0,,United Kingdom,,True,False,False,True,True,-0.0,2011,6,2011-06,2011Q2,12,27,12:27:00,Morning,,,,,,,,,,,,,,,
556943,84809A,WHITE CHRYSANTHEMUMS ART FLOWER,-126,2011-06-15 16:54:00,0.0,,United Kingdom,,True,False,False,True,True,-0.0,2011,6,2011-06,2011Q2,16,54,16:54:00,Afternoon,,,,,,,,,,,,,,,
556944,84800L,LARGE WHITE/PINK ROSE ART FLOWER,-29,2011-06-15 16:54:00,0.0,,United Kingdom,,True,False,False,True,True,-0.0,2011,6,2011-06,2011Q2,16,54,16:54:00,Afternoon,,,,,,,,,,,,,,,
556963,35965,FOLKART HEART NAPKIN RINGS,-9,2011-06-16 09:40:00,0.0,,United Kingdom,found some more on shelf,True,False,False,True,True,-0.0,2011,6,2011-06,2011Q2,9,40,09:40:00,Morning,,,,,,,,,,,,,,,
557025,22192,BLUE DINER WALL CLOCK,-9,2011-06-16 13:09:00,0.0,,United Kingdom,,True,False,False,True,True,-0.0,2011,6,2011-06,2011Q2,13,9,13:09:00,Afternoon,,,,,,,,,,,,,,,
557028,79071B,ENGLISH ROSE METAL WASTE BIN,-4,2011-06-16 13:25:00,0.0,,United Kingdom,,True,False,False,True,True,-0.0,2011,6,2011-06,2011Q2,13,25,13:25:00,Afternoon,,,,,,,,,,,,,,,
557029,22480,RED TEA TOWEL CLASSIC DESIGN,-24,2011-06-16 13:29:00,0.0,,United Kingdom,,True,False,False,True,True,-0.0,2011,6,2011-06,2011Q2,13,29,13:29:00,Afternoon,,,,,,,,,,,,,,,
557030,21446,12 RED ROSE PEG PLACE SETTINGS,-50,2011-06-16 13:30:00,0.0,,United Kingdom,,True,False,False,True,True,-0.0,2011,6,2011-06,2011Q2,13,30,13:30:00,Afternoon,,,,,,,,,,,,,,,
557031,21447,12 IVORY ROSE PEG PLACE SETTINGS,-65,2011-06-16 13:31:00,0.0,,United Kingdom,,True,False,False,True,True,-0.0,2011,6,2011-06,2011Q2,13,31,13:31:00,Afternoon,,,,,,,,,,,,,,,
557035,82583,HOT BATHS METAL SIGN,-220,2011-06-16 13:52:00,0.0,,United Kingdom,?,True,False,False,True,True,-0.0,2011,6,2011-06,2011Q2,13,52,13:52:00,Afternoon,,,,,,,,,,,,,,,
557036,20867,PINK ROSE FABRIC MIRROR,-271,2011-06-16 13:53:00,0.0,,United Kingdom,?,True,False,False,True,True,-0.0,2011,6,2011-06,2011Q2,13,53,13:53:00,Afternoon,,,,,,,,,,,,,,,
557108,23113,PANTRY CHOPPING BOARD,-1440,2011-06-16 15:58:00,0.0,,United Kingdom,Damaged,True,False,False,True,True,-0.0,2011,6,2011-06,2011Q2,15,58,15:58:00,Afternoon,,,,,,,,,,,,,,,
557390,21360,JOY LARGE WOOD LETTERS,-4,2011-06-20 11:12:00,0.0,,United Kingdom,Show Samples,True,False,False,True,True,-0.0,2011,6,2011-06,2011Q2,11,12,11:12:00,Morning,,,,,,,,,,,,,,,
557417,84809B,PINK CHRYSANTHEMUMS ART FLOWER,-324,2011-06-20 11:51:00,0.0,,United Kingdom,damaged,True,False,False,True,True,-0.0,2011,6,2011-06,2011Q2,11,51,11:51:00,Morning,,,,,,,,,,,,,,,
557596,23114,VINTAGE LEAF CHOPPING BOARD  ,-1440,2011-06-21 11:33:00,0.0,,United Kingdom,Damaged,True,False,False,True,True,-0.0,2011,6,2011-06,2011Q2,11,33,11:33:00,Morning,,,,,,,,,,,,,,,
557597,23115,RED APPLES CHOPPING BOARD   ,-1440,2011-06-21 11:33:00,0.0,,United Kingdom,Damaged,True,False,False,True,True,-0.0,2011,6,2011-06,2011Q2,11,33,11:33:00,Morning,,,,,,,,,,,,,,,
557599,23116,VEGETABLE GARDEN CHOPPING BOARD,-1440,2011-06-21 11:34:00,0.0,,United Kingdom,Damaged,True,False,False,True,True,-0.0,2011,6,2011-06,2011Q2,11,34,11:34:00,Morning,,,,,,,,,,,,,,,
557600,23117,POPPY FIELDS CHOPPING BOARD,-1440,2011-06-21 11:35:00,0.0,,United Kingdom,Damaged,True,False,False,True,True,-0.0,2011,6,2011-06,2011Q2,11,35,11:35:00,Morning,,,,,,,,,,,,,,,
557756,22567,20 DOLLY PEGS RETROSPOT,-14,2011-06-22 13:18:00,0.0,,United Kingdom,,True,False,False,True,True,-0.0,2011,6,2011-06,2011Q2,13,18,13:18:00,Afternoon,,,,,,,,,,,,,,,
557777,44265,,-5,2011-06-22 15:11:00,0.0,,United Kingdom,,True,True,False,True,True,-0.0,2011,6,2011-06,2011Q2,15,11,15:11:00,Afternoon,,,,,,,,,,,,,,,
557778,21161,KEEP OUT BOYS DOOR HANGER ,-38,2011-06-22 15:11:00,0.0,,United Kingdom,,True,False,False,True,True,-0.0,2011,6,2011-06,2011Q2,15,11,15:11:00,Afternoon,,,,,,,,,,,,,,,
557784,21421,PORCELAIN ROSE LARGE ,-5,2011-06-22 15:49:00,0.0,,United Kingdom,damaged,True,False,False,True,True,-0.0,2011,6,2011-06,2011Q2,15,49,15:49:00,Afternoon,,,,,,,,,,,,,,,
557806,84706D,CHERRY BLOSSOM TABLE CLOCK ,-5,2011-06-23 10:32:00,0.0,,United Kingdom,,True,False,False,True,True,-0.0,2011,6,2011-06,2011Q2,10,32,10:32:00,Morning,,,,,,,,,,,,,,,
557851,85130A,BEADED PEARL HEART WHITE LARGE,-23,2011-06-23 10:57:00,0.0,,United Kingdom,,True,False,False,True,True,-0.0,2011,6,2011-06,2011Q2,10,57,10:57:00,Morning,,,,,,,,,,,,,,,
558032,22443,GROW YOUR OWN HERBS SET OF 3,-7,2011-06-24 12:14:00,0.0,,United Kingdom,,True,False,False,True,True,-0.0,2011,6,2011-06,2011Q2,12,14,12:14:00,Morning,,,,,,,,,,,,,,,
558033,84876B,GREEN HEART COMPACT MIRROR,-59,2011-06-24 12:15:00,0.0,,United Kingdom,,True,False,False,True,True,-0.0,2011,6,2011-06,2011Q2,12,15,12:15:00,Morning,,,,,,,,,,,,,,,
558034,20658,RED RETROSPOT LUGGAGE TAG,-78,2011-06-24 12:17:00,0.0,,United Kingdom,,True,False,False,True,True,-0.0,2011,6,2011-06,2011Q2,12,17,12:17:00,Morning,,,,,,,,,,,,,,,
558238,22722,SET OF 6 SPICE TINS PANTRY DESIGN,-21,2011-06-27 15:04:00,0.0,,United Kingdom,,True,False,False,True,True,-0.0,2011,6,2011-06,2011Q2,15,4,15:04:00,Afternoon,,,,,,,,,,,,,,,
558244,84796B,BLUE SAVANNAH PICNIC HAMPER FOR 2,-2,2011-06-27 15:52:00,0.0,,United Kingdom,,True,False,False,True,True,-0.0,2011,6,2011-06,2011Q2,15,52,15:52:00,Afternoon,,,,,,,,,,,,,,,
558268,21351,CINAMMON & ORANGE WREATH,-220,2011-06-28 10:17:00,0.0,,United Kingdom,damaged,True,False,False,True,True,-0.0,2011,6,2011-06,2011Q2,10,17,10:17:00,Morning,,,,,,,,,,,,,,,
558306,85232D,SET/3 DECOUPAGE STACKING TINS,-118,2011-06-28 10:59:00,0.0,,United Kingdom,mix up with c,True,False,False,True,True,-0.0,2011,6,2011-06,2011Q2,10,59,10:59:00,Morning,,,,,,,,,,,,,,,
558307,22088,PAPER BUNTING COLOURED LACE,-39,2011-06-28 11:02:00,0.0,,United Kingdom,,True,False,False,True,True,-0.0,2011,6,2011-06,2011Q2,11,2,11:02:00,Morning,,,,,,,,,,,,,,,
558308,84576,BLUE CAT BISCUIT BARREL PINK HEART,-10,2011-06-28 11:02:00,0.0,,United Kingdom,,True,False,False,True,True,-0.0,2011,6,2011-06,2011Q2,11,2,11:02:00,Morning,,,,,,,,,,,,,,,
558309,85132B,CHARLIE AND LOLA TABLE TINS,-42,2011-06-28 11:03:00,0.0,,United Kingdom,,True,False,False,True,True,-0.0,2011,6,2011-06,2011Q2,11,3,11:03:00,Morning,,,,,,,,,,,,,,,
558318,85232A,SET/3 POLKADOT STACKING TINS,-14,2011-06-28 11:52:00,0.0,,United Kingdom,,True,False,False,True,True,-0.0,2011,6,2011-06,2011Q2,11,52,11:52:00,Morning,,,,,,,,,,,,,,,
558377,37423,WHITE WITH BLACK CATS PLATE,-17,2011-06-28 16:24:00,0.0,,United Kingdom,,True,False,False,True,True,-0.0,2011,6,2011-06,2011Q2,16,24,16:24:00,Afternoon,,,,,,,,,,,,,,,
558378,79161A,,-13,2011-06-28 16:27:00,0.0,,United Kingdom,,True,True,False,True,True,-0.0,2011,6,2011-06,2011Q2,16,27,16:27:00,Afternoon,,,,,,,,,,,,,,,
558379,22618,COOKING SET RETROSPOT,-1681,2011-06-28 16:34:00,0.0,,United Kingdom,"mouldy, unsaleable.",True,False,False,True,True,-0.0,2011,6,2011-06,2011Q2,16,34,16:34:00,Afternoon,,,,,,,,,,,,,,,
558445,22034,ROBIN CHRISTMAS CARD,-18,2011-06-29 13:39:00,0.0,,United Kingdom,,True,False,False,True,True,-0.0,2011,6,2011-06,2011Q2,13,39,13:39:00,Afternoon,,,,,,,,,,,,,,,
558446,22164,STRING OF STARS CARD HOLDER,-80,2011-06-29 13:40:00,0.0,,United Kingdom,,True,False,False,True,True,-0.0,2011,6,2011-06,2011Q2,13,40,13:40:00,Afternoon,,,,,,,,,,,,,,,
558448,22163,HEART STRING MEMO HOLDER HANGING,-90,2011-06-29 13:40:00,0.0,,United Kingdom,,True,False,False,True,True,-0.0,2011,6,2011-06,2011Q2,13,40,13:40:00,Afternoon,,,,,,,,,,,,,,,
558449,21807,WHITE CHRISTMAS STAR DECORATION,-35,2011-06-29 13:40:00,0.0,,United Kingdom,,True,False,False,True,True,-0.0,2011,6,2011-06,2011Q2,13,40,13:40:00,Afternoon,,,,,,,,,,,,,,,
558451,21817,GLITTER CHRISTMAS TREE,-80,2011-06-29 13:41:00,0.0,,United Kingdom,,True,False,False,True,True,-0.0,2011,6,2011-06,2011Q2,13,41,13:41:00,Afternoon,,,,,,,,,,,,,,,
558457,21147,JINGLE BELLS TREE DECORATION,-95,2011-06-29 13:59:00,0.0,,United Kingdom,?,True,False,False,True,True,-0.0,2011,6,2011-06,2011Q2,13,59,13:59:00,Afternoon,,,,,,,,,,,,,,,
558464,35966,,-20,2011-06-29 15:17:00,0.0,,United Kingdom,,True,True,False,True,True,-0.0,2011,6,2011-06,2011Q2,15,17,15:17:00,Afternoon,,,,,,,,,,,,,,,
558476,84597B,RETRO BROWN BALL ASHTRAY ,-6,2011-06-29 16:04:00,0.0,,United Kingdom,damages,True,False,False,True,True,-0.0,2011,6,2011-06,2011Q2,16,4,16:04:00,Afternoon,,,,,,,,,,,,,,,
558477,84597C,RETRO PINK BALL ASHTRAY ,-1,2011-06-29 16:04:00,0.0,,United Kingdom,,True,False,False,True,True,-0.0,2011,6,2011-06,2011Q2,16,4,16:04:00,Afternoon,,,,,,,,,,,,,,,
558520,21896,POTTING SHED TWINE,-38,2011-06-30 10:25:00,0.0,,United Kingdom,,True,False,False,True,True,-0.0,2011,6,2011-06,2011Q2,10,25,10:25:00,Morning,,,,,,,,,,,,,,,
558723,84865,NEW BAROQUE BLACK PHOTO ALBUM,-7,2011-07-01 14:28:00,0.0,,United Kingdom,damaged,True,False,False,True,True,-0.0,2011,7,2011-07,2011Q3,14,28,14:28:00,Afternoon,,,,,,,,,,,,,,,
558728,20826,SILVER APERITIF GLASS,-1,2011-07-01 14:50:00,0.0,,United Kingdom,,True,False,False,True,True,-0.0,2011,7,2011-07,2011Q3,14,50,14:50:00,Afternoon,,,,,,,,,,,,,,,
558730,22060,LARGE CAKE STAND HANGING HEARTS,-1,2011-07-01 14:51:00,0.0,,United Kingdom,damaged,True,False,False,True,True,-0.0,2011,7,2011-07,2011Q3,14,51,14:51:00,Afternoon,,,,,,,,,,,,,,,
558732,47341A,FUSCHIA TABLE RUN FLOWER ,-1,2011-07-01 14:55:00,0.0,,United Kingdom,,True,False,False,True,True,-0.0,2011,7,2011-07,2011Q3,14,55,14:55:00,Afternoon,,,,,,,,,,,,,,,
558741,37444C,PINK BREAKFAST CUP AND SAUCER ,-1,2011-07-01 15:52:00,0.0,,United Kingdom,,True,False,False,True,True,-0.0,2011,7,2011-07,2011Q3,15,52,15:52:00,Afternoon,,,,,,,,,,,,,,,
558742,62043B,BLUE CHECK BAG W HANDLE 34X20CM,-1,2011-07-01 15:56:00,0.0,,United Kingdom,,True,False,False,True,True,-0.0,2011,7,2011-07,2011Q3,15,56,15:56:00,Afternoon,,,,,,,,,,,,,,,
558743,35810B,ENAMEL BLUE RIM COFFEE CONTAINER,-4,2011-07-01 15:56:00,0.0,,United Kingdom,,True,False,False,True,True,-0.0,2011,7,2011-07,2011Q3,15,56,15:56:00,Afternoon,,,,,,,,,,,,,,,
558890,84857C,PINK MONTE CARLO HANDBAG,-24,2011-07-04 15:34:00,0.0,,United Kingdom,,True,False,False,True,True,-0.0,2011,7,2011-07,2011Q3,15,34,15:34:00,Afternoon,,,,,,,,,,,,,,,
559314,84584,PINK GINGHAM CAT WITH SCARF,-50,2011-07-07 13:51:00,0.0,,United Kingdom,?,True,False,False,True,True,-0.0,2011,7,2011-07,2011Q3,13,51,13:51:00,Afternoon,,,,,,,,,,,,,,,
559365,22451,SILK PURSE BABUSHKA RED,-3,2011-07-08 08:53:00,0.0,,United Kingdom,,True,False,False,True,True,-0.0,2011,7,2011-07,2011Q3,8,53,08:53:00,Morning,,,,,,,,,,,,,,,
559373,16156S,WRAP PINK FAIRY CAKES ,-110,2011-07-08 10:36:00,0.0,,United Kingdom,,True,False,False,True,True,-0.0,2011,7,2011-07,2011Q3,10,36,10:36:00,Morning,,,,,,,,,,,,,,,
559374,22050,PINK PAISLEY ROSE GIFT WRAP,-100,2011-07-08 10:37:00,0.0,,United Kingdom,,True,False,False,True,True,-0.0,2011,7,2011-07,2011Q3,10,37,10:37:00,Morning,,,,,,,,,,,,,,,
559375,22051,BLUE SCANDINAVIAN PAISLEY WRAP,-300,2011-07-08 10:37:00,0.0,,United Kingdom,?,True,False,False,True,True,-0.0,2011,7,2011-07,2011Q3,10,37,10:37:00,Morning,,,,,,,,,,,,,,,
559376,48116,DOORMAT MULTICOLOUR STRIPE,-35,2011-07-08 10:38:00,0.0,,United Kingdom,,True,False,False,True,True,-0.0,2011,7,2011-07,2011Q3,10,38,10:38:00,Morning,,,,,,,,,,,,,,,
559378,21781,MA CAMPAGNE CUTLERY BOX,-39,2011-07-08 10:40:00,0.0,,United Kingdom,damages?,True,False,False,True,True,-0.0,2011,7,2011-07,2011Q3,10,40,10:40:00,Morning,,,,,,,,,,,,,,,
559379,79337,BLUE FLOCK GLASS CANDLEHOLDER,-8,2011-07-08 10:42:00,0.0,,United Kingdom,,True,False,False,True,True,-0.0,2011,7,2011-07,2011Q3,10,42,10:42:00,Morning,,,,,,,,,,,,,,,
559390,21700,BIG DOUGHNUT FRIDGE MAGNETS,-110,2011-07-08 10:46:00,0.0,,United Kingdom,,True,False,False,True,True,-0.0,2011,7,2011-07,2011Q3,10,46,10:46:00,Morning,,,,,,,,,,,,,,,
559398,21169,YOU'RE CONFUSING ME METAL SIGN ,-70,2011-07-08 10:48:00,0.0,,United Kingdom,,True,False,False,True,True,-0.0,2011,7,2011-07,2011Q3,10,48,10:48:00,Morning,,,,,,,,,,,,,,,
559402,21635,MADRAS NOTEBOOK LARGE ,-8,2011-07-08 10:49:00,0.0,,United Kingdom,,True,False,False,True,True,-0.0,2011,7,2011-07,2011Q3,10,49,10:49:00,Morning,,,,,,,,,,,,,,,
559405,22863,SOAP DISH BROCANTE,-7,2011-07-08 10:50:00,0.0,,United Kingdom,,True,False,False,True,True,-0.0,2011,7,2011-07,2011Q3,10,50,10:50:00,Morning,,,,,,,,,,,,,,,
559410,84341B,SMALL PINK MAGIC CHRISTMAS TREE,-179,2011-07-08 10:51:00,0.0,,United Kingdom,,True,False,False,True,True,-0.0,2011,7,2011-07,2011Q3,10,51,10:51:00,Morning,,,,,,,,,,,,,,,
559414,22855,FINE WICKER HEART ,-4,2011-07-08 10:52:00,0.0,,United Kingdom,,True,False,False,True,True,-0.0,2011,7,2011-07,2011Q3,10,52,10:52:00,Morning,,,,,,,,,,,,,,,
559423,71143,SILVER BOOK MARK WITH BEADS,-14,2011-07-08 12:06:00,0.0,,United Kingdom,,True,False,False,True,True,-0.0,2011,7,2011-07,2011Q3,12,6,12:06:00,Morning,,,,,,,,,,,,,,,
559655,21166,COOK WITH WINE METAL SIGN ,-124,2011-07-11 12:57:00,0.0,,United Kingdom,?,True,False,False,True,True,-0.0,2011,7,2011-07,2011Q3,12,57,12:57:00,Morning,,,,,,,,,,,,,,,
559792,21067,VINTAGE RED TEATIME MUG,-66,2011-07-12 12:31:00,0.0,,United Kingdom,,True,False,False,True,True,-0.0,2011,7,2011-07,2011Q3,12,31,12:31:00,Morning,,,,,,,,,,,,,,,
559943,21578,WOODLAND DESIGN  COTTON TOTE BAG,-251,2011-07-14 10:21:00,0.0,,United Kingdom,?,True,False,False,True,True,-0.0,2011,7,2011-07,2011Q3,10,21,10:21:00,Morning,,,,,,,,,,,,,,,
560037,22242,5 HOOK HANGER MAGIC TOADSTOOL,-34,2011-07-14 14:00:00,0.0,,United Kingdom,,True,False,False,True,True,-0.0,2011,7,2011-07,2011Q3,14,0,14:00:00,Afternoon,,,,,,,,,,,,,,,
560039,20713,JUMBO BAG OWLS,-3100,2011-07-14 14:27:00,0.0,,United Kingdom,wrongly marked. 23343 in box,True,False,False,True,True,-0.0,2011,7,2011-07,2011Q3,14,27,14:27:00,Afternoon,,,,,,,,,,,,,,,
560091,44236,PINK/PURPLE CIRCLE CURTAIN,-10,2011-07-14 17:03:00,0.0,,United Kingdom,,True,False,False,True,True,-0.0,2011,7,2011-07,2011Q3,17,3,17:03:00,Afternoon,,,,,,,,,,,,,,,
560110,21673,WHITE SPOT BLUE CERAMIC DRAWER KNOB,-40,2011-07-15 09:51:00,0.0,,United Kingdom,,True,False,False,True,True,-0.0,2011,7,2011-07,2011Q3,9,51,09:51:00,Morning,,,,,,,,,,,,,,,
560111,84874B,BLUE TRAVEL FIRST AID KIT,-3,2011-07-15 09:52:00,0.0,,United Kingdom,,True,False,False,True,True,-0.0,2011,7,2011-07,2011Q3,9,52,09:52:00,Morning,,,,,,,,,,,,,,,
560112,21683,MEDIUM MEDINA STAMPED METAL BOWL ,-38,2011-07-15 09:52:00,0.0,,United Kingdom,,True,False,False,True,True,-0.0,2011,7,2011-07,2011Q3,9,52,09:52:00,Morning,,,,,,,,,,,,,,,
560113,21865,PINK UNION JACK  PASSPORT COVER ,-40,2011-07-15 09:52:00,0.0,,United Kingdom,,True,False,False,True,True,-0.0,2011,7,2011-07,2011Q3,9,52,09:52:00,Morning,,,,,,,,,,,,,,,
560114,75172,PAINTED SEA SHELL METAL WINDCHIME,-35,2011-07-15 09:53:00,0.0,,United Kingdom,,True,False,False,True,True,-0.0,2011,7,2011-07,2011Q3,9,53,09:53:00,Morning,,,,,,,,,,,,,,,
560213,10123C,HEARTS WRAPPING TAPE ,-18,2011-07-15 15:05:00,0.0,,United Kingdom,,True,False,False,True,True,-0.0,2011,7,2011-07,2011Q3,15,5,15:05:00,Afternoon,,,,,,,,,,,,,,,
560214,16162L,THE KING GIFT BAG,-54,2011-07-15 15:07:00,0.0,,United Kingdom,,True,False,False,True,True,-0.0,2011,7,2011-07,2011Q3,15,7,15:07:00,Afternoon,,,,,,,,,,,,,,,
560215,16162M,THE KING GIFT BAG 25x24x12cm,-84,2011-07-15 15:08:00,0.0,,United Kingdom,,True,False,False,True,True,-0.0,2011,7,2011-07,2011Q3,15,8,15:08:00,Afternoon,,,,,,,,,,,,,,,
560423,16169K,WRAP FOLK ART,-25,2011-07-18 15:15:00,0.0,,United Kingdom,,True,False,False,True,True,-0.0,2011,7,2011-07,2011Q3,15,15,15:15:00,Afternoon,,,,,,,,,,,,,,,
560424,21503,TOYBOX  WRAP ,-84,2011-07-18 15:15:00,0.0,,United Kingdom,,True,False,False,True,True,-0.0,2011,7,2011-07,2011Q3,15,15,15:15:00,Afternoon,,,,,,,,,,,,,,,
560425,81950B,FLOWER BLUE CLOCK WITH SUCKER,-23,2011-07-18 15:15:00,0.0,,United Kingdom,,True,False,False,True,True,-0.0,2011,7,2011-07,2011Q3,15,15,15:15:00,Afternoon,,,,,,,,,,,,,,,
560427,84629,WHITE 3 FRAME BIRDS AND TREE ,-2,2011-07-18 15:16:00,0.0,,United Kingdom,,True,False,False,True,True,-0.0,2011,7,2011-07,2011Q3,15,16,15:16:00,Afternoon,,,,,,,,,,,,,,,
560428,21634,ASSORTED MINI MADRAS NOTEBOOK,-169,2011-07-18 15:17:00,0.0,,United Kingdom,,True,False,False,True,True,-0.0,2011,7,2011-07,2011Q3,15,17,15:17:00,Afternoon,,,,,,,,,,,,,,,
560440,84029E,RED WOOLLY HOTTIE WHITE HEART.,-1,2011-07-18 16:36:00,0.0,,United Kingdom,,True,False,False,True,True,-0.0,2011,7,2011-07,2011Q3,16,36,16:36:00,Afternoon,,,,,,,,,,,,,,,
560583,17096,ASSORTED LAQUERED INCENSE HOLDERS,-7,2011-07-19 15:31:00,0.0,,United Kingdom,,True,False,False,True,True,-0.0,2011,7,2011-07,2011Q3,15,31,15:31:00,Afternoon,,,,,,,,,,,,,,,
560600,18007,ESSENTIAL BALM 3.5g TIN IN ENVELOPE,-2834,2011-07-19 17:04:00,0.0,,United Kingdom,,True,False,False,True,True,-0.0,2011,7,2011-07,2011Q3,17,4,17:04:00,Afternoon,,,,,,,,,,,,,,,
560717,84576,BLUE CAT BISCUIT BARREL PINK HEART,-3,2011-07-20 13:28:00,0.0,,United Kingdom,damaged,True,False,False,True,True,-0.0,2011,7,2011-07,2011Q3,13,28,13:28:00,Afternoon,,,,,,,,,,,,,,,
560719,84877A,PINK ROUND COMPACT MIRROR,-21,2011-07-20 13:30:00,0.0,,United Kingdom,,True,False,False,True,True,-0.0,2011,7,2011-07,2011Q3,13,30,13:30:00,Afternoon,,,,,,,,,,,,,,,
560722,16049,TEATIME GEL PENS ASST,-31,2011-07-20 13:37:00,0.0,,United Kingdom,,True,False,False,True,True,-0.0,2011,7,2011-07,2011Q3,13,37,13:37:00,Afternoon,,,,,,,,,,,,,,,
560730,84797B,,-2,2011-07-20 14:53:00,0.0,,United Kingdom,,True,True,False,True,True,-0.0,2011,7,2011-07,2011Q3,14,53,14:53:00,Afternoon,,,,,,,,,,,,,,,
560737,84798B,PURPLE FOXGLOVE ARTIIFCIAL FLOWER,-109,2011-07-20 15:34:00,0.0,,United Kingdom,,True,False,False,True,True,-0.0,2011,7,2011-07,2011Q3,15,34,15:34:00,Afternoon,,,,,,,,,,,,,,,
560830,81953B,ROUND BLUE CLOCK WITH SUCKER,-6,2011-07-21 12:03:00,0.0,,United Kingdom,,True,False,False,True,True,-0.0,2011,7,2011-07,2011Q3,12,3,12:03:00,Morning,,,,,,,,,,,,,,,
560831,81950V,FLOWER PURPLE CLOCK WITH SUCKER,-1,2011-07-21 12:04:00,0.0,,United Kingdom,,True,False,False,True,True,-0.0,2011,7,2011-07,2011Q3,12,4,12:04:00,Morning,,,,,,,,,,,,,,,
560867,21891,TRADITIONAL WOODEN SKIPPING ROPE,-21,2011-07-21 14:10:00,0.0,,United Kingdom,,True,False,False,True,True,-0.0,2011,7,2011-07,2011Q3,14,10,14:10:00,Afternoon,,,,,,,,,,,,,,,
560923,22777,GLASS CLOCHE LARGE,-14,2011-07-22 08:54:00,0.0,,United Kingdom,,True,False,False,True,True,-0.0,2011,7,2011-07,2011Q3,8,54,08:54:00,Morning,,,,,,,,,,,,,,,
560939,84907,PINK YELLOW PATCH CUSHION COVER,-3,2011-07-22 11:20:00,0.0,,United Kingdom,,True,False,False,True,True,-0.0,2011,7,2011-07,2011Q3,11,20,11:20:00,Morning,,,,,,,,,,,,,,,
560940,72127,COLUMBIAN CANDLE ROUND ,-53,2011-07-22 11:20:00,0.0,,United Kingdom,,True,False,False,True,True,-0.0,2011,7,2011-07,2011Q3,11,20,11:20:00,Morning,,,,,,,,,,,,,,,
560941,85230E,STRAWBRY SCENTED VOTIVE CANDLE,-178,2011-07-22 11:21:00,0.0,,United Kingdom,,True,False,False,True,True,-0.0,2011,7,2011-07,2011Q3,11,21,11:21:00,Morning,,,,,,,,,,,,,,,
561086,15036,ASSORTED COLOURS SILK FAN,-530,2011-07-25 09:32:00,0.0,,United Kingdom,,True,False,False,True,True,-0.0,2011,7,2011-07,2011Q3,9,32,09:32:00,Morning,,,,,,,,,,,,,,,
561103,85103,SILVER T-LIGHT SETTING,-32,2011-07-25 11:23:00,0.0,,United Kingdom,stock creditted wrongly,True,False,False,True,True,-0.0,2011,7,2011-07,2011Q3,11,23,11:23:00,Morning,,,,,,,,,,,,,,,
561107,84763,ZINC FINISH 15CM PLANTER POTS,-5,2011-07-25 11:42:00,0.0,,United Kingdom,,True,False,False,True,True,-0.0,2011,7,2011-07,2011Q3,11,42,11:42:00,Morning,,,,,,,,,,,,,,,
561108,46775D,SUNSET COLOUR CHUNKY KNITTED THROW,-7,2011-07-25 11:43:00,0.0,,United Kingdom,,True,False,False,True,True,-0.0,2011,7,2011-07,2011Q3,11,43,11:43:00,Morning,,,,,,,,,,,,,,,
561110,85087,CANDY SPOT CUSHION COVER,-16,2011-07-25 11:44:00,0.0,,United Kingdom,,True,False,False,True,True,-0.0,2011,7,2011-07,2011Q3,11,44,11:44:00,Morning,,,,,,,,,,,,,,,
561249,DCGS0073,ebay,-4,2011-07-26 11:51:00,0.0,,United Kingdom,ebay,True,False,False,True,True,-0.0,2011,7,2011-07,2011Q3,11,51,11:51:00,Morning,,,,,,,,,,,,,,,
561250,DCGS0071,,-2,2011-07-26 11:51:00,0.0,,United Kingdom,,True,True,False,True,True,-0.0,2011,7,2011-07,2011Q3,11,51,11:51:00,Morning,,,,,,,,,,,,,,,
561251,DCGS0070,CAMOUFLAGE DOG COLLAR,-8,2011-07-26 11:51:00,0.0,,United Kingdom,,True,False,False,True,True,-0.0,2011,7,2011-07,2011Q3,11,51,11:51:00,Morning,,,,,,,,,,,,,,,
561252,DCGS0069,OOH LA LA DOGS COLLAR,-5,2011-07-26 11:52:00,0.0,,United Kingdom,ebay,True,False,False,True,True,-0.0,2011,7,2011-07,2011Q3,11,52,11:52:00,Morning,,,,,,,,,,,,,,,
561253,DCGS0068,ebay,-10,2011-07-26 11:52:00,0.0,,United Kingdom,ebay,True,False,False,True,True,-0.0,2011,7,2011-07,2011Q3,11,52,11:52:00,Morning,,,,,,,,,,,,,,,
561254,DCGS0067,ebay,-11,2011-07-26 11:52:00,0.0,,United Kingdom,ebay,True,False,False,True,True,-0.0,2011,7,2011-07,2011Q3,11,52,11:52:00,Morning,,,,,,,,,,,,,,,
561255,DCGS0066P,,-3,2011-07-26 11:52:00,0.0,,United Kingdom,,True,True,False,True,True,-0.0,2011,7,2011-07,2011Q3,11,52,11:52:00,Morning,,,,,,,,,,,,,,,
561256,DCGS0003,BOXED GLASS ASHTRAY,-7,2011-07-26 11:53:00,0.0,,United Kingdom,ebay,True,False,False,True,True,-0.0,2011,7,2011-07,2011Q3,11,53,11:53:00,Morning,,,,,,,,,,,,,,,
561326,21294,ETCHED GLASS COASTER,-227,2011-07-26 13:50:00,0.0,,United Kingdom,damaged,True,False,False,True,True,-0.0,2011,7,2011-07,2011Q3,13,50,13:50:00,Afternoon,,,,,,,,,,,,,,,
561354,21792,CLASSIC FRENCH STYLE BASKET GREEN ,-8,2011-07-26 14:50:00,0.0,,United Kingdom,,True,False,False,True,True,-0.0,2011,7,2011-07,2011Q3,14,50,14:50:00,Afternoon,,,,,,,,,,,,,,,
561362,84415A,PINK FLOCK SUEDE CUSHION COVER ,-11,2011-07-26 15:41:00,0.0,,United Kingdom,,True,False,False,True,True,-0.0,2011,7,2011-07,2011Q3,15,41,15:41:00,Afternoon,,,,,,,,,,,,,,,
561364,84415B,BLUE FLOCK CUSHION COVER ,-4,2011-07-26 15:42:00,0.0,,United Kingdom,,True,False,False,True,True,-0.0,2011,7,2011-07,2011Q3,15,42,15:42:00,Afternoon,,,,,,,,,,,,,,,
561475,84584,PINK GINGHAM CAT WITH SCARF,-3,2011-07-27 13:29:00,0.0,,United Kingdom,,True,False,False,True,True,-0.0,2011,7,2011-07,2011Q3,13,29,13:29:00,Afternoon,,,,,,,,,,,,,,,
561476,21839,MUMMY MOUSE RED GINGHAM RIBBON,-36,2011-07-27 13:29:00,0.0,,United Kingdom,,True,False,False,True,True,-0.0,2011,7,2011-07,2011Q3,13,29,13:29:00,Afternoon,,,,,,,,,,,,,,,
561478,20954,*USB Office Mirror Ball,-2,2011-07-27 13:32:00,0.0,,United Kingdom,,True,False,False,True,True,-0.0,2011,7,2011-07,2011Q3,13,32,13:32:00,Afternoon,,,,,,,,,,,,,,,
561479,21594,Dr. Jam's Arouzer Stress Ball,-1,2011-07-27 13:32:00,0.0,,United Kingdom,,True,False,False,True,True,-0.0,2011,7,2011-07,2011Q3,13,32,13:32:00,Afternoon,,,,,,,,,,,,,,,
561480,21858,,-12,2011-07-27 13:32:00,0.0,,United Kingdom,,True,True,False,True,True,-0.0,2011,7,2011-07,2011Q3,13,32,13:32:00,Afternoon,,,,,,,,,,,,,,,
561481,20684,STRAWBERRY DREAM CHILDS UMBRELLA,-27,2011-07-27 13:38:00,0.0,,United Kingdom,,True,False,False,True,True,-0.0,2011,7,2011-07,2011Q3,13,38,13:38:00,Afternoon,,,,,,,,,,,,,,,
561482,21432,,-2,2011-07-27 13:39:00,0.0,,United Kingdom,,True,True,False,True,True,-0.0,2011,7,2011-07,2011Q3,13,39,13:39:00,Afternoon,,,,,,,,,,,,,,,
561484,77081,,-39,2011-07-27 13:41:00,0.0,,United Kingdom,,True,True,False,True,True,-0.0,2011,7,2011-07,2011Q3,13,41,13:41:00,Afternoon,,,,,,,,,,,,,,,
561486,21765,,-2,2011-07-27 13:48:00,0.0,,United Kingdom,,True,True,False,True,True,-0.0,2011,7,2011-07,2011Q3,13,48,13:48:00,Afternoon,,,,,,,,,,,,,,,
561487,22168,ORGANISER WOOD ANTIQUE WHITE ,-1,2011-07-27 13:51:00,0.0,,United Kingdom,,True,False,False,True,True,-0.0,2011,7,2011-07,2011Q3,13,51,13:51:00,Afternoon,,,,,,,,,,,,,,,
561489,84905,PINK BUTTERFLY CUSHION COVER ,-2,2011-07-27 13:52:00,0.0,,United Kingdom,,True,False,False,True,True,-0.0,2011,7,2011-07,2011Q3,13,52,13:52:00,Afternoon,,,,,,,,,,,,,,,
561491,21781,MA CAMPAGNE CUTLERY BOX,-2,2011-07-27 13:56:00,0.0,,United Kingdom,,True,False,False,True,True,-0.0,2011,7,2011-07,2011Q3,13,56,13:56:00,Afternoon,,,,,,,,,,,,,,,
561492,22528,GARDENERS KNEELING PAD,-1,2011-07-27 13:57:00,0.0,,United Kingdom,,True,False,False,True,True,-0.0,2011,7,2011-07,2011Q3,13,57,13:57:00,Afternoon,,,,,,,,,,,,,,,
561493,84761,,-11,2011-07-27 13:59:00,0.0,,United Kingdom,,True,True,False,True,True,-0.0,2011,7,2011-07,2011Q3,13,59,13:59:00,Afternoon,,,,,,,,,,,,,,,
561494,18097A,PINK TALL PORCELAIN T-LIGHT HOLDER ,-23,2011-07-27 14:04:00,0.0,,United Kingdom,,True,False,False,True,True,-0.0,2011,7,2011-07,2011Q3,14,4,14:04:00,Afternoon,,,,,,,,,,,,,,,
561496,17090D,VANILLA INCENSE 40 CONES IN TIN,-10,2011-07-27 14:08:00,0.0,,United Kingdom,,True,False,False,True,True,-0.0,2011,7,2011-07,2011Q3,14,8,14:08:00,Afternoon,,,,,,,,,,,,,,,
561498,21610,,-14,2011-07-27 14:10:00,0.0,,United Kingdom,,True,True,False,True,True,-0.0,2011,7,2011-07,2011Q3,14,10,14:10:00,Afternoon,,,,,,,,,,,,,,,
561500,85040B,SET/4 BLUE FLOWER CANDLES IN BOWL,-1,2011-07-27 14:12:00,0.0,,United Kingdom,,True,False,False,True,True,-0.0,2011,7,2011-07,2011Q3,14,12,14:12:00,Afternoon,,,,,,,,,,,,,,,
561501,21278,VINTAGE KITCHEN PRINT PUDDINGS,-1,2011-07-27 14:13:00,0.0,,United Kingdom,,True,False,False,True,True,-0.0,2011,7,2011-07,2011Q3,14,13,14:13:00,Afternoon,,,,,,,,,,,,,,,
561503,22194,BLACK DINER WALL CLOCK,-4,2011-07-27 14:14:00,0.0,,United Kingdom,,True,False,False,True,True,-0.0,2011,7,2011-07,2011Q3,14,14,14:14:00,Afternoon,,,,,,,,,,,,,,,
561504,21361,LOVE LARGE WOOD LETTERS ,-7,2011-07-27 14:15:00,0.0,,United Kingdom,,True,False,False,True,True,-0.0,2011,7,2011-07,2011Q3,14,15,14:15:00,Afternoon,,,,,,,,,,,,,,,
561505,84925D,LA PALMIERA WALL THERMOMETER,-12,2011-07-27 14:16:00,0.0,,United Kingdom,,True,False,False,True,True,-0.0,2011,7,2011-07,2011Q3,14,16,14:16:00,Afternoon,,,,,,,,,,,,,,,
561506,72051S,BAG OF SILVER STONES,-1,2011-07-27 14:18:00,0.0,,United Kingdom,,True,False,False,True,True,-0.0,2011,7,2011-07,2011Q3,14,18,14:18:00,Afternoon,,,,,,,,,,,,,,,
561523,20973,12 PENCIL SMALL TUBE WOODLAND,-45,2011-07-27 17:38:00,0.0,,United Kingdom,,True,False,False,True,True,-0.0,2011,7,2011-07,2011Q3,17,38,17:38:00,Afternoon,,,,,,,,,,,,,,,
561524,16020C,CLEAR STATIONERY BOX SET ,-2,2011-07-27 17:39:00,0.0,,United Kingdom,,True,False,False,True,True,-0.0,2011,7,2011-07,2011Q3,17,39,17:39:00,Afternoon,,,,,,,,,,,,,,,
561525,84466,TOP SECRET PEN SET,-1,2011-07-27 17:40:00,0.0,,United Kingdom,,True,False,False,True,True,-0.0,2011,7,2011-07,2011Q3,17,40,17:40:00,Afternoon,,,,,,,,,,,,,,,
561526,21051,RIBBONS PURSE ,-2,2011-07-27 17:40:00,0.0,,United Kingdom,,True,False,False,True,True,-0.0,2011,7,2011-07,2011Q3,17,40,17:40:00,Afternoon,,,,,,,,,,,,,,,
561527,20666,ECONOMY HOLIDAY PURSE,-5,2011-07-27 17:40:00,0.0,,United Kingdom,,True,False,False,True,True,-0.0,2011,7,2011-07,2011Q3,17,40,17:40:00,Afternoon,,,,,,,,,,,,,,,
561536,84927E,FLOWERS TILE HOOK,-2,2011-07-28 09:58:00,0.0,,United Kingdom,,True,False,False,True,True,-0.0,2011,7,2011-07,2011Q3,9,58,09:58:00,Morning,,,,,,,,,,,,,,,
561538,84927D,LA PALMIERA TILE HOOK,-1,2011-07-28 09:58:00,0.0,,United Kingdom,,True,False,False,True,True,-0.0,2011,7,2011-07,2011Q3,9,58,09:58:00,Morning,,,,,,,,,,,,,,,
561539,79026B,"S/4 ICON COASTER,ELVIS LIVES",-1,2011-07-28 10:08:00,0.0,,United Kingdom,,True,False,False,True,True,-0.0,2011,7,2011-07,2011Q3,10,8,10:08:00,Morning,,,,,,,,,,,,,,,
561540,84279B,CHERRY BLOSSOM DECORATIVE FLASK,-1,2011-07-28 10:08:00,0.0,,United Kingdom,,True,False,False,True,True,-0.0,2011,7,2011-07,2011Q3,10,8,10:08:00,Morning,,,,,,,,,,,,,,,
561541,21658,GLASS  BEURRE DISH,-1,2011-07-28 10:09:00,0.0,,United Kingdom,,True,False,False,True,True,-0.0,2011,7,2011-07,2011Q3,10,9,10:09:00,Morning,,,,,,,,,,,,,,,
561543,22202,MILK PAN PINK POLKADOT,-1,2011-07-28 10:10:00,0.0,,United Kingdom,,True,False,False,True,True,-0.0,2011,7,2011-07,2011Q3,10,10,10:10:00,Morning,,,,,,,,,,,,,,,
561553,21392,RED POLKADOT PUDDING BOWL,-29,2011-07-28 10:20:00,0.0,,United Kingdom,,True,False,False,True,True,-0.0,2011,7,2011-07,2011Q3,10,20,10:20:00,Morning,,,,,,,,,,,,,,,
561555,37477B,,-11,2011-07-28 10:21:00,0.0,,United Kingdom,,True,True,False,True,True,-0.0,2011,7,2011-07,2011Q3,10,21,10:21:00,Morning,,,,,,,,,,,,,,,
561557,37477C,,-31,2011-07-28 10:21:00,0.0,,United Kingdom,,True,True,False,True,True,-0.0,2011,7,2011-07,2011Q3,10,21,10:21:00,Morning,,,,,,,,,,,,,,,
561609,47589,CONGRATULATIONS BUNTING,-1,2011-07-28 12:24:00,0.0,,United Kingdom,,True,False,False,True,True,-0.0,2011,7,2011-07,2011Q3,12,24,12:24:00,Morning,,,,,,,,,,,,,,,
561639,84799,SPRIG LAVENDER ARTIFICIAL FLOWER,-346,2011-07-28 14:58:00,0.0,,United Kingdom,,True,False,False,True,True,-0.0,2011,7,2011-07,2011Q3,14,58,14:58:00,Afternoon,,,,,,,,,,,,,,,
561640,84802B,,-125,2011-07-28 14:58:00,0.0,,United Kingdom,,True,True,False,True,True,-0.0,2011,7,2011-07,2011Q3,14,58,14:58:00,Afternoon,,,,,,,,,,,,,,,
561663,22501,PICNIC BASKET WICKER LARGE,-108,2011-07-28 16:40:00,0.0,,United Kingdom,incorrectly put back into stock,True,False,False,True,True,-0.0,2011,7,2011-07,2011Q3,16,40,16:40:00,Afternoon,,,,,,,,,,,,,,,
561668,44091A,BLUE CRUSOE CHECK LAMPSHADE,-2,2011-07-28 17:03:00,0.0,,United Kingdom,,True,False,False,True,True,-0.0,2011,7,2011-07,2011Q3,17,3,17:03:00,Afternoon,,,,,,,,,,,,,,,
561805,23284,DOORMAT KEEP CALM AND COME IN,-15,2011-07-29 14:42:00,0.0,,United Kingdom,,True,False,False,True,True,-0.0,2011,7,2011-07,2011Q3,14,42,14:42:00,Afternoon,,,,,,,,,,,,,,,
561918,85127,SMALL SQUARE CUT GLASS CANDLESTICK,-6,2011-08-01 12:05:00,0.0,,United Kingdom,,True,False,False,True,True,-0.0,2011,8,2011-08,2011Q3,12,5,12:05:00,Morning,,,,,,,,,,,,,,,
561919,85017B,ENVELOPE 50 BLOSSOM IMAGES,-188,2011-08-01 12:08:00,0.0,,United Kingdom,,True,False,False,True,True,-0.0,2011,8,2011-08,2011Q3,12,8,12:08:00,Morning,,,,,,,,,,,,,,,
561920,84352,SILVER CHRISTMAS TREE BAUBLE STAND ,-52,2011-08-01 12:10:00,0.0,,United Kingdom,Damages/samples,True,False,False,True,True,-0.0,2011,8,2011-08,2011Q3,12,10,12:10:00,Morning,,,,,,,,,,,,,,,
561921,22044,CHRISTMAS CARD STACK OF PRESENTS,-240,2011-08-01 12:11:00,0.0,,United Kingdom,,True,False,False,True,True,-0.0,2011,8,2011-08,2011Q3,12,11,12:11:00,Morning,,,,,,,,,,,,,,,
561924,22042,CHRISTMAS CARD SINGING ANGEL,-197,2011-08-01 12:27:00,0.0,,United Kingdom,,True,False,False,True,True,-0.0,2011,8,2011-08,2011Q3,12,27,12:27:00,Morning,,,,,,,,,,,,,,,
561927,22740,POLKADOT PEN,-1060,2011-08-01 12:49:00,0.0,,United Kingdom,?,True,False,False,True,True,-0.0,2011,8,2011-08,2011Q3,12,49,12:49:00,Morning,,,,,,,,,,,,,,,
562164,21257,VICTORIAN SEWING BOX MEDIUM,-94,2011-08-03 12:08:00,0.0,,United Kingdom,?,True,False,False,True,True,-0.0,2011,8,2011-08,2011Q3,12,8,12:08:00,Morning,,,,,,,,,,,,,,,
562212,21187,WHITE BELL HONEYCOMB PAPER GARLAND ,-97,2011-08-03 13:28:00,0.0,,United Kingdom,,True,False,False,True,True,-0.0,2011,8,2011-08,2011Q3,13,28,13:28:00,Afternoon,,,,,,,,,,,,,,,
562278,21391,FRENCH LAVENDER SCENT HEART,-342,2011-08-04 10:27:00,0.0,,United Kingdom,Sold as 1 on dotcom,True,False,False,True,True,-0.0,2011,8,2011-08,2011Q3,10,27,10:27:00,Morning,,,,,,,,,,,,,,,
562279,21391,FRENCH LAVENDER SCENT HEART,-26,2011-08-04 10:28:00,0.0,,United Kingdom,,True,False,False,True,True,-0.0,2011,8,2011-08,2011Q3,10,28,10:28:00,Morning,,,,,,,,,,,,,,,
562352,21735,TWO DOOR CURIO CABINET,-59,2011-08-04 13:12:00,0.0,,United Kingdom,damages,True,False,False,True,True,-0.0,2011,8,2011-08,2011Q3,13,12,13:12:00,Afternoon,,,,,,,,,,,,,,,
562382,22927,GREEN GIANT GARDEN THERMOMETER,-40,2011-08-04 15:36:00,0.0,,United Kingdom,?,True,False,False,True,True,-0.0,2011,8,2011-08,2011Q3,15,36,15:36:00,Afternoon,,,,,,,,,,,,,,,
562383,22523,CHILDS GARDEN FORK PINK,-90,2011-08-04 15:37:00,0.0,,United Kingdom,?,True,False,False,True,True,-0.0,2011,8,2011-08,2011Q3,15,37,15:37:00,Afternoon,,,,,,,,,,,,,,,
562384,23175,REGENCY MILK JUG PINK ,-44,2011-08-04 15:41:00,0.0,,United Kingdom,,True,False,False,True,True,-0.0,2011,8,2011-08,2011Q3,15,41,15:41:00,Afternoon,,,,,,,,,,,,,,,
562385,47559B,TEA TIME OVEN GLOVE,-84,2011-08-04 15:42:00,0.0,,United Kingdom,,True,False,False,True,True,-0.0,2011,8,2011-08,2011Q3,15,42,15:42:00,Afternoon,,,,,,,,,,,,,,,
562386,84596L,BISCUITS SMALL BOWL LIGHT BLUE,-21,2011-08-04 15:43:00,0.0,,United Kingdom,,True,False,False,True,True,-0.0,2011,8,2011-08,2011Q3,15,43,15:43:00,Afternoon,,,,,,,,,,,,,,,
562390,21246,RED RETROSPOT BIG BOWL,-92,2011-08-04 16:00:00,0.0,,United Kingdom,,True,False,False,True,True,-0.0,2011,8,2011-08,2011Q3,16,0,16:00:00,Afternoon,,,,,,,,,,,,,,,
562391,22854,CREAM SWEETHEART EGG HOLDER,-40,2011-08-04 16:02:00,0.0,,United Kingdom,,True,False,False,True,True,-0.0,2011,8,2011-08,2011Q3,16,2,16:02:00,Afternoon,,,,,,,,,,,,,,,
562463,85152,HAND OVER THE CHOCOLATE   SIGN ,-6,2011-08-05 11:30:00,0.0,,United Kingdom,,True,False,False,True,True,-0.0,2011,8,2011-08,2011Q3,11,30,11:30:00,Morning,,,,,,,,,,,,,,,
562464,20701,PINK CAT FLORAL CUSHION COVER ,-24,2011-08-05 11:31:00,0.0,,United Kingdom,,True,False,False,True,True,-0.0,2011,8,2011-08,2011Q3,11,31,11:31:00,Morning,,,,,,,,,,,,,,,
562544,84920,PINK FLOWER FABRIC PONY,-9,2011-08-05 15:46:00,0.0,,United Kingdom,,True,False,False,True,True,-0.0,2011,8,2011-08,2011Q3,15,46,15:46:00,Afternoon,,,,,,,,,,,,,,,
562546,20694,FLORAL PINK MONSTER,-110,2011-08-05 15:46:00,0.0,,United Kingdom,?,True,False,False,True,True,-0.0,2011,8,2011-08,2011Q3,15,46,15:46:00,Afternoon,,,,,,,,,,,,,,,
562547,21918,SET 12 KIDS COLOUR  CHALK STICKS,-343,2011-08-05 15:49:00,0.0,,United Kingdom,,True,False,False,True,True,-0.0,2011,8,2011-08,2011Q3,15,49,15:49:00,Afternoon,,,,,,,,,,,,,,,
562548,23084,RABBIT NIGHT LIGHT,-84,2011-08-05 16:00:00,0.0,,United Kingdom,,True,False,False,True,True,-0.0,2011,8,2011-08,2011Q3,16,0,16:00:00,Afternoon,,,,,,,,,,,,,,,
562653,21359,RELAX LARGE WOOD LETTERS,-30,2011-08-08 13:35:00,0.0,,United Kingdom,,True,False,False,True,True,-0.0,2011,8,2011-08,2011Q3,13,35,13:35:00,Afternoon,,,,,,,,,,,,,,,
562785,21033,JUMBO BAG CHARLIE AND LOLA TOYS,-455,2011-08-09 13:32:00,0.0,,United Kingdom,,True,False,False,True,True,-0.0,2011,8,2011-08,2011Q3,13,32,13:32:00,Afternoon,,,,,,,,,,,,,,,
562855,84800M,MEDIUM WHITE/PINK ROSE ART FLOWER,-124,2011-08-10 10:16:00,0.0,,United Kingdom,,True,False,False,True,True,-0.0,2011,8,2011-08,2011Q3,10,16,10:16:00,Morning,,,,,,,,,,,,,,,
563148,21033,JUMBO BAG CHARLIE AND LOLA TOYS,-37,2011-08-12 11:35:00,0.0,,United Kingdom,,True,False,False,True,True,-0.0,2011,8,2011-08,2011Q3,11,35,11:35:00,Morning,,,,,,,,,,,,,,,
563244,22740,POLKADOT PEN,-36,2011-08-15 10:49:00,0.0,,United Kingdom,,True,False,False,True,True,-0.0,2011,8,2011-08,2011Q3,10,49,10:49:00,Morning,,,,,,,,,,,,,,,
563453,21033,JUMBO BAG CHARLIE AND LOLA TOYS,-24,2011-08-16 14:34:00,0.0,,United Kingdom,taig adjust no stock,True,False,False,True,True,-0.0,2011,8,2011-08,2011Q3,14,34,14:34:00,Afternoon,,,,,,,,,,,,,,,
563650,79163,BLACK CHAMPAGNE GLASS,-156,2011-08-18 10:43:00,0.0,,United Kingdom,,True,False,False,True,True,-0.0,2011,8,2011-08,2011Q3,10,43,10:43:00,Morning,,,,,,,,,,,,,,,
563652,22461,SAVOY ART DECO CLOCK,-36,2011-08-18 10:43:00,0.0,,United Kingdom,,True,False,False,True,True,-0.0,2011,8,2011-08,2011Q3,10,43,10:43:00,Morning,,,,,,,,,,,,,,,
563700,85106,CUT GLASS HEXAGON T-LIGHT HOLDER,-553,2011-08-18 13:55:00,0.0,,United Kingdom,,True,False,False,True,True,-0.0,2011,8,2011-08,2011Q3,13,55,13:55:00,Afternoon,,,,,,,,,,,,,,,
563704,37342,POLKADOT COFFEE CUP & SAUCER PINK,-66,2011-08-18 14:03:00,0.0,,United Kingdom,,True,False,False,True,True,-0.0,2011,8,2011-08,2011Q3,14,3,14:03:00,Afternoon,,,,,,,,,,,,,,,
563715,90120D,WHITE MURANO TWIST BRACELET,-18,2011-08-18 16:08:00,0.0,,United Kingdom,,True,False,False,True,True,-0.0,2011,8,2011-08,2011Q3,16,8,16:08:00,Afternoon,,,,,,,,,,,,,,,
564667,23084,RABBIT NIGHT LIGHT,-400,2011-08-26 15:08:00,0.0,,United Kingdom,,True,False,False,True,True,-0.0,2011,8,2011-08,2011Q3,15,8,15:08:00,Afternoon,,,,,,,,,,,,,,,
564914,85132C,CHARLIE AND LOLA FIGURES TINS,-109,2011-08-31 12:40:00,0.0,,United Kingdom,damages,True,False,False,True,True,-0.0,2011,8,2011-08,2011Q3,12,40,12:40:00,Morning,,,,,,,,,,,,,,,
565042,85185B,PINK HORSE SOCK PUPPET,-27,2011-08-31 17:01:00,0.0,,United Kingdom,,True,False,False,True,True,-0.0,2011,8,2011-08,2011Q3,17,1,17:01:00,Afternoon,,,,,,,,,,,,,,,
565045,21670,BLUE SPOT CERAMIC DRAWER KNOB,-115,2011-08-31 17:03:00,0.0,,United Kingdom,,True,False,False,True,True,-0.0,2011,8,2011-08,2011Q3,17,3,17:03:00,Afternoon,,,,,,,,,,,,,,,
565046,22606,WOODEN SKITTLES GARDEN SET,-49,2011-08-31 17:04:00,0.0,,United Kingdom,,True,False,False,True,True,-0.0,2011,8,2011-08,2011Q3,17,4,17:04:00,Afternoon,,,,,,,,,,,,,,,
565048,84976,RECTANGULAR SHAPED MIRROR,-66,2011-08-31 17:06:00,0.0,,United Kingdom,,True,False,False,True,True,-0.0,2011,8,2011-08,2011Q3,17,6,17:06:00,Afternoon,,,,,,,,,,,,,,,
565049,21907,I'M ON HOLIDAY METAL SIGN,-77,2011-08-31 17:09:00,0.0,,United Kingdom,,True,False,False,True,True,-0.0,2011,8,2011-08,2011Q3,17,9,17:09:00,Afternoon,,,,,,,,,,,,,,,
565052,21179,NO JUNK MAIL METAL SIGN,-60,2011-08-31 17:11:00,0.0,,United Kingdom,,True,False,False,True,True,-0.0,2011,8,2011-08,2011Q3,17,11,17:11:00,Afternoon,,,,,,,,,,,,,,,
565055,21172,PARTY METAL SIGN ,-10,2011-08-31 17:11:00,0.0,,United Kingdom,,True,False,False,True,True,-0.0,2011,8,2011-08,2011Q3,17,11,17:11:00,Afternoon,,,,,,,,,,,,,,,
565057,82551,LAUNDRY 15C METAL SIGN,-110,2011-08-31 17:12:00,0.0,,United Kingdom,,True,False,False,True,True,-0.0,2011,8,2011-08,2011Q3,17,12,17:12:00,Afternoon,,,,,,,,,,,,,,,
565060,21165,BEWARE OF THE CAT METAL SIGN ,-46,2011-08-31 17:15:00,0.0,,United Kingdom,,True,False,False,True,True,-0.0,2011,8,2011-08,2011Q3,17,15,17:15:00,Afternoon,,,,,,,,,,,,,,,
565063,21175,GIN + TONIC DIET METAL SIGN,-18,2011-08-31 17:15:00,0.0,,United Kingdom,,True,False,False,True,True,-0.0,2011,8,2011-08,2011Q3,17,15,17:15:00,Afternoon,,,,,,,,,,,,,,,
565069,20665,RED RETROSPOT PURSE ,-49,2011-08-31 17:18:00,0.0,,United Kingdom,,True,False,False,True,True,-0.0,2011,8,2011-08,2011Q3,17,18,17:18:00,Afternoon,,,,,,,,,,,,,,,
565071,84754,S/15 SILVER GLASS BAUBLES IN BAG,-242,2011-08-31 17:21:00,0.0,,United Kingdom,,True,False,False,True,True,-0.0,2011,8,2011-08,2011Q3,17,21,17:21:00,Afternoon,,,,,,,,,,,,,,,
565072,21820,GLITTER HEART GARLAND WITH BELLS ,-210,2011-08-31 17:22:00,0.0,,United Kingdom,,True,False,False,True,True,-0.0,2011,8,2011-08,2011Q3,17,22,17:22:00,Afternoon,,,,,,,,,,,,,,,
565275,90209C,PINK ENAMEL+GLASS HAIR COMB,-72,2011-09-02 11:08:00,0.0,,United Kingdom,,True,False,False,True,True,-0.0,2011,9,2011-09,2011Q3,11,8,11:08:00,Morning,,,,,,,,,,,,,,,
565296,84929,ASSTD FRUIT+FLOWERS FRIDGE MAGNETS,-967,2011-09-02 12:04:00,0.0,,United Kingdom,code mix up? 84930,True,False,False,True,True,-0.0,2011,9,2011-09,2011Q3,12,4,12:04:00,Morning,,,,,,,,,,,,,,,
565297,84877D,BLUE ROUND COMPACT MIRROR,-203,2011-09-02 12:06:00,0.0,,United Kingdom,?,True,False,False,True,True,-0.0,2011,9,2011-09,2011Q3,12,6,12:06:00,Morning,,,,,,,,,,,,,,,
565302,21682,LARGE MEDINA STAMPED METAL BOWL ,-156,2011-09-02 12:16:00,0.0,,United Kingdom,?display?,True,False,False,True,True,-0.0,2011,9,2011-09,2011Q3,12,16,12:16:00,Morning,,,,,,,,,,,,,,,
565304,16259,PIECE OF CAMO STATIONERY SET,-3167,2011-09-02 12:18:00,0.0,,United Kingdom,,True,False,False,True,True,-0.0,2011,9,2011-09,2011Q3,12,18,12:18:00,Morning,,,,,,,,,,,,,,,
565306,21830,ASSORTED CREEPY CRAWLIES,-252,2011-09-02 12:20:00,0.0,,United Kingdom,sold as 1,True,False,False,True,True,-0.0,2011,9,2011-09,2011Q3,12,20,12:20:00,Morning,,,,,,,,,,,,,,,
565307,21830,ASSORTED CREEPY CRAWLIES,-443,2011-09-02 12:20:00,0.0,,United Kingdom,?,True,False,False,True,True,-0.0,2011,9,2011-09,2011Q3,12,20,12:20:00,Morning,,,,,,,,,,,,,,,
565308,21829,DINOSAUR KEYRINGS ASSORTED,-432,2011-09-02 12:22:00,0.0,,United Kingdom,sold as 1,True,False,False,True,True,-0.0,2011,9,2011-09,2011Q3,12,22,12:22:00,Morning,,,,,,,,,,,,,,,
565310,21829,DINOSAUR KEYRINGS ASSORTED,-1897,2011-09-02 12:26:00,0.0,,United Kingdom,?missing,True,False,False,True,True,-0.0,2011,9,2011-09,2011Q3,12,26,12:26:00,Morning,,,,,,,,,,,,,,,
565314,84660C,PINK STITCHED WALL CLOCK,-21,2011-09-02 12:43:00,0.0,,United Kingdom,,True,False,False,True,True,-0.0,2011,9,2011-09,2011Q3,12,43,12:43:00,Morning,,,,,,,,,,,,,,,
565370,82494L,WOODEN FRAME ANTIQUE WHITE ,-33,2011-09-02 15:04:00,0.0,,United Kingdom,crushed ctn,True,False,False,True,True,-0.0,2011,9,2011-09,2011Q3,15,4,15:04:00,Afternoon,,,,,,,,,,,,,,,
565371,82483,WOOD 2 DRAWER CABINET WHITE FINISH,-13,2011-09-02 15:04:00,0.0,,United Kingdom,crushed,True,False,False,True,True,-0.0,2011,9,2011-09,2011Q3,15,4,15:04:00,Afternoon,,,,,,,,,,,,,,,
565385,22435,SET OF 9 HEART SHAPED BALLOONS,-434,2011-09-02 15:46:00,0.0,,United Kingdom,?missing,True,False,False,True,True,-0.0,2011,9,2011-09,2011Q3,15,46,15:46:00,Afternoon,,,,,,,,,,,,,,,
565389,47343A,FUSCHIA FLOWER PURSE WITH BEADS,-16,2011-09-02 16:19:00,0.0,,United Kingdom,,True,False,False,True,True,-0.0,2011,9,2011-09,2011Q3,16,19,16:19:00,Afternoon,,,,,,,,,,,,,,,
565935,23064,CINDERELLA CHANDELIER ,-8,2011-09-08 10:46:00,0.0,,United Kingdom,Crushed,True,False,False,True,True,-0.0,2011,9,2011-09,2011Q3,10,46,10:46:00,Morning,,,,,,,,,,,,,,,
565938,23066,SMALL DECO JEWELLERY STAND,-13,2011-09-08 10:54:00,0.0,,United Kingdom,,True,False,False,True,True,-0.0,2011,9,2011-09,2011Q3,10,54,10:54:00,Morning,,,,,,,,,,,,,,,
566066,15060B,FAIRY CAKE DESIGN UMBRELLA,-52,2011-09-08 16:36:00,0.0,,United Kingdom,,True,False,False,True,True,-0.0,2011,9,2011-09,2011Q3,16,36,16:36:00,Afternoon,,,,,,,,,,,,,,,
566067,20686,DOLLY MIXTURE CHILDREN'S UMBRELLA,-95,2011-09-08 16:36:00,0.0,,United Kingdom,,True,False,False,True,True,-0.0,2011,9,2011-09,2011Q3,16,36,16:36:00,Afternoon,,,,,,,,,,,,,,,
566068,22268,DECORATION SITTING BUNNY,-86,2011-09-08 16:37:00,0.0,,United Kingdom,,True,False,False,True,True,-0.0,2011,9,2011-09,2011Q3,16,37,16:37:00,Afternoon,,,,,,,,,,,,,,,
566121,23306,SET OF 36 DOILIES PANTRY DESIGN,-682,2011-09-09 10:56:00,0.0,,United Kingdom,,True,False,False,True,True,-0.0,2011,9,2011-09,2011Q3,10,56,10:56:00,Morning,,,,,,,,,,,,,,,
566122,23084,RABBIT NIGHT LIGHT,-484,2011-09-09 10:57:00,0.0,,United Kingdom,temp adjustment,True,False,False,True,True,-0.0,2011,9,2011-09,2011Q3,10,57,10:57:00,Morning,,,,,,,,,,,,,,,
566449,20856,DENIM PATCH PURSE PINK BUTTERFLY,-140,2011-09-12 16:07:00,0.0,,United Kingdom,??,True,False,False,True,True,-0.0,2011,9,2011-09,2011Q3,16,7,16:07:00,Afternoon,,,,,,,,,,,,,,,
566573,22823,CHEST NATURAL WOOD 20 DRAWERS,-22,2011-09-13 13:10:00,0.0,,United Kingdom,test,True,False,False,True,True,-0.0,2011,9,2011-09,2011Q3,13,10,13:10:00,Afternoon,,,,,,,,,,,,,,,
566710,16207B,PINK HEART RED HANDBAG,-4,2011-09-14 12:03:00,0.0,,United Kingdom,,True,False,False,True,True,-0.0,2011,9,2011-09,2011Q3,12,3,12:03:00,Morning,,,,,,,,,,,,,,,
566711,21578,WOODLAND DESIGN  COTTON TOTE BAG,-31,2011-09-14 12:03:00,0.0,,United Kingdom,,True,False,False,True,True,-0.0,2011,9,2011-09,2011Q3,12,3,12:03:00,Morning,,,,,,,,,,,,,,,
566712,22030,SWALLOWS GREETING CARD,-635,2011-09-14 12:04:00,0.0,,United Kingdom,??,True,False,False,True,True,-0.0,2011,9,2011-09,2011Q3,12,4,12:04:00,Morning,,,,,,,,,,,,,,,
566763,84708B,PINK JEWELLED PHOTO FRAME ,-5,2011-09-14 17:48:00,0.0,,United Kingdom,,True,False,False,True,True,-0.0,2011,9,2011-09,2011Q3,17,48,17:48:00,Afternoon,,,,,,,,,,,,,,,
566764,23065,LARGE DECO JEWELLERY STAND,-13,2011-09-14 17:49:00,0.0,,United Kingdom,,True,False,False,True,True,-0.0,2011,9,2011-09,2011Q3,17,49,17:49:00,Afternoon,,,,,,,,,,,,,,,
566765,22244,3 HOOK HANGER MAGIC GARDEN,-9,2011-09-14 17:50:00,0.0,,United Kingdom,,True,False,False,True,True,-0.0,2011,9,2011-09,2011Q3,17,50,17:50:00,Afternoon,,,,,,,,,,,,,,,
566766,21311,SET/4 BIRD MIRROR MAGNETS ,-117,2011-09-14 17:51:00,0.0,,United Kingdom,,True,False,False,True,True,-0.0,2011,9,2011-09,2011Q3,17,51,17:51:00,Afternoon,,,,,,,,,,,,,,,
566767,20977,36 PENCILS TUBE WOODLAND,-188,2011-09-14 17:52:00,0.0,,United Kingdom,,True,False,False,True,True,-0.0,2011,9,2011-09,2011Q3,17,52,17:52:00,Afternoon,,,,,,,,,,,,,,,
566768,16045,POPART WOODEN PENCILS ASST,-3667,2011-09-14 17:53:00,0.0,,United Kingdom,,True,False,False,True,True,-0.0,2011,9,2011-09,2011Q3,17,53,17:53:00,Afternoon,,,,,,,,,,,,,,,
566977,48173C,DOORMAT BLACK FLOCK ,-54,2011-09-16 09:47:00,0.0,,United Kingdom,,True,False,False,True,True,-0.0,2011,9,2011-09,2011Q3,9,47,09:47:00,Morning,,,,,,,,,,,,,,,
567057,84725,FREESTYLE CANVAS ART PICTURE,-8,2011-09-16 11:39:00,0.0,,United Kingdom,,True,False,False,True,True,-0.0,2011,9,2011-09,2011Q3,11,39,11:39:00,Morning,,,,,,,,,,,,,,,
567058,22453,MEASURING TAPE BABUSHKA BLUE,-12,2011-09-16 11:40:00,0.0,,United Kingdom,,True,False,False,True,True,-0.0,2011,9,2011-09,2011Q3,11,40,11:40:00,Morning,,,,,,,,,,,,,,,
567059,22452,MEASURING TAPE BABUSHKA PINK,-63,2011-09-16 11:41:00,0.0,,United Kingdom,,True,False,False,True,True,-0.0,2011,9,2011-09,2011Q3,11,41,11:41:00,Morning,,,,,,,,,,,,,,,
567060,22445,PENCIL CASE LIFE IS BEAUTIFUL,-62,2011-09-16 11:41:00,0.0,,United Kingdom,,True,False,False,True,True,-0.0,2011,9,2011-09,2011Q3,11,41,11:41:00,Morning,,,,,,,,,,,,,,,
567061,84877B,GREEN ROUND COMPACT MIRROR,-27,2011-09-16 11:42:00,0.0,,United Kingdom,,True,False,False,True,True,-0.0,2011,9,2011-09,2011Q3,11,42,11:42:00,Morning,,,,,,,,,,,,,,,
567063,23135,SMALL ZINC HEART WALL ORGANISER,-27,2011-09-16 11:50:00,0.0,,United Kingdom,,True,False,False,True,True,-0.0,2011,9,2011-09,2011Q3,11,50,11:50:00,Morning,,,,,,,,,,,,,,,
567113,85215,ASSORTED CHEESE FRIDGE MAGNETS,-29,2011-09-16 13:39:00,0.0,,United Kingdom,Damaged,True,False,False,True,True,-0.0,2011,9,2011-09,2011Q3,13,39,13:39:00,Afternoon,,,,,,,,,,,,,,,
567125,21246,RED RETROSPOT BIG BOWL,-2,2011-09-16 13:49:00,0.0,,United Kingdom,damaged,True,False,False,True,True,-0.0,2011,9,2011-09,2011Q3,13,49,13:49:00,Afternoon,,,,,,,,,,,,,,,
567127,85230E,STRAWBRY SCENTED VOTIVE CANDLE,-48,2011-09-16 14:01:00,0.0,,United Kingdom,Damaged,True,False,False,True,True,-0.0,2011,9,2011-09,2011Q3,14,1,14:01:00,Afternoon,,,,,,,,,,,,,,,
567132,21830,ASSORTED CREEPY CRAWLIES,-384,2011-09-16 14:14:00,0.0,,United Kingdom,OOPS ! adjustment,True,False,False,True,True,-0.0,2011,9,2011-09,2011Q3,14,14,14:14:00,Afternoon,,,,,,,,,,,,,,,
567143,21179,NO JUNK MAIL METAL SIGN,-14,2011-09-16 15:02:00,0.0,,United Kingdom,damaged,True,False,False,True,True,-0.0,2011,9,2011-09,2011Q3,15,2,15:02:00,Afternoon,,,,,,,,,,,,,,,
567149,35607B,BLACK FEATHER CHRISTMAS DECORATION,-9,2011-09-16 15:29:00,0.0,,United Kingdom,thrown away,True,False,False,True,True,-0.0,2011,9,2011-09,2011Q3,15,29,15:29:00,Afternoon,,,,,,,,,,,,,,,
567150,35817P,"ACRYLIC JEWEL SNOWFLAKE,PINK",-44,2011-09-16 15:29:00,0.0,,United Kingdom,thrown away,True,False,False,True,True,-0.0,2011,9,2011-09,2011Q3,15,29,15:29:00,Afternoon,,,,,,,,,,,,,,,
567363,23028,DRAWER KNOB CRACKLE GLAZE BLUE,-49,2011-09-19 16:58:00,0.0,,United Kingdom,,True,False,False,True,True,-0.0,2011,9,2011-09,2011Q3,16,58,16:58:00,Afternoon,,,,,,,,,,,,,,,
567364,22925,BLUE GIANT GARDEN THERMOMETER,-20,2011-09-19 16:58:00,0.0,,United Kingdom,,True,False,False,True,True,-0.0,2011,9,2011-09,2011Q3,16,58,16:58:00,Afternoon,,,,,,,,,,,,,,,
567366,21174,POTTERING IN THE SHED METAL SIGN,-138,2011-09-19 16:59:00,0.0,,United Kingdom,,True,False,False,True,True,-0.0,2011,9,2011-09,2011Q3,16,59,16:59:00,Afternoon,,,,,,,,,,,,,,,
567367,17012A,ORIGAMI VANILLA INCENSE/CANDLE SET ,-86,2011-09-19 17:15:00,0.0,,United Kingdom,,True,False,False,True,True,-0.0,2011,9,2011-09,2011Q3,17,15,17:15:00,Afternoon,,,,,,,,,,,,,,,
567629,40016,CHINESE DRAGON PAPER LANTERNS,-752,2011-09-21 13:21:00,0.0,,United Kingdom,?,True,False,False,True,True,-0.0,2011,9,2011-09,2011Q3,13,21,13:21:00,Afternoon,,,,,,,,,,,,,,,
567645,21447,12 IVORY ROSE PEG PLACE SETTINGS,-53,2011-09-21 14:27:00,0.0,,United Kingdom,,True,False,False,True,True,-0.0,2011,9,2011-09,2011Q3,14,27,14:27:00,Afternoon,,,,,,,,,,,,,,,
567693,85199L,LARGE HANGING IVORY & RED WOOD BIRD,-250,2011-09-21 17:26:00,0.0,,United Kingdom,?,True,False,False,True,True,-0.0,2011,9,2011-09,2011Q3,17,26,17:26:00,Afternoon,,,,,,,,,,,,,,,
567694,22665,RECIPE BOX BLUE SKETCHBOOK DESIGN,-24,2011-09-21 17:30:00,0.0,,United Kingdom,,True,False,False,True,True,-0.0,2011,9,2011-09,2011Q3,17,30,17:30:00,Afternoon,,,,,,,,,,,,,,,
567695,22688,DOORMAT PEACE ON EARTH BLUE,-42,2011-09-21 17:31:00,0.0,,United Kingdom,,True,False,False,True,True,-0.0,2011,9,2011-09,2011Q3,17,31,17:31:00,Afternoon,,,,,,,,,,,,,,,
567696,23091,ZINC HERB GARDEN CONTAINER,-15,2011-09-21 17:32:00,0.0,,United Kingdom,,True,False,False,True,True,-0.0,2011,9,2011-09,2011Q3,17,32,17:32:00,Afternoon,,,,,,,,,,,,,,,
567719,20980,36 PENCILS TUBE POSY,-7,2011-09-22 10:32:00,0.0,,United Kingdom,,True,False,False,True,True,-0.0,2011,9,2011-09,2011Q3,10,32,10:32:00,Morning,,,,,,,,,,,,,,,
567861,35597A,DUSTY PINK CHRISTMAS TREE 30CM,-14,2011-09-22 14:01:00,0.0,,United Kingdom,,True,False,False,True,True,-0.0,2011,9,2011-09,2011Q3,14,1,14:01:00,Afternoon,,,,,,,,,,,,,,,
567862,35591T,TURQUOISE CHRISTMAS TREE ,-4,2011-09-22 14:02:00,0.0,,United Kingdom,,True,False,False,True,True,-0.0,2011,9,2011-09,2011Q3,14,2,14:02:00,Afternoon,,,,,,,,,,,,,,,
567918,79163,BLACK CHAMPAGNE GLASS,-1,2011-09-22 17:20:00,0.0,,United Kingdom,damaged,True,False,False,True,True,-0.0,2011,9,2011-09,2011Q3,17,20,17:20:00,Afternoon,,,,,,,,,,,,,,,
567921,21089,SET/6 GREEN SPRING PAPER CUPS,-7,2011-09-22 17:24:00,0.0,,United Kingdom,damaged,True,False,False,True,True,-0.0,2011,9,2011-09,2011Q3,17,24,17:24:00,Afternoon,,,,,,,,,,,,,,,
567923,37343,POLKADOT MUG PINK ,-2,2011-09-22 17:24:00,0.0,,United Kingdom,damaged,True,False,False,True,True,-0.0,2011,9,2011-09,2011Q3,17,24,17:24:00,Afternoon,,,,,,,,,,,,,,,
567925,84876D,BLUE HEART COMPACT MIRROR,-2,2011-09-22 17:26:00,0.0,,United Kingdom,damaged,True,False,False,True,True,-0.0,2011,9,2011-09,2011Q3,17,26,17:26:00,Afternoon,,,,,,,,,,,,,,,
567927,21654,RIDGED GLASS FINGER BOWL,-3,2011-09-22 17:28:00,0.0,,United Kingdom,Damaged,True,False,False,True,True,-0.0,2011,9,2011-09,2011Q3,17,28,17:28:00,Afternoon,,,,,,,,,,,,,,,
567931,84563B,BLUE & WHITE BREAKFAST TRAY,-11,2011-09-22 17:38:00,0.0,,United Kingdom,damaged,True,False,False,True,True,-0.0,2011,9,2011-09,2011Q3,17,38,17:38:00,Afternoon,,,,,,,,,,,,,,,
567932,85213,MINI  ZINC GARDEN DECORATIONS ,-12,2011-09-22 17:39:00,0.0,,United Kingdom,,True,False,False,True,True,-0.0,2011,9,2011-09,2011Q3,17,39,17:39:00,Afternoon,,,,,,,,,,,,,,,
567933,84422,PINK/BLUE DISC/MIRROR STRING,-30,2011-09-22 17:49:00,0.0,,United Kingdom,Dagamed,True,False,False,True,True,-0.0,2011,9,2011-09,2011Q3,17,49,17:49:00,Afternoon,,,,,,,,,,,,,,,
568052,90209C,PINK ENAMEL+GLASS HAIR COMB,-3,2011-09-23 12:42:00,0.0,,United Kingdom,,True,False,False,True,True,-0.0,2011,9,2011-09,2011Q3,12,42,12:42:00,Morning,,,,,,,,,,,,,,,
568079,85197,SET OF 12 MINI BUNNIES IN A BUCKET,-1,2011-09-23 14:35:00,0.0,,United Kingdom,,True,False,False,True,True,-0.0,2011,9,2011-09,2011Q3,14,35,14:35:00,Afternoon,,,,,,,,,,,,,,,
568080,44236,PINK/PURPLE CIRCLE CURTAIN,-2,2011-09-23 14:35:00,0.0,,United Kingdom,,True,False,False,True,True,-0.0,2011,9,2011-09,2011Q3,14,35,14:35:00,Afternoon,,,,,,,,,,,,,,,
568081,84663A,GRASS HOPPER WOODEN WALL CLOCK ,-9,2011-09-23 14:36:00,0.0,,United Kingdom,,True,False,False,True,True,-0.0,2011,9,2011-09,2011Q3,14,36,14:36:00,Afternoon,,,,,,,,,,,,,,,
568084,84927A,WAKE UP COCKEREL TILE HOOK,-7,2011-09-23 14:38:00,0.0,,United Kingdom,,True,False,False,True,True,-0.0,2011,9,2011-09,2011Q3,14,38,14:38:00,Afternoon,,,,,,,,,,,,,,,
568087,85049D,BRIGHT BLUES RIBBONS ,-8,2011-09-23 14:40:00,0.0,,United Kingdom,,True,False,False,True,True,-0.0,2011,9,2011-09,2011Q3,14,40,14:40:00,Afternoon,,,,,,,,,,,,,,,
568088,21641,ASSORTED TUTTI FRUTTI KEYRING BALL,-49,2011-09-23 14:40:00,0.0,,United Kingdom,,True,False,False,True,True,-0.0,2011,9,2011-09,2011Q3,14,40,14:40:00,Afternoon,,,,,,,,,,,,,,,
568089,22245,"HOOK, 1 HANGER ,MAGIC GARDEN",-37,2011-09-23 14:41:00,0.0,,United Kingdom,,True,False,False,True,True,-0.0,2011,9,2011-09,2011Q3,14,41,14:41:00,Afternoon,,,,,,,,,,,,,,,
568090,20793,BLUE TILED TRAY,-5,2011-09-23 14:41:00,0.0,,United Kingdom,,True,False,False,True,True,-0.0,2011,9,2011-09,2011Q3,14,41,14:41:00,Afternoon,,,,,,,,,,,,,,,
568091,85211,S/4 GROOVY CAT MAGNETS,-3,2011-09-23 14:41:00,0.0,,United Kingdom,,True,False,False,True,True,-0.0,2011,9,2011-09,2011Q3,14,41,14:41:00,Afternoon,,,,,,,,,,,,,,,
568093,20773,BLUE PAISLEY NOTEBOOK,-9,2011-09-23 14:42:00,0.0,,United Kingdom,,True,False,False,True,True,-0.0,2011,9,2011-09,2011Q3,14,42,14:42:00,Afternoon,,,,,,,,,,,,,,,
568233,21586,KINGS CHOICE GIANT TUBE MATCHES,-147,2011-09-26 11:37:00,0.0,,United Kingdom,,True,False,False,True,True,-0.0,2011,9,2011-09,2011Q3,11,37,11:37:00,Morning,,,,,,,,,,,,,,,
568302,20700,GREEN CAT FLORAL CUSHION COVER ,-121,2011-09-26 12:46:00,0.0,,United Kingdom,?,True,False,False,True,True,-0.0,2011,9,2011-09,2011Q3,12,46,12:46:00,Morning,,,,,,,,,,,,,,,
568371,22687,DOORMAT CHRISTMAS VILLAGE,-41,2011-09-26 16:48:00,0.0,,United Kingdom,,True,False,False,True,True,-0.0,2011,9,2011-09,2011Q3,16,48,16:48:00,Afternoon,,,,,,,,,,,,,,,
568372,90082D,DIAMANTE BOW BROOCH BLACK COLOUR,-19,2011-09-26 16:54:00,0.0,,United Kingdom,,True,False,False,True,True,-0.0,2011,9,2011-09,2011Q3,16,54,16:54:00,Afternoon,,,,,,,,,,,,,,,
568401,21394,RED POLKADOT BEAKER ,-35,2011-09-27 10:30:00,0.0,,United Kingdom,damages,True,False,False,True,True,-0.0,2011,9,2011-09,2011Q3,10,30,10:30:00,Morning,,,,,,,,,,,,,,,
568403,84905,PINK BUTTERFLY CUSHION COVER ,-3,2011-09-27 10:35:00,0.0,,United Kingdom,,True,False,False,True,True,-0.0,2011,9,2011-09,2011Q3,10,35,10:35:00,Morning,,,,,,,,,,,,,,,
568404,22497,SET OF 2 TINS VINTAGE BATHROOM ,-17,2011-09-27 10:36:00,0.0,,United Kingdom,,True,False,False,True,True,-0.0,2011,9,2011-09,2011Q3,10,36,10:36:00,Morning,,,,,,,,,,,,,,,
568405,22893,MINI CAKE STAND T-LIGHT HOLDER,-42,2011-09-27 10:36:00,0.0,,United Kingdom,,True,False,False,True,True,-0.0,2011,9,2011-09,2011Q3,10,36,10:36:00,Morning,,,,,,,,,,,,,,,
568406,18094C,WHITE AND BLUE CERAMIC OIL BURNER,-67,2011-09-27 10:37:00,0.0,,United Kingdom,,True,False,False,True,True,-0.0,2011,9,2011-09,2011Q3,10,37,10:37:00,Morning,,,,,,,,,,,,,,,
568407,84660A,WHITE STITCHED WALL CLOCK,-8,2011-09-27 10:38:00,0.0,,United Kingdom,,True,False,False,True,True,-0.0,2011,9,2011-09,2011Q3,10,38,10:38:00,Morning,,,,,,,,,,,,,,,
568442,37327,ASSTD MULTICOLOUR CIRCLES MUG,-131,2011-09-27 11:31:00,0.0,,United Kingdom,damages,True,False,False,True,True,-0.0,2011,9,2011-09,2011Q3,11,31,11:31:00,Morning,,,,,,,,,,,,,,,
568543,84920,PINK FLOWER FABRIC PONY,-21,2011-09-27 14:33:00,0.0,,United Kingdom,,True,False,False,True,True,-0.0,2011,9,2011-09,2011Q3,14,33,14:33:00,Afternoon,,,,,,,,,,,,,,,
568545,22548,HEADS AND TAILS SPORTING FUN,-70,2011-09-27 14:34:00,0.0,,United Kingdom,,True,False,False,True,True,-0.0,2011,9,2011-09,2011Q3,14,34,14:34:00,Afternoon,,,,,,,,,,,,,,,
568546,22409,MONEY BOX BISCUITS DESIGN,-20,2011-09-27 14:35:00,0.0,,United Kingdom,,True,False,False,True,True,-0.0,2011,9,2011-09,2011Q3,14,35,14:35:00,Afternoon,,,,,,,,,,,,,,,
568724,84816,DANISH ROSE BEDSIDE CABINET,-21,2011-09-28 16:27:00,0.0,,United Kingdom,damages,True,False,False,True,True,-0.0,2011,9,2011-09,2011Q3,16,27,16:27:00,Afternoon,,,,,,,,,,,,,,,
568725,79000,MOROCCAN TEA GLASS,-209,2011-09-28 16:28:00,0.0,,United Kingdom,,True,False,False,True,True,-0.0,2011,9,2011-09,2011Q3,16,28,16:28:00,Afternoon,,,,,,,,,,,,,,,
569098,21098,CHRISTMAS TOILET ROLL,-231,2011-09-30 12:09:00,0.0,,United Kingdom,damages?,True,False,False,True,True,-0.0,2011,9,2011-09,2011Q3,12,9,12:09:00,Morning,,,,,,,,,,,,,,,
569102,21098,CHRISTMAS TOILET ROLL,-129,2011-09-30 12:25:00,0.0,,United Kingdom,,True,False,False,True,True,-0.0,2011,9,2011-09,2011Q3,12,25,12:25:00,Morning,,,,,,,,,,,,,,,
569121,21244,BLUE POLKADOT PLATE ,-38,2011-09-30 13:03:00,0.0,,United Kingdom,,True,False,False,True,True,-0.0,2011,9,2011-09,2011Q3,13,3,13:03:00,Afternoon,,,,,,,,,,,,,,,
569131,22927,GREEN GIANT GARDEN THERMOMETER,-5,2011-09-30 13:49:00,0.0,,United Kingdom,damaged,True,False,False,True,True,-0.0,2011,9,2011-09,2011Q3,13,49,13:49:00,Afternoon,,,,,,,,,,,,,,,
569256,20774,GREEN FERN NOTEBOOK,-14,2011-10-03 11:15:00,0.0,,United Kingdom,damaged,True,False,False,True,True,-0.0,2011,10,2011-10,2011Q4,11,15,11:15:00,Morning,,,,,,,,,,,,,,,
569335,84660A,WHITE STITCHED WALL CLOCK,-15,2011-10-03 13:57:00,0.0,,United Kingdom,damaged,True,False,False,True,True,-0.0,2011,10,2011-10,2011Q4,13,57,13:57:00,Afternoon,,,,,,,,,,,,,,,
569341,82600,NO SINGING METAL SIGN,-458,2011-10-03 14:19:00,0.0,,United Kingdom,historic computer difference?....se,True,False,False,True,True,-0.0,2011,10,2011-10,2011Q4,14,19,14:19:00,Afternoon,,,,,,,,,,,,,,,
569347,85086A,CANDY SPOT HEART DECORATION,-6,2011-10-03 14:38:00,0.0,,United Kingdom,,True,False,False,True,True,-0.0,2011,10,2011-10,2011Q4,14,38,14:38:00,Afternoon,,,,,,,,,,,,,,,
569376,85106,CUT GLASS HEXAGON T-LIGHT HOLDER,-9,2011-10-03 16:29:00,0.0,,United Kingdom,,True,False,False,True,True,-0.0,2011,10,2011-10,2011Q4,16,29,16:29:00,Afternoon,,,,,,,,,,,,,,,
569377,22784,LANTERN CREAM GAZEBO ,-14,2011-10-03 16:30:00,0.0,,United Kingdom,,True,False,False,True,True,-0.0,2011,10,2011-10,2011Q4,16,30,16:30:00,Afternoon,,,,,,,,,,,,,,,
569378,72799F,IVORY PILLAR CANDLE GOLD FLOCK,-5,2011-10-03 16:31:00,0.0,,United Kingdom,,True,False,False,True,True,-0.0,2011,10,2011-10,2011Q4,16,31,16:31:00,Afternoon,,,,,,,,,,,,,,,
569379,16015,MEDIUM CHINESE STYLE SCISSOR,-69,2011-10-03 16:33:00,0.0,,United Kingdom,,True,False,False,True,True,-0.0,2011,10,2011-10,2011Q4,16,33,16:33:00,Afternoon,,,,,,,,,,,,,,,
569380,21809,CHRISTMAS HANGING TREE WITH BELL,-140,2011-10-03 16:40:00,0.0,,United Kingdom,,True,False,False,True,True,-0.0,2011,10,2011-10,2011Q4,16,40,16:40:00,Afternoon,,,,,,,,,,,,,,,
569391,84625C,BLUE NEW BAROQUE CANDLESTICK CANDLE,-32,2011-10-03 17:13:00,0.0,,United Kingdom,,True,False,False,True,True,-0.0,2011,10,2011-10,2011Q4,17,13,17:13:00,Afternoon,,,,,,,,,,,,,,,
569392,47504K,ENGLISH ROSE GARDEN SECATEURS,-275,2011-10-03 17:15:00,0.0,,United Kingdom,,True,False,False,True,True,-0.0,2011,10,2011-10,2011Q4,17,15,17:15:00,Afternoon,,,,,,,,,,,,,,,
569393,23152,IVORY SWEETHEART WIRE LETTER RACK ,-23,2011-10-03 17:15:00,0.0,,United Kingdom,,True,False,False,True,True,-0.0,2011,10,2011-10,2011Q4,17,15,17:15:00,Afternoon,,,,,,,,,,,,,,,
569394,21163,DO NOT TOUCH MY STUFF DOOR HANGER ,-70,2011-10-03 17:16:00,0.0,,United Kingdom,,True,False,False,True,True,-0.0,2011,10,2011-10,2011Q4,17,16,17:16:00,Afternoon,,,,,,,,,,,,,,,
569464,23268,SET OF 2 CERAMIC CHRISTMAS REINDEER,-1440,2011-10-04 11:40:00,0.0,,United Kingdom,Incorrect stock entry.,True,False,False,True,True,-0.0,2011,10,2011-10,2011Q4,11,40,11:40:00,Morning,,,,,,,,,,,,,,,
569465,23269,SET OF 2 CERAMIC CHRISTMAS TREES,-1440,2011-10-04 11:41:00,0.0,,United Kingdom,incorrect stock entry.,True,False,False,True,True,-0.0,2011,10,2011-10,2011Q4,11,41,11:41:00,Morning,,,,,,,,,,,,,,,
569466,23270,SET OF 2 CERAMIC PAINTED HEARTS ,-2880,2011-10-04 11:42:00,0.0,,United Kingdom,incorrect stock entry.,True,False,False,True,True,-0.0,2011,10,2011-10,2011Q4,11,42,11:42:00,Morning,,,,,,,,,,,,,,,
569817,21870,I CAN ONLY PLEASE ONE PERSON MUG,-26,2011-10-06 12:09:00,0.0,,United Kingdom,,True,False,False,True,True,-0.0,2011,10,2011-10,2011Q4,12,9,12:09:00,Morning,,,,,,,,,,,,,,,
569831,20713,JUMBO BAG OWLS,-800,2011-10-06 12:38:00,0.0,,United Kingdom,wrongly coded-23343,True,False,False,True,True,-0.0,2011,10,2011-10,2011Q4,12,38,12:38:00,Morning,,,,,,,,,,,,,,,
569854,35954,SMALL FOLKART STAR CHRISTMAS DEC,-430,2011-10-06 14:26:00,0.0,,United Kingdom,counted,True,False,False,True,True,-0.0,2011,10,2011-10,2011Q4,14,26,14:26:00,Afternoon,,,,,,,,,,,,,,,
569855,23412,HEART MIRROR ANTIQUE WHITE,-30,2011-10-06 14:27:00,0.0,,United Kingdom,?,True,False,False,True,True,-0.0,2011,10,2011-10,2011Q4,14,27,14:27:00,Afternoon,,,,,,,,,,,,,,,
569874,90180A,BLACK+WHITE NECKLACE W TASSEL,-32,2011-10-06 15:06:00,0.0,,United Kingdom,stock check,True,False,False,True,True,-0.0,2011,10,2011-10,2011Q4,15,6,15:06:00,Afternoon,,,,,,,,,,,,,,,
569875,90195A,PURPLE GEMSTONE BRACELET,-45,2011-10-06 15:07:00,0.0,,United Kingdom,check,True,False,False,True,True,-0.0,2011,10,2011-10,2011Q4,15,7,15:07:00,Afternoon,,,,,,,,,,,,,,,
569876,90210D,PURPLE ACRYLIC FACETED BANGLE,-28,2011-10-06 15:08:00,0.0,,United Kingdom,check,True,False,False,True,True,-0.0,2011,10,2011-10,2011Q4,15,8,15:08:00,Afternoon,,,,,,,,,,,,,,,
569877,90210C,RED   ACRYLIC FACETED BANGLE,-10,2011-10-06 15:09:00,0.0,,United Kingdom,,True,False,False,True,True,-0.0,2011,10,2011-10,2011Q4,15,9,15:09:00,Afternoon,,,,,,,,,,,,,,,
569878,90057,DIAMANTE RING ASSORTED IN BOX.,-380,2011-10-06 15:12:00,0.0,,United Kingdom,crushed boxes,True,False,False,True,True,-0.0,2011,10,2011-10,2011Q4,15,12,15:12:00,Afternoon,,,,,,,,,,,,,,,
569879,90012B,BLACK DROP CRYSTAL NECKLACE,-5,2011-10-06 15:13:00,0.0,,United Kingdom,check,True,False,False,True,True,-0.0,2011,10,2011-10,2011Q4,15,13,15:13:00,Afternoon,,,,,,,,,,,,,,,
569880,90012A,MIDNIGHT BLUE DROP CRYSTAL NECKLACE,-18,2011-10-06 15:14:00,0.0,,United Kingdom,stock check,True,False,False,True,True,-0.0,2011,10,2011-10,2011Q4,15,14,15:14:00,Afternoon,,,,,,,,,,,,,,,
569881,90014C,SILVER AND BLACK ORBIT NECKLACE,-8,2011-10-06 15:14:00,0.0,,United Kingdom,,True,False,False,True,True,-0.0,2011,10,2011-10,2011Q4,15,14,15:14:00,Afternoon,,,,,,,,,,,,,,,
569882,90014B,GOLD M PEARL  ORBIT NECKLACE,-1,2011-10-06 15:15:00,0.0,,United Kingdom,,True,False,False,True,True,-0.0,2011,10,2011-10,2011Q4,15,15,15:15:00,Afternoon,,,,,,,,,,,,,,,
569883,90014A,SILVER/MOP ORBIT NECKLACE,-12,2011-10-06 15:16:00,0.0,,United Kingdom,check,True,False,False,True,True,-0.0,2011,10,2011-10,2011Q4,15,16,15:16:00,Afternoon,,,,,,,,,,,,,,,
569884,90164B,WHITE  ROSEBUD PEARL BRACELET,-14,2011-10-06 15:16:00,0.0,,United Kingdom,,True,False,False,True,True,-0.0,2011,10,2011-10,2011Q4,15,16,15:16:00,Afternoon,,,,,,,,,,,,,,,
569885,90164A,PINK ROSEBUD PEARL BRACELET,-15,2011-10-06 15:17:00,0.0,,United Kingdom,,True,False,False,True,True,-0.0,2011,10,2011-10,2011Q4,15,17,15:17:00,Afternoon,,,,,,,,,,,,,,,
569886,90191,SILVER LARIAT 40CM,-60,2011-10-06 15:24:00,0.0,,United Kingdom,??,True,False,False,True,True,-0.0,2011,10,2011-10,2011Q4,15,24,15:24:00,Afternoon,,,,,,,,,,,,,,,
570013,21395,BLUE POLKADOT BEAKER ,-38,2011-10-07 09:55:00,0.0,,United Kingdom,,True,False,False,True,True,-0.0,2011,10,2011-10,2011Q4,9,55,09:55:00,Morning,,,,,,,,,,,,,,,
570110,22570,FELTCRAFT CUSHION RABBIT,-74,2011-10-07 12:27:00,0.0,,United Kingdom,?,True,False,False,True,True,-0.0,2011,10,2011-10,2011Q4,12,27,12:27:00,Morning,,,,,,,,,,,,,,,
570112,22569,FELTCRAFT CUSHION BUTTERFLY,-84,2011-10-07 12:29:00,0.0,,United Kingdom,?,True,False,False,True,True,-0.0,2011,10,2011-10,2011Q4,12,29,12:29:00,Morning,,,,,,,,,,,,,,,
570185,21090,SET/6 COLLAGE PAPER PLATES,-192,2011-10-07 14:56:00,0.0,,United Kingdom,WET/MOULDY,True,False,False,True,True,-0.0,2011,10,2011-10,2011Q4,14,56,14:56:00,Afternoon,,,,,,,,,,,,,,,
570193,22449,SILK PURSE BABUSHKA PINK,-125,2011-10-07 15:32:00,0.0,,United Kingdom,can't find,True,False,False,True,True,-0.0,2011,10,2011-10,2011Q4,15,32,15:32:00,Afternoon,,,,,,,,,,,,,,,
570259,22336,DOVE DECORATION PAINTED ZINC ,-114,2011-10-10 09:59:00,0.0,,United Kingdom,,True,False,False,True,True,-0.0,2011,10,2011-10,2011Q4,9,59,09:59:00,Morning,,,,,,,,,,,,,,,
570260,35933,PINK STOCKING CHRISTMAS DECORATION,-34,2011-10-10 10:00:00,0.0,,United Kingdom,,True,False,False,True,True,-0.0,2011,10,2011-10,2011Q4,10,0,10:00:00,Morning,,,,,,,,,,,,,,,
570262,35954,SMALL FOLKART STAR CHRISTMAS DEC,-80,2011-10-10 10:00:00,0.0,,United Kingdom,,True,False,False,True,True,-0.0,2011,10,2011-10,2011Q4,10,0,10:00:00,Morning,,,,,,,,,,,,,,,
570264,21288,STRIPEY CHOCOLATE NESTING BOXES,-22,2011-10-10 10:03:00,0.0,,United Kingdom,,True,False,False,True,True,-0.0,2011,10,2011-10,2011Q4,10,3,10:03:00,Morning,,,,,,,,,,,,,,,
570294,84249A,"GREETING CARD,SQUARE, DOUGHNUTS",-25,2011-10-10 12:00:00,0.0,,United Kingdom,damaged,True,False,False,True,True,-0.0,2011,10,2011-10,2011Q4,12,0,12:00:00,Morning,,,,,,,,,,,,,,,
570403,47574A,ENGLISH ROSE SCENTED HANGING FLOWER,-61,2011-10-10 12:45:00,0.0,,United Kingdom,check,True,False,False,True,True,-0.0,2011,10,2011-10,2011Q4,12,45,12:45:00,Morning,,,,,,,,,,,,,,,
570440,21424,WOODLAND STORAGE BOX LARGE ,-40,2011-10-10 14:31:00,0.0,,United Kingdom,damages,True,False,False,True,True,-0.0,2011,10,2011-10,2011Q4,14,31,14:31:00,Afternoon,,,,,,,,,,,,,,,
570595,21823,PAINTED METAL HEART WITH HOLLY BELL,-94,2011-10-11 11:47:00,0.0,,United Kingdom,check,True,False,False,True,True,-0.0,2011,10,2011-10,2011Q4,11,47,11:47:00,Morning,,,,,,,,,,,,,,,
570596,21803,CHRISTMAS TREE STAR DECORATION,-38,2011-10-11 11:48:00,0.0,,United Kingdom,check,True,False,False,True,True,-0.0,2011,10,2011-10,2011Q4,11,48,11:48:00,Morning,,,,,,,,,,,,,,,
570599,84596G,SMALL CHOCOLATES PINK BOWL,-365,2011-10-11 12:00:00,0.0,,United Kingdom,??,True,False,False,True,True,-0.0,2011,10,2011-10,2011Q4,12,0,12:00:00,Morning,,,,,,,,,,,,,,,
570691,85231G,ORANGE SCENTED SET/9 T-LIGHTS,-110,2011-10-11 16:44:00,0.0,,United Kingdom,check,True,False,False,True,True,-0.0,2011,10,2011-10,2011Q4,16,44,16:44:00,Afternoon,,,,,,,,,,,,,,,
570711,21622,VINTAGE UNION JACK CUSHION COVER,-45,2011-10-12 10:14:00,0.0,,United Kingdom,damages,True,False,False,True,True,-0.0,2011,10,2011-10,2011Q4,10,14,10:14:00,Morning,,,,,,,,,,,,,,,
570712,22121,NOEL WOODEN BLOCK LETTERS ,-90,2011-10-12 10:15:00,0.0,,United Kingdom,?,True,False,False,True,True,-0.0,2011,10,2011-10,2011Q4,10,15,10:15:00,Morning,,,,,,,,,,,,,,,
570873,23322,LARGE WHITE HEART OF WICKER,-40,2011-10-12 16:41:00,0.0,,United Kingdom,mouldy,True,False,False,True,True,-0.0,2011,10,2011-10,2011Q4,16,41,16:41:00,Afternoon,,,,,,,,,,,,,,,
570874,23020,GLASS  SONGBIRD STORAGE JAR,-4,2011-10-12 16:42:00,0.0,,United Kingdom,smashed,True,False,False,True,True,-0.0,2011,10,2011-10,2011Q4,16,42,16:42:00,Afternoon,,,,,,,,,,,,,,,
571010,22848,BREAD BIN DINER STYLE PINK,-16,2011-10-13 12:13:00,0.0,,United Kingdom,,True,False,False,True,True,-0.0,2011,10,2011-10,2011Q4,12,13,12:13:00,Morning,,,,,,,,,,,,,,,
571011,21078,SET/20 STRAWBERRY PAPER NAPKINS ,-207,2011-10-13 12:13:00,0.0,,United Kingdom,,True,False,False,True,True,-0.0,2011,10,2011-10,2011Q4,12,13,12:13:00,Morning,,,,,,,,,,,,,,,
571012,21402,RED  EGG  SPOON,-147,2011-10-13 12:15:00,0.0,,United Kingdom,,True,False,False,True,True,-0.0,2011,10,2011-10,2011Q4,12,15,12:15:00,Morning,,,,,,,,,,,,,,,
571013,23306,SET OF 36 DOILIES PANTRY DESIGN,-104,2011-10-13 12:16:00,0.0,,United Kingdom,,True,False,False,True,True,-0.0,2011,10,2011-10,2011Q4,12,16,12:16:00,Morning,,,,,,,,,,,,,,,
571024,22812,PACK 3 BOXES CHRISTMAS PANNETONE,-270,2011-10-13 12:18:00,0.0,,United Kingdom,?,True,False,False,True,True,-0.0,2011,10,2011-10,2011Q4,12,18,12:18:00,Morning,,,,,,,,,,,,,,,
571027,72816,SET/3 CHRISTMAS DECOUPAGE CANDLES,-36,2011-10-13 12:19:00,0.0,,United Kingdom,,True,False,False,True,True,-0.0,2011,10,2011-10,2011Q4,12,19,12:19:00,Morning,,,,,,,,,,,,,,,
571037,20669,RED HEART LUGGAGE TAG,-25,2011-10-13 12:58:00,0.0,,United Kingdom,,True,False,False,True,True,-0.0,2011,10,2011-10,2011Q4,12,58,12:58:00,Morning,,,,,,,,,,,,,,,
571112,22637,PIGGY BANK RETROSPOT ,-65,2011-10-13 17:36:00,0.0,,United Kingdom,damages,True,False,False,True,True,-0.0,2011,10,2011-10,2011Q4,17,36,17:36:00,Afternoon,,,,,,,,,,,,,,,
571113,21407,BROWN CHECK CAT DOORSTOP ,-19,2011-10-13 17:37:00,0.0,,United Kingdom,,True,False,False,True,True,-0.0,2011,10,2011-10,2011Q4,17,37,17:37:00,Afternoon,,,,,,,,,,,,,,,
571114,23159,SET OF 5 PANCAKE DAY MAGNETS,-99,2011-10-13 17:40:00,0.0,,United Kingdom,,True,False,False,True,True,-0.0,2011,10,2011-10,2011Q4,17,40,17:40:00,Afternoon,,,,,,,,,,,,,,,
571115,82567,"AIRLINE LOUNGE,METAL SIGN",-73,2011-10-13 17:40:00,0.0,,United Kingdom,,True,False,False,True,True,-0.0,2011,10,2011-10,2011Q4,17,40,17:40:00,Afternoon,,,,,,,,,,,,,,,
571116,23131,MISTLETOE HEART WREATH CREAM,-49,2011-10-13 17:46:00,0.0,,United Kingdom,?,True,False,False,True,True,-0.0,2011,10,2011-10,2011Q4,17,46,17:46:00,Afternoon,,,,,,,,,,,,,,,
571124,72802A,ROSE SCENT CANDLE IN JEWELLED BOX,-306,2011-10-14 09:36:00,0.0,,United Kingdom,Wet pallet-thrown away,True,False,False,True,True,-0.0,2011,10,2011-10,2011Q4,9,36,09:36:00,Morning,,,,,,,,,,,,,,,
571126,72802A,ROSE SCENT CANDLE IN JEWELLED BOX,-50,2011-10-14 09:53:00,0.0,,United Kingdom,?,True,False,False,True,True,-0.0,2011,10,2011-10,2011Q4,9,53,09:53:00,Morning,,,,,,,,,,,,,,,
571130,72802C,VANILLA SCENT CANDLE JEWELLED BOX,-37,2011-10-14 10:05:00,0.0,,United Kingdom,check,True,False,False,True,True,-0.0,2011,10,2011-10,2011Q4,10,5,10:05:00,Morning,,,,,,,,,,,,,,,
571131,72802B,OCEAN SCENT CANDLE IN JEWELLED BOX,-51,2011-10-14 10:13:00,0.0,,United Kingdom,check,True,False,False,True,True,-0.0,2011,10,2011-10,2011Q4,10,13,10:13:00,Morning,,,,,,,,,,,,,,,
571254,23427,STOOL HOME SWEET HOME ,-2,2011-10-14 17:07:00,0.0,,United Kingdom,damaged,True,False,False,True,True,-0.0,2011,10,2011-10,2011Q4,17,7,17:07:00,Afternoon,,,,,,,,,,,,,,,
571458,21761,WOOD AND GLASS MEDICINE CABINET,-2,2011-10-17 14:02:00,0.0,,United Kingdom,damaged,True,False,False,True,True,-0.0,2011,10,2011-10,2011Q4,14,2,14:02:00,Afternoon,,,,,,,,,,,,,,,
571459,20839,FRENCH PAISLEY CUSHION COVER ,-80,2011-10-17 14:03:00,0.0,,United Kingdom,damages,True,False,False,True,True,-0.0,2011,10,2011-10,2011Q4,14,3,14:03:00,Afternoon,,,,,,,,,,,,,,,
571686,22149,FELTCRAFT 6 FLOWER FRIENDS,-40,2011-10-18 14:22:00,0.0,,United Kingdom,damages,True,False,False,True,True,-0.0,2011,10,2011-10,2011Q4,14,22,14:22:00,Afternoon,,,,,,,,,,,,,,,
571687,22149,FELTCRAFT 6 FLOWER FRIENDS,-46,2011-10-18 14:23:00,0.0,,United Kingdom,check,True,False,False,True,True,-0.0,2011,10,2011-10,2011Q4,14,23,14:23:00,Afternoon,,,,,,,,,,,,,,,
571689,85135B,BLUE DRAGONFLY HELICOPTER,-27,2011-10-18 14:28:00,0.0,,United Kingdom,,True,False,False,True,True,-0.0,2011,10,2011-10,2011Q4,14,28,14:28:00,Afternoon,,,,,,,,,,,,,,,
571723,85211,S/4 GROOVY CAT MAGNETS,-1,2011-10-18 17:30:00,0.0,,United Kingdom,,True,False,False,True,True,-0.0,2011,10,2011-10,2011Q4,17,30,17:30:00,Afternoon,,,,,,,,,,,,,,,
571915,21627,ELEPHANT CARNIVAL POUFFE,-32,2011-10-19 15:34:00,0.0,,United Kingdom,check,True,False,False,True,True,-0.0,2011,10,2011-10,2011Q4,15,34,15:34:00,Afternoon,,,,,,,,,,,,,,,
572341,85036A,GARDENIA 1 WICK MORRIS BOXED CANDLE,-82,2011-10-24 10:36:00,0.0,,United Kingdom,,True,False,False,True,True,-0.0,2011,10,2011-10,2011Q4,10,36,10:36:00,Morning,,,,,,,,,,,,,,,
572468,72803A,ROSE SCENT CANDLE JEWELLED DRAWER,-160,2011-10-24 13:30:00,0.0,,United Kingdom,damages,True,False,False,True,True,-0.0,2011,10,2011-10,2011Q4,13,30,13:30:00,Afternoon,,,,,,,,,,,,,,,
572477,20665,RED RETROSPOT PURSE ,-15,2011-10-24 13:39:00,0.0,,United Kingdom,adjustment,True,False,False,True,True,-0.0,2011,10,2011-10,2011Q4,13,39,13:39:00,Afternoon,,,,,,,,,,,,,,,
572480,22049,WRAP CHRISTMAS SCREEN PRINT,-100,2011-10-24 13:44:00,0.0,,United Kingdom,damaged,True,False,False,True,True,-0.0,2011,10,2011-10,2011Q4,13,44,13:44:00,Afternoon,,,,,,,,,,,,,,,
572514,20774,GREEN FERN NOTEBOOK,-4,2011-10-24 14:36:00,0.0,,United Kingdom,,True,False,False,True,True,-0.0,2011,10,2011-10,2011Q4,14,36,14:36:00,Afternoon,,,,,,,,,,,,,,,
572516,22336,DOVE DECORATION PAINTED ZINC ,-71,2011-10-24 14:45:00,0.0,,United Kingdom,damaged,True,False,False,True,True,-0.0,2011,10,2011-10,2011Q4,14,45,14:45:00,Afternoon,,,,,,,,,,,,,,,
572527,20984,12 PENCILS TALL TUBE POSY,-46,2011-10-24 15:35:00,0.0,,United Kingdom,damaged,True,False,False,True,True,-0.0,2011,10,2011-10,2011Q4,15,35,15:35:00,Afternoon,,,,,,,,,,,,,,,
572533,84877D,BLUE ROUND COMPACT MIRROR,-1,2011-10-24 16:06:00,0.0,,United Kingdom,,True,False,False,True,True,-0.0,2011,10,2011-10,2011Q4,16,6,16:06:00,Afternoon,,,,,,,,,,,,,,,
572534,35597D,,-2,2011-10-24 16:07:00,0.0,,United Kingdom,,True,True,False,True,True,-0.0,2011,10,2011-10,2011Q4,16,7,16:07:00,Afternoon,,,,,,,,,,,,,,,
572536,21294,ETCHED GLASS COASTER,-8,2011-10-24 16:08:00,0.0,,United Kingdom,,True,False,False,True,True,-0.0,2011,10,2011-10,2011Q4,16,8,16:08:00,Afternoon,,,,,,,,,,,,,,,
572543,22570,FELTCRAFT CUSHION RABBIT,-32,2011-10-24 16:24:00,0.0,,United Kingdom,,True,False,False,True,True,-0.0,2011,10,2011-10,2011Q4,16,24,16:24:00,Afternoon,,,,,,,,,,,,,,,
572548,23343,JUMBO BAG VINTAGE CHRISTMAS ,-200,2011-10-24 17:01:00,0.0,,United Kingdom,20713 wrongly marked,True,False,False,True,True,-0.0,2011,10,2011-10,2011Q4,17,1,17:01:00,Afternoon,,,,,,,,,,,,,,,
572557,22427,ENAMEL FLOWER JUG CREAM,-29,2011-10-24 17:44:00,0.0,,United Kingdom,damages,True,False,False,True,True,-0.0,2011,10,2011-10,2011Q4,17,44,17:44:00,Afternoon,,,,,,,,,,,,,,,
572564,40016,CHINESE DRAGON PAPER LANTERNS,-108,2011-10-25 09:56:00,0.0,,United Kingdom,,True,False,False,True,True,-0.0,2011,10,2011-10,2011Q4,9,56,09:56:00,Morning,,,,,,,,,,,,,,,
572615,23595,adjustment,-5,2011-10-25 11:39:00,0.0,,United Kingdom,re-adjustment,True,False,False,True,True,-0.0,2011,10,2011-10,2011Q4,11,39,11:39:00,Morning,,,,,,,,,,,,,,,
572684,23029,DRAWER KNOB CRACKLE GLAZE GREEN,-20,2011-10-25 14:00:00,0.0,,United Kingdom,damages,True,False,False,True,True,-0.0,2011,10,2011-10,2011Q4,14,0,14:00:00,Afternoon,,,,,,,,,,,,,,,
572685,23032,DRAWER KNOB CRACKLE GLAZE IVORY,-60,2011-10-25 14:01:00,0.0,,United Kingdom,damages,True,False,False,True,True,-0.0,2011,10,2011-10,2011Q4,14,1,14:01:00,Afternoon,,,,,,,,,,,,,,,
572686,23118,PARISIENNE JEWELLERY DRAWER ,-30,2011-10-25 14:03:00,0.0,,United Kingdom,Breakages,True,False,False,True,True,-0.0,2011,10,2011-10,2011Q4,14,3,14:03:00,Afternoon,,,,,,,,,,,,,,,
572687,20840,FRENCH FLORAL CUSHION COVER ,-30,2011-10-25 14:05:00,0.0,,United Kingdom,damages,True,False,False,True,True,-0.0,2011,10,2011-10,2011Q4,14,5,14:05:00,Afternoon,,,,,,,,,,,,,,,
572689,84969,BOX OF 6 ASSORTED COLOUR TEASPOONS,-50,2011-10-25 14:13:00,0.0,,United Kingdom,check,True,False,False,True,True,-0.0,2011,10,2011-10,2011Q4,14,13,14:13:00,Afternoon,,,,,,,,,,,,,,,
572690,21539,RED RETROSPOT BUTTER DISH,-111,2011-10-25 14:14:00,0.0,,United Kingdom,damages?,True,False,False,True,True,-0.0,2011,10,2011-10,2011Q4,14,14,14:14:00,Afternoon,,,,,,,,,,,,,,,
572691,22426,ENAMEL WASH BOWL CREAM,-15,2011-10-25 14:15:00,0.0,,United Kingdom,check,True,False,False,True,True,-0.0,2011,10,2011-10,2011Q4,14,15,14:15:00,Afternoon,,,,,,,,,,,,,,,
572692,21071,VINTAGE BILLBOARD DRINK ME MUG,-82,2011-10-25 14:16:00,0.0,,United Kingdom,check,True,False,False,True,True,-0.0,2011,10,2011-10,2011Q4,14,16,14:16:00,Afternoon,,,,,,,,,,,,,,,
572693,35810A,ENAMEL PINK COFFEE CONTAINER,-78,2011-10-25 14:20:00,0.0,,United Kingdom,check,True,False,False,True,True,-0.0,2011,10,2011-10,2011Q4,14,20,14:20:00,Afternoon,,,,,,,,,,,,,,,
572699,72818,CHRISTMAS DECOUPAGE CANDLE,-48,2011-10-25 14:26:00,0.0,,United Kingdom,,True,False,False,True,True,-0.0,2011,10,2011-10,2011Q4,14,26,14:26:00,Afternoon,,,,,,,,,,,,,,,
572701,85078,SCANDINAVIAN 3 HEARTS NAPKIN RING,-840,2011-10-25 14:31:00,0.0,,United Kingdom,missing,True,False,False,True,True,-0.0,2011,10,2011-10,2011Q4,14,31,14:31:00,Afternoon,,,,,,,,,,,,,,,
572702,37479P,CUBIC MUG FLOCK PINK ON BROWN,-184,2011-10-25 14:33:00,0.0,,United Kingdom,??,True,False,False,True,True,-0.0,2011,10,2011-10,2011Q4,14,33,14:33:00,Afternoon,,,,,,,,,,,,,,,
572748,21824,PAINTED METAL STAR WITH HOLLY BELLS,-103,2011-10-25 16:50:00,0.0,,United Kingdom,check,True,False,False,True,True,-0.0,2011,10,2011-10,2011Q4,16,50,16:50:00,Afternoon,,,,,,,,,,,,,,,
572749,22572,ROCKING HORSE GREEN CHRISTMAS ,-335,2011-10-25 16:52:00,0.0,,United Kingdom,??,True,False,False,True,True,-0.0,2011,10,2011-10,2011Q4,16,52,16:52:00,Afternoon,,,,,,,,,,,,,,,
572759,37468,HARDMAN MUG 3 ASSORTED,-2,2011-10-25 18:45:00,0.0,,United Kingdom,,True,False,False,True,True,-0.0,2011,10,2011-10,2011Q4,18,45,18:45:00,Afternoon,,,,,,,,,,,,,,,
572891,23343,JUMBO BAG VINTAGE CHRISTMAS ,-400,2011-10-26 14:14:00,0.0,,United Kingdom,20713,True,False,False,True,True,-0.0,2011,10,2011-10,2011Q4,14,14,14:14:00,Afternoon,,,,,,,,,,,,,,,
572898,22180,RETROSPOT LAMP,-15,2011-10-26 14:50:00,0.0,,United Kingdom,,True,False,False,True,True,-0.0,2011,10,2011-10,2011Q4,14,50,14:50:00,Afternoon,,,,,,,,,,,,,,,
572919,72802C,VANILLA SCENT CANDLE JEWELLED BOX,-17,2011-10-26 16:49:00,0.0,,United Kingdom,check,True,False,False,True,True,-0.0,2011,10,2011-10,2011Q4,16,49,16:49:00,Afternoon,,,,,,,,,,,,,,,
572996,23462,ROCOCO WALL MIRROR WHITE,-34,2011-10-27 11:22:00,0.0,,United Kingdom,damages,True,False,False,True,True,-0.0,2011,10,2011-10,2011Q4,11,22,11:22:00,Morning,,,,,,,,,,,,,,,
573115,23343,JUMBO BAG VINTAGE CHRISTMAS ,-1000,2011-10-27 15:37:00,0.0,,United Kingdom,wrongly coded 20713,True,False,False,True,True,-0.0,2011,10,2011-10,2011Q4,15,37,15:37:00,Afternoon,,,,,,,,,,,,,,,
573118,85032D,YULETIDE IMAGES GIFT WRAP SET,-1,2011-10-27 16:19:00,0.0,,United Kingdom,damaged,True,False,False,True,True,-0.0,2011,10,2011-10,2011Q4,16,19,16:19:00,Afternoon,,,,,,,,,,,,,,,
573120,72816,SET/3 CHRISTMAS DECOUPAGE CANDLES,-1,2011-10-27 16:21:00,0.0,,United Kingdom,,True,False,False,True,True,-0.0,2011,10,2011-10,2011Q4,16,21,16:21:00,Afternoon,,,,,,,,,,,,,,,
573254,85135C,RED DRAGONFLY HELICOPTER,-49,2011-10-28 12:18:00,0.0,,United Kingdom,Damages,True,False,False,True,True,-0.0,2011,10,2011-10,2011Q4,12,18,12:18:00,Morning,,,,,,,,,,,,,,,
573258,85136C,RED SHARK HELICOPTER,-36,2011-10-28 12:19:00,0.0,,United Kingdom,damages,True,False,False,True,True,-0.0,2011,10,2011-10,2011Q4,12,19,12:19:00,Morning,,,,,,,,,,,,,,,
573259,85136A,YELLOW SHARK HELICOPTER,-77,2011-10-28 12:20:00,0.0,,United Kingdom,damages,True,False,False,True,True,-0.0,2011,10,2011-10,2011Q4,12,20,12:20:00,Morning,,,,,,,,,,,,,,,
573317,21804,WHITE CHRISTMAS GARLAND STARS TREES,-84,2011-10-28 18:09:00,0.0,,United Kingdom,,True,False,False,True,True,-0.0,2011,10,2011-10,2011Q4,18,9,18:09:00,Afternoon,,,,,,,,,,,,,,,
573318,84944,SET OF 6 KASHMIR FOLKART BAUBLES,-47,2011-10-28 18:11:00,0.0,,United Kingdom,,True,False,False,True,True,-0.0,2011,10,2011-10,2011Q4,18,11,18:11:00,Afternoon,,,,,,,,,,,,,,,
573463,17012B,ORIGAMI JASMINE INCENSE/CANDLE SET,-70,2011-10-31 10:56:00,0.0,,United Kingdom,check,True,False,False,True,True,-0.0,2011,10,2011-10,2011Q4,10,56,10:56:00,Morning,,,,,,,,,,,,,,,
573482,21181,PLEASE ONE PERSON METAL SIGN,-54,2011-10-31 11:20:00,0.0,,United Kingdom,check,True,False,False,True,True,-0.0,2011,10,2011-10,2011Q4,11,20,11:20:00,Morning,,,,,,,,,,,,,,,
573487,23400,SHELF WITH 4 HOOKS HOME SWEET HOME,-19,2011-10-31 11:46:00,0.0,,United Kingdom,check,True,False,False,True,True,-0.0,2011,10,2011-10,2011Q4,11,46,11:46:00,Morning,,,,,,,,,,,,,,,
573489,85035B,CHOCOLATE 3 WICK MORRIS BOX CANDLE,-36,2011-10-31 11:48:00,0.0,,United Kingdom,check,True,False,False,True,True,-0.0,2011,10,2011-10,2011Q4,11,48,11:48:00,Morning,,,,,,,,,,,,,,,
573490,85035A,GARDENIA 3 WICK MORRIS BOXED CANDLE,-59,2011-10-31 11:55:00,0.0,,United Kingdom,CHECK,True,False,False,True,True,-0.0,2011,10,2011-10,2011Q4,11,55,11:55:00,Morning,,,,,,,,,,,,,,,
573491,21618,4 WILDFLOWER BOTANICAL CANDLES,-54,2011-10-31 11:56:00,0.0,,United Kingdom,CHECK,True,False,False,True,True,-0.0,2011,10,2011-10,2011Q4,11,56,11:56:00,Morning,,,,,,,,,,,,,,,
573493,21619,4 VANILLA BOTANICAL CANDLES,-94,2011-10-31 11:57:00,0.0,,United Kingdom,check,True,False,False,True,True,-0.0,2011,10,2011-10,2011Q4,11,57,11:57:00,Morning,,,,,,,,,,,,,,,
573494,47503H,ASS FLORAL PRINT SPIRIT LEVEL ,-24,2011-10-31 11:57:00,0.0,,United Kingdom,check,True,False,False,True,True,-0.0,2011,10,2011-10,2011Q4,11,57,11:57:00,Morning,,,,,,,,,,,,,,,
573497,21642,ASSORTED TUTTI FRUTTI PEN,-138,2011-10-31 12:00:00,0.0,,United Kingdom,check,True,False,False,True,True,-0.0,2011,10,2011-10,2011Q4,12,0,12:00:00,Morning,,,,,,,,,,,,,,,
573498,21636,MADRAS NOTEBOOK MEDIUM,-22,2011-10-31 12:00:00,0.0,,United Kingdom,check,True,False,False,True,True,-0.0,2011,10,2011-10,2011Q4,12,0,12:00:00,Morning,,,,,,,,,,,,,,,
573499,21192,WHITE BELL HONEYCOMB PAPER ,-164,2011-10-31 12:01:00,0.0,,United Kingdom,check,True,False,False,True,True,-0.0,2011,10,2011-10,2011Q4,12,1,12:01:00,Morning,,,,,,,,,,,,,,,
573503,22595,GINGHAM HEART DECORATION,-80,2011-10-31 12:03:00,0.0,,United Kingdom,check,True,False,False,True,True,-0.0,2011,10,2011-10,2011Q4,12,3,12:03:00,Morning,,,,,,,,,,,,,,,
573505,85208,SET/12 FUNKY FELT FLOWER PEG IN BAG,-22,2011-10-31 12:09:00,0.0,,United Kingdom,check,True,False,False,True,True,-0.0,2011,10,2011-10,2011Q4,12,9,12:09:00,Morning,,,,,,,,,,,,,,,
573547,84818,DANISH ROSE PHOTO FRAME,-70,2011-10-31 13:21:00,0.0,,United Kingdom,damages,True,False,False,True,True,-0.0,2011,10,2011-10,2011Q4,13,21,13:21:00,Afternoon,,,,,,,,,,,,,,,
573590,79323G,"Unsaleable, destroyed.",-657,2011-10-31 15:15:00,0.0,,United Kingdom,"Unsaleable, destroyed.",True,False,False,True,True,-0.0,2011,10,2011-10,2011Q4,15,15,15:15:00,Afternoon,,,,,,,,,,,,,,,
573591,79323B,BLACK CHERRY LIGHTS,-1671,2011-10-31 15:15:00,0.0,,United Kingdom,"Unsaleable, destroyed.",True,False,False,True,True,-0.0,2011,10,2011-10,2011Q4,15,15,15:15:00,Afternoon,,,,,,,,,,,,,,,
573592,79323GR,"Unsaleable, destroyed.",-1158,2011-10-31 15:16:00,0.0,,United Kingdom,"Unsaleable, destroyed.",True,False,False,True,True,-0.0,2011,10,2011-10,2011Q4,15,16,15:16:00,Afternoon,,,,,,,,,,,,,,,
573593,79323LP,"Unsaleable, destroyed.",-2618,2011-10-31 15:16:00,0.0,,United Kingdom,"Unsaleable, destroyed.",True,False,False,True,True,-0.0,2011,10,2011-10,2011Q4,15,16,15:16:00,Afternoon,,,,,,,,,,,,,,,
573594,79323P,PINK CHERRY LIGHTS,-2003,2011-10-31 15:16:00,0.0,,United Kingdom,"Unsaleable, destroyed.",True,False,False,True,True,-0.0,2011,10,2011-10,2011Q4,15,16,15:16:00,Afternoon,,,,,,,,,,,,,,,
573595,79323S,"Unsaleable, destroyed.",-674,2011-10-31 15:17:00,0.0,,United Kingdom,"Unsaleable, destroyed.",True,False,False,True,True,-0.0,2011,10,2011-10,2011Q4,15,17,15:17:00,Afternoon,,,,,,,,,,,,,,,
573596,79323W,"Unsaleable, destroyed.",-4830,2011-10-31 15:17:00,0.0,,United Kingdom,"Unsaleable, destroyed.",True,False,False,True,True,-0.0,2011,10,2011-10,2011Q4,15,17,15:17:00,Afternoon,,,,,,,,,,,,,,,
573597,79341,"Unsaleable, destroyed.",-905,2011-10-31 15:18:00,0.0,,United Kingdom,"Unsaleable, destroyed.",True,False,False,True,True,-0.0,2011,10,2011-10,2011Q4,15,18,15:18:00,Afternoon,,,,,,,,,,,,,,,
573598,79342B,"Unsaleable, destroyed.",-1128,2011-10-31 15:18:00,0.0,,United Kingdom,"Unsaleable, destroyed.",True,False,False,True,True,-0.0,2011,10,2011-10,2011Q4,15,18,15:18:00,Afternoon,,,,,,,,,,,,,,,
573670,22176,BLUE OWL SOFT TOY,-28,2011-10-31 17:02:00,0.0,,United Kingdom,check,True,False,False,True,True,-0.0,2011,10,2011-10,2011Q4,17,2,17:02:00,Afternoon,,,,,,,,,,,,,,,
573672,22522,CHILDS GARDEN FORK BLUE ,-126,2011-10-31 17:04:00,0.0,,United Kingdom,check,True,False,False,True,True,-0.0,2011,10,2011-10,2011Q4,17,4,17:04:00,Afternoon,,,,,,,,,,,,,,,
573726,72817,SET OF 2 CHRISTMAS DECOUPAGE CANDLE,-67,2011-10-31 17:18:00,0.0,,United Kingdom,check,True,False,False,True,True,-0.0,2011,10,2011-10,2011Q4,17,18,17:18:00,Afternoon,,,,,,,,,,,,,,,
573734,72818,CHRISTMAS DECOUPAGE CANDLE,-26,2011-10-31 17:19:00,0.0,,United Kingdom,check,True,False,False,True,True,-0.0,2011,10,2011-10,2011Q4,17,19,17:19:00,Afternoon,,,,,,,,,,,,,,,
573752,46000S,POLYESTER FILLER PAD 40x40cm,-90,2011-11-01 09:34:00,0.0,,United Kingdom,dotcom sales,True,False,False,True,True,-0.0,2011,11,2011-11,2011Q4,9,34,09:34:00,Morning,,,,,,,,,,,,,,,
573815,20902,VINTAGE KEEPSAKE BOX PARIS DAYS,-3,2011-11-01 11:31:00,0.0,,United Kingdom,check,True,False,False,True,True,-0.0,2011,11,2011-11,2011Q4,11,31,11:31:00,Morning,,,,,,,,,,,,,,,
573816,20898,VINTAGE NOTEBOOK TRAVELOGUE,-10,2011-11-01 11:32:00,0.0,,United Kingdom,check,True,False,False,True,True,-0.0,2011,11,2011-11,2011Q4,11,32,11:32:00,Morning,,,,,,,,,,,,,,,
573919,21352,EUCALYPTUS & PINECONE  WREATH,-23,2011-11-01 17:39:00,0.0,,United Kingdom,check,True,False,False,True,True,-0.0,2011,11,2011-11,2011Q4,17,39,17:39:00,Afternoon,,,,,,,,,,,,,,,
574094,22147,FELTCRAFT BUTTERFLY HEARTS,-80,2011-11-03 09:46:00,0.0,,United Kingdom,check,True,False,False,True,True,-0.0,2011,11,2011-11,2011Q4,9,46,09:46:00,Morning,,,,,,,,,,,,,,,
574123,22652,TRAVEL SEWING KIT,-111,2011-11-03 10:55:00,0.0,,United Kingdom,check,True,False,False,True,True,-0.0,2011,11,2011-11,2011Q4,10,55,10:55:00,Morning,,,,,,,,,,,,,,,
574171,21818,GLITTER HEART DECORATION,-130,2011-11-03 11:45:00,0.0,,United Kingdom,check,True,False,False,True,True,-0.0,2011,11,2011-11,2011Q4,11,45,11:45:00,Morning,,,,,,,,,,,,,,,
574173,35923,CANDY HEART HANGING DECORATION,-42,2011-11-03 11:46:00,0.0,,United Kingdom,check,True,False,False,True,True,-0.0,2011,11,2011-11,2011Q4,11,46,11:46:00,Morning,,,,,,,,,,,,,,,
574176,85054,FRENCH ENAMEL POT W LID,-39,2011-11-03 11:48:00,0.0,,United Kingdom,check,True,False,False,True,True,-0.0,2011,11,2011-11,2011Q4,11,48,11:48:00,Morning,,,,,,,,,,,,,,,
574198,21159,MOODY BOY  DOOR HANGER ,-40,2011-11-03 12:00:00,0.0,,United Kingdom,damaged,True,False,False,True,True,-0.0,2011,11,2011-11,2011Q4,12,0,12:00:00,Morning,,,,,,,,,,,,,,,
574257,72818,CHRISTMAS DECOUPAGE CANDLE,-3,2011-11-03 13:46:00,0.0,,United Kingdom,,True,False,False,True,True,-0.0,2011,11,2011-11,2011Q4,13,46,13:46:00,Afternoon,,,,,,,,,,,,,,,
574516,22162,HEART GARLAND RUSTIC PADDED,-24,2011-11-04 13:38:00,0.0,,United Kingdom,,True,False,False,True,True,-0.0,2011,11,2011-11,2011Q4,13,38,13:38:00,Afternoon,,,,,,,,,,,,,,,
574520,21181,PLEASE ONE PERSON METAL SIGN,-6,2011-11-04 13:44:00,0.0,,United Kingdom,,True,False,False,True,True,-0.0,2011,11,2011-11,2011Q4,13,44,13:44:00,Afternoon,,,,,,,,,,,,,,,
574577,21519,GIN & TONIC DIET GREETING CARD ,-80,2011-11-04 17:09:00,0.0,,United Kingdom,check,True,False,False,True,True,-0.0,2011,11,2011-11,2011Q4,17,9,17:09:00,Afternoon,,,,,,,,,,,,,,,
574578,40001,WHITE BAMBOO RIBS LAMPSHADE,-240,2011-11-04 17:09:00,0.0,,United Kingdom,check,True,False,False,True,True,-0.0,2011,11,2011-11,2011Q4,17,9,17:09:00,Afternoon,,,,,,,,,,,,,,,
574579,72802B,OCEAN SCENT CANDLE IN JEWELLED BOX,-203,2011-11-04 17:14:00,0.0,,United Kingdom,check,True,False,False,True,True,-0.0,2011,11,2011-11,2011Q4,17,14,17:14:00,Afternoon,,,,,,,,,,,,,,,
574580,20751,FUNKY WASHING UP GLOVES ASSORTED,-35,2011-11-04 17:44:00,0.0,,United Kingdom,check,True,False,False,True,True,-0.0,2011,11,2011-11,2011Q4,17,44,17:44:00,Afternoon,,,,,,,,,,,,,,,
574581,23187,FRENCH STYLE STORAGE JAR BONBONS,-62,2011-11-04 17:45:00,0.0,,United Kingdom,check,True,False,False,True,True,-0.0,2011,11,2011-11,2011Q4,17,45,17:45:00,Afternoon,,,,,,,,,,,,,,,
574582,84279P,CHERRY BLOSSOM  DECORATIVE FLASK,-104,2011-11-04 17:46:00,0.0,,United Kingdom,check,True,False,False,True,True,-0.0,2011,11,2011-11,2011Q4,17,46,17:46:00,Afternoon,,,,,,,,,,,,,,,
574583,22892,SET OF SALT AND PEPPER TOADSTOOLS,-62,2011-11-04 17:46:00,0.0,,United Kingdom,check,True,False,False,True,True,-0.0,2011,11,2011-11,2011Q4,17,46,17:46:00,Afternoon,,,,,,,,,,,,,,,
574757,72802C,VANILLA SCENT CANDLE JEWELLED BOX,-54,2011-11-07 10:08:00,0.0,,United Kingdom,damages,True,False,False,True,True,-0.0,2011,11,2011-11,2011Q4,10,8,10:08:00,Morning,,,,,,,,,,,,,,,
574816,85036C,ROSE 1 WICK MORRIS BOXED CANDLE,-1560,2011-11-07 10:37:00,0.0,,United Kingdom,damages wax,True,False,False,True,True,-0.0,2011,11,2011-11,2011Q4,10,37,10:37:00,Morning,,,,,,,,,,,,,,,
574822,85036B,CHOCOLATE 1 WICK MORRIS BOX CANDLE,-1284,2011-11-07 10:38:00,0.0,,United Kingdom,damages wax,True,False,False,True,True,-0.0,2011,11,2011-11,2011Q4,10,38,10:38:00,Morning,,,,,,,,,,,,,,,
574905,85017B,ENVELOPE 50 BLOSSOM IMAGES,-22,2011-11-07 15:28:00,0.0,,United Kingdom,,True,False,False,True,True,-0.0,2011,11,2011-11,2011Q4,15,28,15:28:00,Afternoon,,,,,,,,,,,,,,,
574906,85034A,3 GARDENIA MORRIS BOXED CANDLES,-81,2011-11-07 15:30:00,0.0,,United Kingdom,damaged,True,False,False,True,True,-0.0,2011,11,2011-11,2011Q4,15,30,15:30:00,Afternoon,,,,,,,,,,,,,,,
575048,84665,SQUARE CHERRY BLOSSOM CABINET,-15,2011-11-08 12:12:00,0.0,,United Kingdom,water damaged,True,False,False,True,True,-0.0,2011,11,2011-11,2011Q4,12,12,12:12:00,Morning,,,,,,,,,,,,,,,
575287,84508A,CAMOUFLAGE DESIGN TEDDY,-39,2011-11-09 12:15:00,0.0,,United Kingdom,check,True,False,False,True,True,-0.0,2011,11,2011-11,2011Q4,12,15,12:15:00,Morning,,,,,,,,,,,,,,,
575386,20977,36 PENCILS TUBE WOODLAND,-16,2011-11-09 15:22:00,0.0,,United Kingdom,,True,False,False,True,True,-0.0,2011,11,2011-11,2011Q4,15,22,15:22:00,Afternoon,,,,,,,,,,,,,,,
575503,35933,PINK STOCKING CHRISTMAS DECORATION,-2,2011-11-10 10:19:00,0.0,,United Kingdom,,True,False,False,True,True,-0.0,2011,11,2011-11,2011Q4,10,19,10:19:00,Morning,,,,,,,,,,,,,,,
575613,23118,PARISIENNE JEWELLERY DRAWER ,-6,2011-11-10 12:47:00,0.0,,United Kingdom,check,True,False,False,True,True,-0.0,2011,11,2011-11,2011Q4,12,47,12:47:00,Morning,,,,,,,,,,,,,,,
575614,22121,NOEL WOODEN BLOCK LETTERS ,-10,2011-11-10 12:48:00,0.0,,United Kingdom,check,True,False,False,True,True,-0.0,2011,11,2011-11,2011Q4,12,48,12:48:00,Morning,,,,,,,,,,,,,,,
575615,82582,AREA PATROLLED METAL SIGN,-130,2011-11-10 12:51:00,0.0,,United Kingdom,??,True,False,False,True,True,-0.0,2011,11,2011-11,2011Q4,12,51,12:51:00,Morning,,,,,,,,,,,,,,,
575617,21014,SWISS CHALET TREE DECORATION ,-90,2011-11-10 12:53:00,0.0,,United Kingdom,check,True,False,False,True,True,-0.0,2011,11,2011-11,2011Q4,12,53,12:53:00,Morning,,,,,,,,,,,,,,,
575625,35972,DAISY FOLKART HEART DECORATION,-3,2011-11-10 13:20:00,0.0,,United Kingdom,check,True,False,False,True,True,-0.0,2011,11,2011-11,2011Q4,13,20,13:20:00,Afternoon,,,,,,,,,,,,,,,
575704,21843,RED RETROSPOT CAKE STAND,-63,2011-11-10 17:00:00,0.0,,United Kingdom,smashed,True,False,False,True,True,-0.0,2011,11,2011-11,2011Q4,17,0,17:00:00,Afternoon,,,,,,,,,,,,,,,
575714,85125,SMALL ROUND CUT GLASS CANDLESTICK,-64,2011-11-10 17:55:00,0.0,,United Kingdom,check,True,False,False,True,True,-0.0,2011,11,2011-11,2011Q4,17,55,17:55:00,Afternoon,,,,,,,,,,,,,,,
575715,72802B,OCEAN SCENT CANDLE IN JEWELLED BOX,-36,2011-11-10 17:58:00,0.0,,United Kingdom,check,True,False,False,True,True,-0.0,2011,11,2011-11,2011Q4,17,58,17:58:00,Afternoon,,,,,,,,,,,,,,,
575716,72802C,VANILLA SCENT CANDLE JEWELLED BOX,-21,2011-11-10 18:00:00,0.0,,United Kingdom,check,True,False,False,True,True,-0.0,2011,11,2011-11,2011Q4,18,0,18:00:00,Afternoon,,,,,,,,,,,,,,,
575717,85175,CACTI T-LIGHT CANDLES,-42,2011-11-10 18:02:00,0.0,,United Kingdom,check,True,False,False,True,True,-0.0,2011,11,2011-11,2011Q4,18,2,18:02:00,Afternoon,,,,,,,,,,,,,,,
575720,21817,GLITTER CHRISTMAS TREE,-8,2011-11-10 18:09:00,0.0,,United Kingdom,check,True,False,False,True,True,-0.0,2011,11,2011-11,2011Q4,18,9,18:09:00,Afternoon,,,,,,,,,,,,,,,
575721,22804,CANDLEHOLDER PINK HANGING HEART,-256,2011-11-10 18:19:00,0.0,,United Kingdom,Wrongly mrked had 85123a in box,True,False,False,True,True,-0.0,2011,11,2011-11,2011Q4,18,19,18:19:00,Afternoon,,,,,,,,,,,,,,,
575722,85123A,WHITE HANGING HEART T-LIGHT HOLDER,-256,2011-11-10 18:20:00,0.0,,United Kingdom,wrongly marked carton 22804,True,False,False,True,True,-0.0,2011,11,2011-11,2011Q4,18,20,18:20:00,Afternoon,,,,,,,,,,,,,,,
575907,22268,DECORATION SITTING BUNNY,-10,2011-11-11 15:52:00,0.0,,United Kingdom,check,True,False,False,True,True,-0.0,2011,11,2011-11,2011Q4,15,52,15:52:00,Afternoon,,,,,,,,,,,,,,,
575909,20711,JUMBO BAG TOYS ,-220,2011-11-11 16:02:00,0.0,,United Kingdom,check,True,False,False,True,True,-0.0,2011,11,2011-11,2011Q4,16,2,16:02:00,Afternoon,,,,,,,,,,,,,,,
575912,22943,CHRISTMAS LIGHTS 10 VINTAGE BAUBLES,-7,2011-11-11 16:20:00,0.0,,United Kingdom,check,True,False,False,True,True,-0.0,2011,11,2011-11,2011Q4,16,20,16:20:00,Afternoon,,,,,,,,,,,,,,,
576185,22575,METAL MERRY CHRISTMAS WREATH,-130,2011-11-14 11:25:00,0.0,,United Kingdom,missing?,True,False,False,True,True,-0.0,2011,11,2011-11,2011Q4,11,25,11:25:00,Morning,,,,,,,,,,,,,,,
576193,22827,RUSTIC  SEVENTEEN DRAWER SIDEBOARD,-8,2011-11-14 11:57:00,0.0,,United Kingdom,,True,False,False,True,True,-0.0,2011,11,2011-11,2011Q4,11,57,11:57:00,Morning,,,,,,,,,,,,,,,
576250,71279,PINK GLASS CANDLEHOLDER,-74,2011-11-14 13:50:00,0.0,,United Kingdom,damages,True,False,False,True,True,-0.0,2011,11,2011-11,2011Q4,13,50,13:50:00,Afternoon,,,,,,,,,,,,,,,
576366,23072,MARIE ANTOINETTE TRINKET BOX SILVER,-50,2011-11-14 18:30:00,0.0,,United Kingdom,damages,True,False,False,True,True,-0.0,2011,11,2011-11,2011Q4,18,30,18:30:00,Afternoon,,,,,,,,,,,,,,,
576367,23071,MARIE ANTOINETTE TRINKET BOX GOLD,-65,2011-11-14 18:31:00,0.0,,United Kingdom,damages,True,False,False,True,True,-0.0,2011,11,2011-11,2011Q4,18,31,18:31:00,Afternoon,,,,,,,,,,,,,,,
576368,21135,VICTORIAN  METAL POSTCARD SPRING,-864,2011-11-14 18:33:00,0.0,,United Kingdom,wet rusty,True,False,False,True,True,-0.0,2011,11,2011-11,2011Q4,18,33,18:33:00,Afternoon,,,,,,,,,,,,,,,
576369,21135,VICTORIAN  METAL POSTCARD SPRING,-288,2011-11-14 18:35:00,0.0,,United Kingdom,wet rusty,True,False,False,True,True,-0.0,2011,11,2011-11,2011Q4,18,35,18:35:00,Afternoon,,,,,,,,,,,,,,,
576407,47590B,PINK HAPPY BIRTHDAY BUNTING,-57,2011-11-15 11:18:00,0.0,,United Kingdom,check,True,False,False,True,True,-0.0,2011,11,2011-11,2011Q4,11,18,11:18:00,Morning,,,,,,,,,,,,,,,
576410,71038,WHITE HANGING BEADS CANDLE HOLDER,-16,2011-11-15 11:20:00,0.0,,United Kingdom,check,True,False,False,True,True,-0.0,2011,11,2011-11,2011Q4,11,20,11:20:00,Morning,,,,,,,,,,,,,,,
576411,85111,SILVER GLITTER FLOWER VOTIVE HOLDER,-117,2011-11-15 11:20:00,0.0,,United Kingdom,check,True,False,False,True,True,-0.0,2011,11,2011-11,2011Q4,11,20,11:20:00,Morning,,,,,,,,,,,,,,,
576413,17012C,ORIGAMI LAVENDER INCENSE/CANDL SET ,-22,2011-11-15 11:21:00,0.0,,United Kingdom,check,True,False,False,True,True,-0.0,2011,11,2011-11,2011Q4,11,21,11:21:00,Morning,,,,,,,,,,,,,,,
576415,17012B,ORIGAMI JASMINE INCENSE/CANDLE SET,-2,2011-11-15 11:22:00,0.0,,United Kingdom,,True,False,False,True,True,-0.0,2011,11,2011-11,2011Q4,11,22,11:22:00,Morning,,,,,,,,,,,,,,,
576419,85036B,CHOCOLATE 1 WICK MORRIS BOX CANDLE,-23,2011-11-15 11:23:00,0.0,,United Kingdom,check,True,False,False,True,True,-0.0,2011,11,2011-11,2011Q4,11,23,11:23:00,Morning,,,,,,,,,,,,,,,
576424,85036C,ROSE 1 WICK MORRIS BOXED CANDLE,-4,2011-11-15 11:24:00,0.0,,United Kingdom,check,True,False,False,True,True,-0.0,2011,11,2011-11,2011Q4,11,24,11:24:00,Morning,,,,,,,,,,,,,,,
576436,22943,CHRISTMAS LIGHTS 10 VINTAGE BAUBLES,-26,2011-11-15 11:27:00,0.0,,United Kingdom,check,True,False,False,True,True,-0.0,2011,11,2011-11,2011Q4,11,27,11:27:00,Morning,,,,,,,,,,,,,,,
576473,21868,POTTING SHED TEA MUG,-108,2011-11-15 11:40:00,0.0,,United Kingdom,,True,False,False,True,True,-0.0,2011,11,2011-11,2011Q4,11,40,11:40:00,Morning,,,,,,,,,,,,,,,
576566,21830,ASSORTED CREEPY CRAWLIES,-186,2011-11-15 13:39:00,0.0,,United Kingdom,,True,False,False,True,True,-0.0,2011,11,2011-11,2011Q4,13,39,13:39:00,Afternoon,,,,,,,,,,,,,,,
576569,47504K,ENGLISH ROSE GARDEN SECATEURS,-21,2011-11-15 13:45:00,0.0,,United Kingdom,,True,False,False,True,True,-0.0,2011,11,2011-11,2011Q4,13,45,13:45:00,Afternoon,,,,,,,,,,,,,,,
576578,22412,METAL SIGN NEIGHBOURHOOD WITCH ,-37,2011-11-15 14:05:00,0.0,,United Kingdom,,True,False,False,True,True,-0.0,2011,11,2011-11,2011Q4,14,5,14:05:00,Afternoon,,,,,,,,,,,,,,,
576580,22034,ROBIN CHRISTMAS CARD,-5,2011-11-15 14:15:00,0.0,,United Kingdom,,True,False,False,True,True,-0.0,2011,11,2011-11,2011Q4,14,15,14:15:00,Afternoon,,,,,,,,,,,,,,,
576674,21823,PAINTED METAL HEART WITH HOLLY BELL,-6,2011-11-16 12:00:00,0.0,,United Kingdom,damaged,True,False,False,True,True,-0.0,2011,11,2011-11,2011Q4,12,0,12:00:00,Morning,,,,,,,,,,,,,,,
576762,21744,SNOWFLAKE PORTABLE TABLE LIGHT ,-21,2011-11-16 13:08:00,0.0,,United Kingdom,check,True,False,False,True,True,-0.0,2011,11,2011-11,2011Q4,13,8,13:08:00,Afternoon,,,,,,,,,,,,,,,
576763,23035,DRAWER KNOB CERAMIC IVORY,-64,2011-11-16 13:09:00,0.0,,United Kingdom,check,True,False,False,True,True,-0.0,2011,11,2011-11,2011Q4,13,9,13:09:00,Afternoon,,,,,,,,,,,,,,,
576764,16008,SMALL FOLDING SCISSOR(POINTED EDGE),-1510,2011-11-16 13:10:00,0.0,,United Kingdom,check,True,False,False,True,True,-0.0,2011,11,2011-11,2011Q4,13,10,13:10:00,Afternoon,,,,,,,,,,,,,,,
576765,22219,LOVEBIRD HANGING DECORATION WHITE ,-550,2011-11-16 13:11:00,0.0,,United Kingdom,???lost,True,False,False,True,True,-0.0,2011,11,2011-11,2011Q4,13,11,13:11:00,Afternoon,,,,,,,,,,,,,,,
576767,22339,CHRISTMAS TREE PAINTED ZINC ,-60,2011-11-16 13:12:00,0.0,,United Kingdom,check,True,False,False,True,True,-0.0,2011,11,2011-11,2011Q4,13,12,13:12:00,Afternoon,,,,,,,,,,,,,,,
576773,22181,SNOWSTORM PHOTO FRAME FRIDGE MAGNET,-92,2011-11-16 13:21:00,0.0,,United Kingdom,check,True,False,False,True,True,-0.0,2011,11,2011-11,2011Q4,13,21,13:21:00,Afternoon,,,,,,,,,,,,,,,
576776,21811,HANGING HEART WITH BELL,-240,2011-11-16 13:22:00,0.0,,United Kingdom,check,True,False,False,True,True,-0.0,2011,11,2011-11,2011Q4,13,22,13:22:00,Afternoon,,,,,,,,,,,,,,,
576835,21618,4 WILDFLOWER BOTANICAL CANDLES,-2,2011-11-16 15:10:00,0.0,,United Kingdom,,True,False,False,True,True,-0.0,2011,11,2011-11,2011Q4,15,10,15:10:00,Afternoon,,,,,,,,,,,,,,,
576839,35818B,"ACRYLIC JEWEL ICICLE, BLUE",-22,2011-11-16 15:21:00,0.0,,United Kingdom,adjustment,True,False,False,True,True,-0.0,2011,11,2011-11,2011Q4,15,21,15:21:00,Afternoon,,,,,,,,,,,,,,,
576843,10133,COLOURING PENCILS BROWN TUBE,-82,2011-11-16 15:32:00,0.0,,United Kingdom,damaged,True,False,False,True,True,-0.0,2011,11,2011-11,2011Q4,15,32,15:32:00,Afternoon,,,,,,,,,,,,,,,
577111,22587,FELTCRAFT HAIRBAND RED AND BLUE,-41,2011-11-17 17:55:00,0.0,,United Kingdom,check,True,False,False,True,True,-0.0,2011,11,2011-11,2011Q4,17,55,17:55:00,Afternoon,,,,,,,,,,,,,,,
577112,22586,FELTCRAFT HAIRBAND PINK AND BLUE,-30,2011-11-17 17:55:00,0.0,,United Kingdom,check,True,False,False,True,True,-0.0,2011,11,2011-11,2011Q4,17,55,17:55:00,Afternoon,,,,,,,,,,,,,,,
577113,22271,FELTCRAFT DOLL ROSIE,-43,2011-11-17 17:58:00,0.0,,United Kingdom,check,True,False,False,True,True,-0.0,2011,11,2011-11,2011Q4,17,58,17:58:00,Afternoon,,,,,,,,,,,,,,,
577114,21786,POLKADOT RAIN HAT ,-209,2011-11-17 17:59:00,0.0,,United Kingdom,check,True,False,False,True,True,-0.0,2011,11,2011-11,2011Q4,17,59,17:59:00,Afternoon,,,,,,,,,,,,,,,
577115,85035C,ROSE 3 WICK MORRIS BOX CANDLE,-24,2011-11-17 18:02:00,0.0,,United Kingdom,check,True,False,False,True,True,-0.0,2011,11,2011-11,2011Q4,18,2,18:02:00,Afternoon,,,,,,,,,,,,,,,
577116,21165,BEWARE OF THE CAT METAL SIGN ,-28,2011-11-17 18:04:00,0.0,,United Kingdom,check,True,False,False,True,True,-0.0,2011,11,2011-11,2011Q4,18,4,18:04:00,Afternoon,,,,,,,,,,,,,,,
577118,22286,DECORATION WOBBLY RABBIT METAL ,-47,2011-11-17 18:05:00,0.0,,United Kingdom,check,True,False,False,True,True,-0.0,2011,11,2011-11,2011Q4,18,5,18:05:00,Afternoon,,,,,,,,,,,,,,,
577119,22778,GLASS CLOCHE SMALL,-10,2011-11-17 18:08:00,0.0,,United Kingdom,check,True,False,False,True,True,-0.0,2011,11,2011-11,2011Q4,18,8,18:08:00,Afternoon,,,,,,,,,,,,,,,
577120,20752,BLUE POLKADOT WASHING UP GLOVES,-10,2011-11-17 18:09:00,0.0,,United Kingdom,check,True,False,False,True,True,-0.0,2011,11,2011-11,2011Q4,18,9,18:09:00,Afternoon,,,,,,,,,,,,,,,
577122,23348,CHILDRENS TOY COOKING UTENSIL SET,-57,2011-11-17 18:33:00,0.0,,United Kingdom,sold with wrong barcode,True,False,False,True,True,-0.0,2011,11,2011-11,2011Q4,18,33,18:33:00,Afternoon,,,,,,,,,,,,,,,
577123,23288,GREEN VINTAGE SPOT BEAKER,-63,2011-11-17 18:34:00,0.0,,United Kingdom,check,True,False,False,True,True,-0.0,2011,11,2011-11,2011Q4,18,34,18:34:00,Afternoon,,,,,,,,,,,,,,,
577124,22759,SET OF 3 NOTEBOOKS IN PARCEL,-327,2011-11-17 18:41:00,0.0,,United Kingdom,check,True,False,False,True,True,-0.0,2011,11,2011-11,2011Q4,18,41,18:41:00,Afternoon,,,,,,,,,,,,,,,
577304,20956,PORCELAIN T-LIGHT HOLDERS ASSORTED,-152,2011-11-18 13:04:00,0.0,,United Kingdom,check,True,False,False,True,True,-0.0,2011,11,2011-11,2011Q4,13,4,13:04:00,Afternoon,,,,,,,,,,,,,,,
577305,22946,WOODEN ADVENT CALENDAR CREAM,-21,2011-11-18 13:06:00,0.0,,United Kingdom,check,True,False,False,True,True,-0.0,2011,11,2011-11,2011Q4,13,6,13:06:00,Afternoon,,,,,,,,,,,,,,,
577307,16169E,WRAP 50'S  CHRISTMAS,-313,2011-11-18 13:06:00,0.0,,United Kingdom,check,True,False,False,True,True,-0.0,2011,11,2011-11,2011Q4,13,6,13:06:00,Afternoon,,,,,,,,,,,,,,,
577787,23055,IVORY CHANDELIER T-LIGHT HOLDER,-398,2011-11-21 16:28:00,0.0,,United Kingdom,rusty thrown away,True,False,False,True,True,-0.0,2011,11,2011-11,2011Q4,16,28,16:28:00,Afternoon,,,,,,,,,,,,,,,
577788,23056,FLOWERS CHANDELIER T-LIGHT HOLDER,-210,2011-11-21 16:28:00,0.0,,United Kingdom,rusty throw away,True,False,False,True,True,-0.0,2011,11,2011-11,2011Q4,16,28,16:28:00,Afternoon,,,,,,,,,,,,,,,
577789,23057,BEADED CHANDELIER T-LIGHT HOLDER,-280,2011-11-21 16:28:00,0.0,,United Kingdom,rusty throw away,True,False,False,True,True,-0.0,2011,11,2011-11,2011Q4,16,28,16:28:00,Afternoon,,,,,,,,,,,,,,,
577836,21888,BINGO SET,-57,2011-11-22 10:26:00,0.0,,United Kingdom,check,True,False,False,True,True,-0.0,2011,11,2011-11,2011Q4,10,26,10:26:00,Morning,,,,,,,,,,,,,,,
577999,21018,BIRD BOX CHRISTMAS TREE DECORATION,-63,2011-11-22 12:29:00,0.0,,United Kingdom,damaged,True,False,False,True,True,-0.0,2011,11,2011-11,2011Q4,12,29,12:29:00,Morning,,,,,,,,,,,,,,,
578095,23397,FOOT STOOL HOME SWEET HOME ,-9,2011-11-22 17:25:00,0.0,,United Kingdom,damaged,True,False,False,True,True,-0.0,2011,11,2011-11,2011Q4,17,25,17:25:00,Afternoon,,,,,,,,,,,,,,,
578145,22579,WOODEN TREE CHRISTMAS SCANDINAVIAN,-40,2011-11-23 11:07:00,0.0,,United Kingdom,dotcom,True,False,False,True,True,-0.0,2011,11,2011-11,2011Q4,11,7,11:07:00,Morning,,,,,,,,,,,,,,,
578245,22568,FELTCRAFT CUSHION OWL,-170,2011-11-23 12:37:00,0.0,,United Kingdom,?? missing,True,False,False,True,True,-0.0,2011,11,2011-11,2011Q4,12,37,12:37:00,Morning,,,,,,,,,,,,,,,
578327,72807A,SET/3 ROSE CANDLE IN JEWELLED BOX,-504,2011-11-23 17:55:00,0.0,,United Kingdom,wet pallet,True,False,False,True,True,-0.0,2011,11,2011-11,2011Q4,17,55,17:55:00,Afternoon,,,,,,,,,,,,,,,
578328,72807B,SET/3 OCEAN SCENT CANDLE JEWEL BOX,-696,2011-11-23 17:55:00,0.0,,United Kingdom,wet pallet,True,False,False,True,True,-0.0,2011,11,2011-11,2011Q4,17,55,17:55:00,Afternoon,,,,,,,,,,,,,,,
578329,72807C,SET/3 VANILLA SCENTED CANDLE IN BOX,-408,2011-11-23 17:56:00,0.0,,United Kingdom,wet pallet,True,False,False,True,True,-0.0,2011,11,2011-11,2011Q4,17,56,17:56:00,Afternoon,,,,,,,,,,,,,,,
578426,23131,MISTLETOE HEART WREATH CREAM,-12,2011-11-24 12:03:00,0.0,,United Kingdom,,True,False,False,True,True,-0.0,2011,11,2011-11,2011Q4,12,3,12:03:00,Morning,,,,,,,,,,,,,,,
578431,22579,WOODEN TREE CHRISTMAS SCANDINAVIAN,-18,2011-11-24 12:15:00,0.0,,United Kingdom,,True,False,False,True,True,-0.0,2011,11,2011-11,2011Q4,12,15,12:15:00,Morning,,,,,,,,,,,,,,,
578473,72807B,SET/3 OCEAN SCENT CANDLE JEWEL BOX,-101,2011-11-24 12:43:00,0.0,,United Kingdom,damages,True,False,False,True,True,-0.0,2011,11,2011-11,2011Q4,12,43,12:43:00,Morning,,,,,,,,,,,,,,,
578474,72807A,SET/3 ROSE CANDLE IN JEWELLED BOX,-56,2011-11-24 12:44:00,0.0,,United Kingdom,damages,True,False,False,True,True,-0.0,2011,11,2011-11,2011Q4,12,44,12:44:00,Morning,,,,,,,,,,,,,,,
578475,72807C,SET/3 VANILLA SCENTED CANDLE IN BOX,-149,2011-11-24 12:44:00,0.0,,United Kingdom,damages,True,False,False,True,True,-0.0,2011,11,2011-11,2011Q4,12,44,12:44:00,Morning,,,,,,,,,,,,,,,
578476,72807B,SET/3 OCEAN SCENT CANDLE JEWEL BOX,-124,2011-11-24 12:45:00,0.0,,United Kingdom,????missing,True,False,False,True,True,-0.0,2011,11,2011-11,2011Q4,12,45,12:45:00,Morning,,,,,,,,,,,,,,,
578477,72807A,SET/3 ROSE CANDLE IN JEWELLED BOX,-224,2011-11-24 12:45:00,0.0,,United Kingdom,???missing,True,False,False,True,True,-0.0,2011,11,2011-11,2011Q4,12,45,12:45:00,Morning,,,,,,,,,,,,,,,
578478,72807C,SET/3 VANILLA SCENTED CANDLE IN BOX,-428,2011-11-24 12:45:00,0.0,,United Kingdom,???missing,True,False,False,True,True,-0.0,2011,11,2011-11,2011Q4,12,45,12:45:00,Morning,,,,,,,,,,,,,,,
578524,22810,SET OF 6 T-LIGHTS SNOWMEN,-25,2011-11-24 14:20:00,0.0,,United Kingdom,check,True,False,False,True,True,-0.0,2011,11,2011-11,2011Q4,14,20,14:20:00,Afternoon,,,,,,,,,,,,,,,
578525,22152,PLACE SETTING WHITE STAR,-179,2011-11-24 14:21:00,0.0,,United Kingdom,check,True,False,False,True,True,-0.0,2011,11,2011-11,2011Q4,14,21,14:21:00,Afternoon,,,,,,,,,,,,,,,
578527,21819,GLITTER CHRISTMAS STAR ,-14,2011-11-24 14:24:00,0.0,,United Kingdom,check,True,False,False,True,True,-0.0,2011,11,2011-11,2011Q4,14,24,14:24:00,Afternoon,,,,,,,,,,,,,,,
578528,22601,CHRISTMAS RETROSPOT ANGEL WOOD,-20,2011-11-24 14:24:00,0.0,,United Kingdom,check,True,False,False,True,True,-0.0,2011,11,2011-11,2011Q4,14,24,14:24:00,Afternoon,,,,,,,,,,,,,,,
578529,22087,PAPER BUNTING WHITE LACE,-23,2011-11-24 14:29:00,0.0,,United Kingdom,,True,False,False,True,True,-0.0,2011,11,2011-11,2011Q4,14,29,14:29:00,Afternoon,,,,,,,,,,,,,,,
578733,21643,ASSORTED TUTTI FRUTTI MIRROR,-9,2011-11-25 11:32:00,0.0,,United Kingdom,damaged,True,False,False,True,True,-0.0,2011,11,2011-11,2011Q4,11,32,11:32:00,Morning,,,,,,,,,,,,,,,
578738,21638,ASSORTED TUTTI FRUTTI NOTEBOOK,-33,2011-11-25 11:33:00,0.0,,United Kingdom,,True,False,False,True,True,-0.0,2011,11,2011-11,2011Q4,11,33,11:33:00,Morning,,,,,,,,,,,,,,,
578837,35833P,4 PINK FLOCK CHRISTMAS BALLS,-24,2011-11-25 15:51:00,0.0,,United Kingdom,check,True,False,False,True,True,-0.0,2011,11,2011-11,2011Q4,15,51,15:51:00,Afternoon,,,,,,,,,,,,,,,
578838,21591,COSY HOUR CIGAR BOX MATCHES ,-267,2011-11-25 15:52:00,0.0,,United Kingdom,check,True,False,False,True,True,-0.0,2011,11,2011-11,2011Q4,15,52,15:52:00,Afternoon,,,,,,,,,,,,,,,
578839,22959,WRAP CHRISTMAS VILLAGE,-175,2011-11-25 15:52:00,0.0,,United Kingdom,check,True,False,False,True,True,-0.0,2011,11,2011-11,2011Q4,15,52,15:52:00,Afternoon,,,,,,,,,,,,,,,
578840,22142,CHRISTMAS CRAFT WHITE FAIRY ,-70,2011-11-25 15:54:00,0.0,,United Kingdom,check,True,False,False,True,True,-0.0,2011,11,2011-11,2011Q4,15,54,15:54:00,Afternoon,,,,,,,,,,,,,,,
579429,20711,JUMBO BAG TOYS ,-98,2011-11-29 13:04:00,0.0,,United Kingdom,lost in space,True,False,False,True,True,-0.0,2011,11,2011-11,2011Q4,13,4,13:04:00,Afternoon,,,,,,,,,,,,,,,
579460,21110,LARGE CAKE TOWEL PINK SPOTS,-151,2011-11-29 14:39:00,0.0,,United Kingdom,,True,False,False,True,True,-0.0,2011,11,2011-11,2011Q4,14,39,14:39:00,Afternoon,,,,,,,,,,,,,,,
579681,21615,4 LAVENDER BOTANICAL DINNER CANDLES,-26,2011-11-30 13:33:00,0.0,,United Kingdom,check,True,False,False,True,True,-0.0,2011,11,2011-11,2011Q4,13,33,13:33:00,Afternoon,,,,,,,,,,,,,,,
579682,85172,HYACINTH BULB T-LIGHT CANDLES,-145,2011-11-30 13:33:00,0.0,,United Kingdom,check,True,False,False,True,True,-0.0,2011,11,2011-11,2011Q4,13,33,13:33:00,Afternoon,,,,,,,,,,,,,,,
579683,21868,POTTING SHED TEA MUG,-28,2011-11-30 13:35:00,0.0,,United Kingdom,check,True,False,False,True,True,-0.0,2011,11,2011-11,2011Q4,13,35,13:35:00,Afternoon,,,,,,,,,,,,,,,
579688,21116,OWL DOORSTOP,-33,2011-11-30 13:51:00,0.0,,United Kingdom,,True,False,False,True,True,-0.0,2011,11,2011-11,2011Q4,13,51,13:51:00,Afternoon,,,,,,,,,,,,,,,
579691,47503A,ASS FLORAL PRINT MULTI SCREWDRIVER,-5,2011-11-30 14:05:00,0.0,,United Kingdom,,True,False,False,True,True,-0.0,2011,11,2011-11,2011Q4,14,5,14:05:00,Afternoon,,,,,,,,,,,,,,,
579731,35648,VINTAGE BEAD PINK PURSE ,-46,2011-11-30 14:23:00,0.0,,United Kingdom,check,True,False,False,True,True,-0.0,2011,11,2011-11,2011Q4,14,23,14:23:00,Afternoon,,,,,,,,,,,,,,,
579732,35648,VINTAGE BEAD PINK PURSE ,-10,2011-11-30 14:24:00,0.0,,United Kingdom,check,True,False,False,True,True,-0.0,2011,11,2011-11,2011Q4,14,24,14:24:00,Afternoon,,,,,,,,,,,,,,,
579733,84581,DOG TOY WITH PINK CROCHET SKIRT,-41,2011-11-30 14:24:00,0.0,,United Kingdom,check,True,False,False,True,True,-0.0,2011,11,2011-11,2011Q4,14,24,14:24:00,Afternoon,,,,,,,,,,,,,,,
579734,84859C,PINK DISCO HANDBAG,-153,2011-11-30 14:25:00,0.0,,United Kingdom,wet?,True,False,False,True,True,-0.0,2011,11,2011-11,2011Q4,14,25,14:25:00,Afternoon,,,,,,,,,,,,,,,
579735,21793,CLASSIC FRENCH STYLE BASKET BROWN,-40,2011-11-30 14:25:00,0.0,,United Kingdom,check,True,False,False,True,True,-0.0,2011,11,2011-11,2011Q4,14,25,14:25:00,Afternoon,,,,,,,,,,,,,,,
579742,85204,HANGING WOOD AND FELT FLOWER,-1131,2011-11-30 14:34:00,0.0,,United Kingdom,lost??,True,False,False,True,True,-0.0,2011,11,2011-11,2011Q4,14,34,14:34:00,Afternoon,,,,,,,,,,,,,,,
579743,21810,CHRISTMAS HANGING STAR WITH BELL,-135,2011-11-30 14:36:00,0.0,,United Kingdom,check,True,False,False,True,True,-0.0,2011,11,2011-11,2011Q4,14,36,14:36:00,Afternoon,,,,,,,,,,,,,,,
579745,22043,CHRISTMAS CARD SCREEN PRINT ,-40,2011-11-30 14:39:00,0.0,,United Kingdom,check,True,False,False,True,True,-0.0,2011,11,2011-11,2011Q4,14,39,14:39:00,Afternoon,,,,,,,,,,,,,,,
579755,84912B,GREEN ROSE WASHBAG,-14,2011-11-30 14:54:00,0.0,,United Kingdom,damaged,True,False,False,True,True,-0.0,2011,11,2011-11,2011Q4,14,54,14:54:00,Afternoon,,,,,,,,,,,,,,,
580087,84341B,SMALL PINK MAGIC CHRISTMAS TREE,-2,2011-12-01 14:27:00,0.0,,United Kingdom,,True,False,False,True,True,-0.0,2011,12,2011-12,2011Q4,14,27,14:27:00,Afternoon,,,,,,,,,,,,,,,
580218,22577,WOODEN HEART CHRISTMAS SCANDINAVIAN,-300,2011-12-02 12:12:00,0.0,,United Kingdom,check,True,False,False,True,True,-0.0,2011,12,2011-12,2011Q4,12,12,12:12:00,Morning,,,,,,,,,,,,,,,
580359,20775,DAISY NOTEBOOK ,-35,2011-12-02 16:11:00,0.0,,United Kingdom,,True,False,False,True,True,-0.0,2011,12,2011-12,2011Q4,16,11,16:11:00,Afternoon,,,,,,,,,,,,,,,
580377,84609,TALL ROCOCO CANDLE HOLDER,-29,2011-12-02 17:52:00,0.0,,United Kingdom,damages,True,False,False,True,True,-0.0,2011,12,2011-12,2011Q4,17,52,17:52:00,Afternoon,,,,,,,,,,,,,,,
580378,22792,FLUTED ANTIQUE CANDLE HOLDER,-73,2011-12-02 17:56:00,0.0,,United Kingdom,damages,True,False,False,True,True,-0.0,2011,12,2011-12,2011Q4,17,56,17:56:00,Afternoon,,,,,,,,,,,,,,,
580379,72225C,LAVENDER SCENT CAKE CANDLE,-144,2011-12-02 17:57:00,0.0,,United Kingdom,,True,False,False,True,True,-0.0,2011,12,2011-12,2011Q4,17,57,17:57:00,Afternoon,,,,,,,,,,,,,,,
580380,21620,SET OF 4 ROSE BOTANICAL CANDLES,-20,2011-12-02 17:58:00,0.0,,United Kingdom,check,True,False,False,True,True,-0.0,2011,12,2011-12,2011Q4,17,58,17:58:00,Afternoon,,,,,,,,,,,,,,,
580381,21758,VINTAGE SHELLS PRINT,-9,2011-12-02 17:58:00,0.0,,United Kingdom,,True,False,False,True,True,-0.0,2011,12,2011-12,2011Q4,17,58,17:58:00,Afternoon,,,,,,,,,,,,,,,
580382,16045,POPART WOODEN PENCILS ASST,-900,2011-12-02 17:59:00,0.0,,United Kingdom,check,True,False,False,True,True,-0.0,2011,12,2011-12,2011Q4,17,59,17:59:00,Afternoon,,,,,,,,,,,,,,,
580383,20652,BLUE POLKADOT LUGGAGE TAG ,-37,2011-12-02 17:59:00,0.0,,United Kingdom,check,True,False,False,True,True,-0.0,2011,12,2011-12,2011Q4,17,59,17:59:00,Afternoon,,,,,,,,,,,,,,,
580546,23406,HOME SWEET HOME KEY HOLDER,-21,2011-12-05 09:27:00,0.0,,United Kingdom,CHECK,True,False,False,True,True,-0.0,2011,12,2011-12,2011Q4,9,27,09:27:00,Morning,,,,,,,,,,,,,,,
580547,21201,TROPICAL  HONEYCOMB PAPER GARLAND ,-390,2011-12-05 09:29:00,0.0,,United Kingdom,???,True,False,False,True,True,-0.0,2011,12,2011-12,2011Q4,9,29,09:29:00,Morning,,,,,,,,,,,,,,,
580561,22043,CHRISTMAS CARD SCREEN PRINT ,-9,2011-12-05 10:25:00,0.0,,United Kingdom,dotcom,True,False,False,True,True,-0.0,2011,12,2011-12,2011Q4,10,25,10:25:00,Morning,,,,,,,,,,,,,,,
580990,21109,LARGE CAKE TOWEL CHOCOLATE SPOTS,-48,2011-12-06 16:54:00,0.0,,United Kingdom,wet,True,False,False,True,True,-0.0,2011,12,2011-12,2011Q4,16,54,16:54:00,Afternoon,,,,,,,,,,,,,,,
580991,22481,BLACK TEA TOWEL CLASSIC DESIGN,-288,2011-12-06 16:55:00,0.0,,United Kingdom,wet boxes,True,False,False,True,True,-0.0,2011,12,2011-12,2011Q4,16,55,16:55:00,Afternoon,,,,,,,,,,,,,,,
581190,84801A,PINK HYDRANGEA ART FLOWER,-102,2011-12-07 16:55:00,0.0,,United Kingdom,check,True,False,False,True,True,-0.0,2011,12,2011-12,2011Q4,16,55,16:55:00,Afternoon,,,,,,,,,,,,,,,
581198,22025,RING OF ROSES BIRTHDAY CARD,-30,2011-12-07 18:26:00,0.0,,United Kingdom,check,True,False,False,True,True,-0.0,2011,12,2011-12,2011Q4,18,26,18:26:00,Afternoon,,,,,,,,,,,,,,,
581199,84581,DOG TOY WITH PINK CROCHET SKIRT,-2,2011-12-07 18:26:00,0.0,,United Kingdom,,True,False,False,True,True,-0.0,2011,12,2011-12,2011Q4,18,26,18:26:00,Afternoon,,,,,,,,,,,,,,,
581200,84508C,BLUE CIRCLES DESIGN TEDDY,-21,2011-12-07 18:27:00,0.0,,United Kingdom,check,True,False,False,True,True,-0.0,2011,12,2011-12,2011Q4,18,27,18:27:00,Afternoon,,,,,,,,,,,,,,,
581201,22217,T-LIGHT HOLDER HANGING LACE,-155,2011-12-07 18:30:00,0.0,,United Kingdom,damages?,True,False,False,True,True,-0.0,2011,12,2011-12,2011Q4,18,30,18:30:00,Afternoon,,,,,,,,,,,,,,,
581204,85104,SILVER GLASS T-LIGHT SET,-355,2011-12-07 18:32:00,0.0,,United Kingdom,????damages????,True,False,False,True,True,-0.0,2011,12,2011-12,2011Q4,18,32,18:32:00,Afternoon,,,,,,,,,,,,,,,
581205,20893,HANGING BAUBLE T-LIGHT HOLDER SMALL,-55,2011-12-07 18:32:00,0.0,,United Kingdom,damages,True,False,False,True,True,-0.0,2011,12,2011-12,2011Q4,18,32,18:32:00,Afternoon,,,,,,,,,,,,,,,
581206,21693,SMALL HAMMERED SILVER CANDLEPOT ,-87,2011-12-07 18:34:00,0.0,,United Kingdom,mixed up,True,False,False,True,True,-0.0,2011,12,2011-12,2011Q4,18,34,18:34:00,Afternoon,,,,,,,,,,,,,,,
581207,21688,SILVER PLATE CANDLE BOWL SMALL,-337,2011-12-07 18:34:00,0.0,,United Kingdom,mixed up,True,False,False,True,True,-0.0,2011,12,2011-12,2011Q4,18,34,18:34:00,Afternoon,,,,,,,,,,,,,,,
581208,72801C,4 ROSE PINK DINNER CANDLES,-10,2011-12-07 18:35:00,0.0,,United Kingdom,check,True,False,False,True,True,-0.0,2011,12,2011-12,2011Q4,18,35,18:35:00,Afternoon,,,,,,,,,,,,,,,
581210,23395,BELLE JARDINIERE CUSHION COVER,-26,2011-12-07 18:36:00,0.0,,United Kingdom,check,True,False,False,True,True,-0.0,2011,12,2011-12,2011Q4,18,36,18:36:00,Afternoon,,,,,,,,,,,,,,,
581212,22578,WOODEN STAR CHRISTMAS SCANDINAVIAN,-1050,2011-12-07 18:38:00,0.0,,United Kingdom,lost,True,False,False,True,True,-0.0,2011,12,2011-12,2011Q4,18,38,18:38:00,Afternoon,,,,,,,,,,,,,,,
581213,22576,SWALLOW WOODEN CHRISTMAS DECORATION,-30,2011-12-07 18:38:00,0.0,,United Kingdom,check,True,False,False,True,True,-0.0,2011,12,2011-12,2011Q4,18,38,18:38:00,Afternoon,,,,,,,,,,,,,,,
581226,23090,VINTAGE GLASS T-LIGHT HOLDER,-338,2011-12-08 09:56:00,0.0,,United Kingdom,missing,True,False,False,True,True,-0.0,2011,12,2011-12,2011Q4,9,56,09:56:00,Morning,,,,,,,,,,,,,,,
581422,23169,CLASSIC GLASS COOKIE JAR,-235,2011-12-08 15:24:00,0.0,,United Kingdom,smashed,True,False,False,True,True,-0.0,2011,12,2011-12,2011Q4,15,24,15:24:00,Afternoon,,,,,,,,,,,,,,,
